1   2   11   47.89
1   2   12   63.11
1   2   13   71.67
1   2   14   72.37
1   2   15   74.25
1   2   16   82.68
1   2   17   82.48
1   3   11   20.5
1   3   12   44.15
1   3   13   61.03
1   3   14   73.67
1   3   15   82.63
1   3   16   91.09
1   3   17   95.66
1   3   18   89.68
1   4   11   25.32
1   4   12   38.16
1   4   13   50.97
1   4   14   68.37
1   4   15   79.57
1   4   16   84.14
1   4   17   94.37
1   4   18   97.62
1   5   14   25.33
1   5   15   55.86
1   5   16   63.06
1   5   17   54.21
1   46   8   46.45
1   46   9   60.71
1   46   10   51.81
1   46   11   5.55
1   47   7   31.51
1   47   8   69.99
1   47   9   81.44
1   47   10   86.36
1   47   11   73.32
1   47   12   46.43
1   48   7   24.07
1   48   8   46.63
1   48   9   63.8
1   48   10   74.85
1   48   11   68.31
1   48   12   33.43
1   49   4   25.46
1   49   5   44.16
1   49   6   53.62
1   49   7   61.37
1   49   8   69.05
1   49   9   74.89
1   49   10   71.33
1   49   11   50.04
1   50   3   20.11
1   50   4   39.04
1   50   5   54.31
1   50   6   66.28
1   50   7   74.27
1   50   8   81.85
1   50   9   88.32
1   50   10   87.35
1   50   11   74.97
1   50   12   42.53
1   51   3   2.59
1   51   4   26.07
1   51   5   41.82
1   51   6   55.23
1   51   7   66.76
1   51   8   78.49
1   51   9   90.88
1   51   10   103.3
1   51   11   109.21
1   51   12   98.1
1   51   13   49.26
1   52   3   17.56
1   52   4   37.82
1   52   5   52.12
1   52   6   64.03
1   52   7   75.74
1   52   8   87.37
1   52   9   98.3
1   52   10   106.23
1   52   11   109.6
1   52   12   109.15
1   52   13   85.48
1   53   3   20.17
1   53   4   37.06
1   53   5   46.96
1   53   6   56.35
1   53   7   67.77
1   53   8   82.21
1   53   9   92.68
1   53   10   96.48
1   53   11   95.29
1   53   12   79.47
1   53   29   1.48
1   53   30   31.56
1   53   31   38.58
1   54   3   5.88
1   54   4   22.01
1   54   5   29.36
1   54   6   44.47
1   54   7   60
1   54   8   73.13
1   54   9   76.95
1   54   10   70.41
1   54   11   60.14
1   54   31   22.97
1   55   3   1.81
1   55   5   22.25
1   55   6   50.06
1   55   7   65.98
1   55   8   71.71
1   55   9   69.65
1   55   10   59.18
1   55   11   27.07
1   56   3   0.78
1   56   4   5.84
1   56   5   31.54
1   56   6   51.17
1   56   7   60.53
1   56   8   65.99
1   56   9   67.06
1   56   10   58.2
1   56   11   33.43
1   57   4   6.54
1   57   5   26.8
1   57   6   43.2
1   57   7   50.8
1   57   8   39.79
1   57   9   9.87
1   58   6   26.84
1   58   7   40.26
1   58   8   23.2
1   59   5   12.79
1   59   6   25.63
1   59   7   27.85
1   60   5   23.92
1   60   6   7.28
1   61   5   24.66
1   62   5   2.96
1   87   17   23.87
1   87   18   59.6
1   87   19   81.1
1   87   20   91.22
1   87   21   91.38
1   87   22   93.43
1   87   23   89.92
1   87   24   71.91
1   87   25   59.5
1   87   26   40.19
1   88   16   7.9
1   88   17   30.58
1   88   18   44.45
1   88   19   60.02
1   88   20   78.11
1   88   21   96.01
1   88   22   111.69
1   88   23   124.57
1   88   24   135.12
1   88   25   143.96
1   88   26   151.03
1   88   27   152.39
1   88   28   136.19
1   88   29   42.5
1   89   18   23.54
1   89   19   48.01
1   89   20   68.13
1   89   21   86.15
1   89   22   102.57
1   89   23   117.13
1   89   24   130.95
1   89   25   143.29
1   89   26   153.69
1   89   27   157.05
1   89   28   145.68
1   89   29   128.24
1   90   20   37
1   90   21   64.66
1   90   22   88.85
1   90   23   108.18
1   90   24   123.14
1   90   25   134.89
1   90   26   143.85
1   90   27   146.51
1   90   28   149.02
1   91   21   36.68
1   91   22   71.97
1   91   23   99.28
1   91   24   120.71
1   91   25   131.04
1   91   26   119.11
1   91   27   82.25
1   92   21   16.43
1   92   22   63.01
1   92   23   84.74
1   92   24   89.35
1   92   25   78.43
1   92   26   44.64
1   93   23   38.39
1   93   24   64.12
1   93   25   52.37
1   98   11   47.89
1   98   12   63.11
1   98   13   71.67
1   98   14   72.37
1   98   15   74.25
1   98   16   82.68
1   98   17   82.48
1   99   11   20.5
1   99   12   44.15
1   99   13   61.03
1   99   14   73.67
1   99   15   82.63
1   99   16   91.09
1   99   17   95.66
1   99   18   89.68
1   100   11   25.32
1   100   12   38.16
1   100   13   50.97
1   100   14   68.37
1   100   15   79.57
1   100   16   84.14
1   100   17   94.37
1   100   18   97.62
2   1   11   22.84
2   1   12   36.51
2   1   13   42.94
2   1   14   53.58
2   1   15   55.61
2   1   16   36
2   2   10   42.91
2   2   11   61.55
2   2   12   74
2   2   13   84.2
2   2   14   92.88
2   2   15   98.5
2   2   16   97.11
2   2   17   76.45
2   3   9   20.07
2   3   10   32.78
2   3   11   42.34
2   3   12   53.19
2   3   13   65.67
2   3   14   78.83
2   3   15   92.31
2   3   16   97.68
2   3   17   85.72
2   3   18   14.73
2   4   11   18.62
2   4   12   35.18
2   4   13   50.31
2   4   14   66.42
2   4   15   83.8
2   4   16   93.71
2   4   17   91.07
2   4   18   46.32
2   5   13   7.03
2   5   14   24.77
2   5   15   58.83
2   5   16   50.29
2   46   8   36.35
2   46   9   41.73
2   46   10   28.01
2   47   7   51.01
2   47   8   71.54
2   47   9   80.78
2   47   10   85.25
2   47   11   76.15
2   47   12   36.08
2   48   7   28.32
2   48   8   46.41
2   48   9   61.45
2   48   10   74.85
2   48   11   78.92
2   48   12   75.01
2   49   4   20.93
2   49   5   38.61
2   49   6   47.05
2   49   7   52.83
2   49   8   56.88
2   49   9   59.58
2   49   10   58.99
2   49   11   53.01
2   49   12   45.23
2   49   13   9.54
2   50   3   17.71
2   50   4   33.18
2   50   5   44.61
2   50   6   47.75
2   50   7   47.29
2   50   8   47.91
2   50   9   50.49
2   50   10   48.05
2   50   11   35.05
2   50   12   9.83
2   51   5   17.07
2   51   6   23.57
2   51   7   27.94
2   51   8   36.08
2   51   9   44.92
2   51   10   44.01
2   51   11   21.09
2   52   4   20.92
2   52   5   40.26
2   52   6   50.28
2   52   7   56.17
2   52   8   62.18
2   52   9   71.48
2   52   10   68.12
2   52   11   36.51
2   52   12   6.13
2   53   3   9.01
2   53   4   32.64
2   53   5   44.88
2   53   6   57.91
2   53   7   71.58
2   53   8   81.2
2   53   9   90.26
2   53   10   82.8
2   54   3   1.23
2   54   6   5.59
2   54   7   40.13
2   54   8   70.21
2   54   9   85.41
2   54   10   71.17
2   55   8   19.97
2   55   9   24.56
2   59   21   1.03
2   59   22   23.81
2   60   4   0.12
2   61   4   6.75
2   87   17   29.63
2   87   18   63.91
2   87   19   85.41
2   87   20   98.56
2   87   21   107.81
2   87   22   115.52
2   87   23   120.37
2   87   24   121.22
2   87   25   122.42
2   87   26   119.05
2   87   27   96.32
2   87   28   58.54
2   88   16   30.96
2   88   17   50.63
2   88   18   67.32
2   88   19   82.85
2   88   20   97.29
2   88   21   110.65
2   88   22   122.24
2   88   23   132.66
2   88   24   142.23
2   88   25   150.73
2   88   26   157.67
2   88   27   162.85
2   88   28   163.82
2   88   29   147.15
2   88   30   24.31
2   89   17   37.25
2   89   18   61.65
2   89   19   81.05
2   89   20   96.72
2   89   21   109.2
2   89   22   119.04
2   89   23   128.19
2   89   24   137.68
2   89   25   146.85
2   89   26   155.55
2   89   27   162.65
2   89   28   162.24
2   89   29   145.98
2   89   30   104.48
2   90   17   31.28
2   90   18   59.8
2   90   19   78.78
2   90   20   92.28
2   90   21   102.77
2   90   22   110.65
2   90   23   118.85
2   90   24   128.05
2   90   25   138.18
2   90   26   147.34
2   90   27   150.15
2   90   28   141.63
2   90   29   102.64
2   91   17   49.15
2   91   18   68.91
2   91   19   77.79
2   91   20   81.75
2   91   21   86.88
2   91   22   93.09
2   91   23   100.02
2   91   24   108.04
2   91   25   121.48
2   91   26   132.01
2   91   27   120.62
2   91   28   80.31
2   91   29   44.61
2   92   16   20.67
2   92   17   53.42
2   92   18   61.94
2   92   19   62.52
2   92   20   64.79
2   92   21   68.45
2   92   22   65.61
2   92   23   58.95
2   92   24   55.45
2   92   25   57.51
2   92   26   62.26
2   92   27   64.66
2   92   28   69.32
2   92   29   69.7
2   92   30   30.07
2   93   19   3.04
2   93   20   22.48
2   93   21   23.81
2   93   22   12.88
2   93   23   4.57
2   93   24   9.26
2   93   25   17.07
2   93   26   28.92
2   93   27   41.58
2   93   28   21.71
2   97   11   22.84
2   97   12   36.51
2   97   13   42.94
2   97   14   53.58
2   97   15   55.61
2   97   16   36
2   98   10   42.91
2   98   11   61.55
2   98   12   74
2   98   13   84.2
2   98   14   92.88
2   98   15   98.5
2   98   16   97.11
2   98   17   76.45
2   99   9   20.07
2   99   10   32.78
2   99   11   42.34
2   99   12   53.19
2   99   13   65.67
2   99   14   78.83
2   99   15   92.31
2   99   16   97.68
2   99   17   85.72
2   99   18   14.73
2   100   11   18.62
2   100   12   35.18
2   100   13   50.31
2   100   14   66.42
2   100   15   83.8
2   100   16   93.71
2   100   17   91.07
2   100   18   46.32
3   1   10   43.06
3   1   11   61.17
3   1   12   73.08
3   1   13   82.13
3   1   14   88.69
3   1   15   87.54
3   1   16   67.68
3   2   9   34.07
3   2   10   46.5
3   2   11   50.87
3   2   12   54.17
3   2   13   62.28
3   2   14   73.82
3   2   15   87.07
3   2   16   94.23
3   2   17   88.8
3   2   18   68.76
3   3   7   3.37
3   3   8   8.72
3   3   12   12.88
3   3   13   38.13
3   3   14   57.35
3   3   15   76.02
3   3   16   90.47
3   3   17   92.36
3   3   18   66.46
3   4   13   32.23
3   4   14   50.76
3   4   15   73.17
3   4   16   90.83
3   4   17   92.53
3   4   18   64.18
3   5   15   8.97
3   5   16   70.06
3   5   17   46.1
3   38   23   11.31
3   39   23   41.59
3   39   24   46.07
3   46   8   26.86
3   46   9   17.3
3   47   6   17.26
3   47   7   52.24
3   47   8   68.55
3   47   9   76.28
3   47   10   73.96
3   47   11   58.06
3   48   6   18.97
3   48   7   40
3   48   8   52.39
3   48   9   63.37
3   48   10   75.65
3   48   11   77.95
3   48   12   53.01
3   49   4   11.27
3   49   5   31.28
3   49   6   39.92
3   49   7   45.78
3   49   8   49.65
3   49   9   51.73
3   49   10   54.87
3   49   11   56.19
3   50   3   20.38
3   50   4   29.44
3   50   5   31.51
3   50   6   31.13
3   50   7   28.83
3   50   8   26.94
3   50   9   26.66
3   50   10   25.71
3   50   11   18.46
3   53   5   15.76
3   53   6   23.41
3   61   3   9.01
3   86   24   23.53
3   86   25   39
3   86   26   24.85
3   87   18   24.27
3   87   19   56.79
3   87   20   75.6
3   87   21   87.96
3   87   22   98.54
3   87   23   110.82
3   87   24   123.74
3   87   25   136.15
3   87   26   144.52
3   87   27   143.05
3   87   28   125.67
3   87   29   88.61
3   88   15   16.87
3   88   16   34.66
3   88   17   50.9
3   88   18   68.11
3   88   19   87.24
3   88   20   104.27
3   88   21   116.93
3   88   22   125.37
3   88   23   130.87
3   88   24   134.77
3   88   25   139.48
3   88   26   145.88
3   88   27   154.43
3   88   28   162.58
3   88   29   164.58
3   88   30   151.14
3   88   31   93.38
3   89   15   19.34
3   89   16   47.59
3   89   17   65.85
3   89   18   79.78
3   89   19   92.56
3   89   20   104.83
3   89   21   116.1
3   89   22   125.83
3   89   23   134.81
3   89   24   143.59
3   89   25   152.34
3   89   26   160.25
3   89   27   167.03
3   89   28   171.3
3   89   29   169.89
3   89   30   161.38
3   89   31   141.76
3   89   32   93.96
3   90   15   14.69
3   90   16   59.16
3   90   17   81
3   90   18   93.48
3   90   19   102.61
3   90   20   109.28
3   90   21   114.17
3   90   22   119.61
3   90   23   126.46
3   90   24   135.18
3   90   25   144.57
3   90   26   154.26
3   90   27   162.3
3   90   28   165.16
3   90   29   158.95
3   90   30   150.04
3   90   31   139.99
3   90   32   104.6
3   91   15   22.11
3   91   16   72.66
3   91   17   91.81
3   91   18   99.57
3   91   19   102.19
3   91   20   101.07
3   91   21   100.62
3   91   22   105.63
3   91   23   114.44
3   91   24   124.3
3   91   25   135.79
3   91   26   148.74
3   91   27   156.08
3   91   28   153.99
3   91   29   153.53
3   91   30   158.18
3   91   31   156.97
3   91   32   130.03
3   92   15   13.99
3   92   16   81.12
3   92   17   98.64
3   92   18   100.96
3   92   19   92.13
3   92   20   80.36
3   92   21   79.3
3   92   22   91.2
3   92   23   106.87
3   92   24   117.76
3   92   25   128.11
3   92   26   136.23
3   92   27   143.91
3   92   28   155.87
3   92   29   167.09
3   92   30   169.89
3   92   31   141.51
3   93   16   56.94
3   93   17   74.13
3   93   18   66.86
3   93   19   49.63
3   93   20   45.06
3   93   21   51.3
3   93   22   70.52
3   93   23   93.97
3   93   24   109.69
3   93   25   128.93
3   93   26   152.74
3   93   27   173.01
3   93   28   181.82
3   93   29   167.5
3   93   30   86.47
3   94   23   39.27
3   94   24   58.95
3   94   25   74.34
3   94   26   82.63
3   94   27   83.25
3   94   28   57.05
3   96   12   11.4
3   96   13   28.53
3   96   14   26.39
3   97   10   43.06
3   97   11   61.17
3   97   12   73.08
3   97   13   82.13
3   97   14   88.69
3   97   15   87.54
3   97   16   67.68
3   98   9   34.07
3   98   10   46.5
3   98   11   50.87
3   98   12   54.17
3   98   13   62.28
3   98   14   73.82
3   98   15   87.07
3   98   16   94.23
3   98   17   88.8
3   98   18   68.76
3   99   7   3.37
3   99   8   8.72
3   99   12   12.88
3   99   13   38.13
3   99   14   57.35
3   99   15   76.02
3   99   16   90.47
3   99   17   92.36
3   99   18   66.46
3   100   13   32.23
3   100   14   50.76
3   100   15   73.17
3   100   16   90.83
3   100   17   92.53
3   100   18   64.18
4   1   9   32.42
4   1   10   47.64
4   1   11   56.79
4   1   12   62.64
4   1   13   66.62
4   1   14   71.03
4   1   15   77.07
4   1   16   80.18
4   1   17   62.5
4   1   18   34.76
4   1   19   26.9
4   1   20   38.92
4   1   21   32.43
4   2   7   20.27
4   2   8   33.58
4   2   9   36.72
4   2   10   30.15
4   2   11   17.18
4   2   12   12.22
4   2   13   25.54
4   2   14   43.72
4   2   15   64.62
4   2   16   83.66
4   2   17   94.28
4   2   18   97.16
4   2   19   82.31
4   2   20   50.38
4   2   21   27.17
4   3   13   26
4   3   14   54.27
4   3   15   72.02
4   3   16   85.58
4   3   17   94.95
4   3   18   93.59
4   3   19   65.35
4   4   14   24.82
4   4   15   47.8
4   4   16   74.34
4   4   17   91.24
4   4   18   87.95
4   6   26   52.08
4   6   27   81.72
4   6   28   49.89
4   7   25   108.45
4   7   26   138.6
4   7   27   122.16
4   8   26   19.63
4   37   22   75.58
4   37   23   108.67
4   37   24   118.98
4   37   25   113.41
4   37   26   80.67
4   38   20   23.84
4   38   21   77.43
4   38   22   96.49
4   38   23   110.84
4   38   24   124.36
4   38   25   130.54
4   38   26   115.56
4   38   27   35.36
4   39   19   27.66
4   39   20   84.1
4   39   21   99.38
4   39   22   99.07
4   39   23   97.4
4   39   24   103.21
4   39   25   116.93
4   39   26   125.2
4   39   27   49.5
4   40   17   30.31
4   40   18   67.8
4   40   19   93.05
4   40   20   100.24
4   40   21   91.3
4   40   22   65.37
4   40   23   52.34
4   40   24   52.51
4   40   25   29.53
4   41   16   43.64
4   41   17   59.05
4   41   18   59.36
4   41   19   52.52
4   41   20   41.45
4   41   21   16.09
4   46   7   26.8
4   46   8   38.42
4   47   6   18.22
4   47   7   62.34
4   47   8   70.82
4   47   9   72.65
4   47   10   58.81
4   47   11   27.63
4   48   6   29.04
4   48   7   47.64
4   48   8   61.33
4   48   9   72.87
4   48   10   81.22
4   48   11   76.52
4   49   5   26.04
4   49   6   38.67
4   49   7   48.23
4   49   8   54.97
4   49   9   59.94
4   49   10   61.41
4   49   11   44.13
4   50   3   22.85
4   50   4   36.92
4   50   5   37.28
4   50   6   37.85
4   50   7   38.12
4   50   8   38.86
4   50   9   44.28
4   50   10   48.99
4   50   11   41.59
4   50   12   35.13
4   50   13   30.81
4   50   14   15.67
4   51   3   12.59
4   51   4   2.39
4   51   11   4.48
4   51   12   22.89
4   51   13   42.35
4   51   14   43.1
4   51   15   15.84
4   60   19   3.13
4   60   20   14.48
4   87   19   21.18
4   87   20   34.66
4   87   21   30.19
4   87   22   18.56
4   87   23   24.93
4   87   24   47.09
4   87   25   77.41
4   87   26   106.72
4   87   27   122.27
4   87   28   121.65
4   87   29   103.66
4   87   30   68.93
4   88   16   11.81
4   88   17   43.86
4   88   18   70.75
4   88   19   96.03
4   88   20   112.46
4   88   21   120.62
4   88   22   120.57
4   88   23   113.09
4   88   24   103.21
4   88   25   99.44
4   88   26   105.86
4   88   27   123.12
4   88   28   141.4
4   88   29   156.2
4   88   30   164.64
4   88   31   159.84
4   88   32   142.93
4   88   33   47.31
4   89   3   18.53
4   89   14   2.06
4   89   15   35.55
4   89   16   52.62
4   89   17   67.7
4   89   18   82.49
4   89   19   95.52
4   89   20   104.63
4   89   21   110.68
4   89   22   116.86
4   89   23   125.85
4   89   24   135.21
4   89   25   141.18
4   89   26   142.7
4   89   27   146.34
4   89   28   155.12
4   89   29   164.32
4   89   30   170.47
4   89   31   170.6
4   89   32   163.28
4   89   33   151.13
4   89   34   90.08
4   90   3   16.51
4   90   15   43.22
4   90   16   60.08
4   90   17   72.31
4   90   18   83.01
4   90   19   91.75
4   90   20   97.69
4   90   21   102.46
4   90   22   107.23
4   90   23   115.42
4   90   24   125.88
4   90   25   134.43
4   90   26   141.79
4   90   27   150.36
4   90   28   162.1
4   90   29   171.42
4   90   30   176.74
4   90   31   176.86
4   90   32   172.06
4   90   33   159.94
4   90   34   101.35
4   91   15   46.1
4   91   16   60.34
4   91   17   68.99
4   91   18   77.94
4   91   19   88.04
4   91   20   98.14
4   91   21   102.31
4   91   22   103.12
4   91   23   115.73
4   91   24   134.13
4   91   25   144.97
4   91   26   150.82
4   91   27   155.65
4   91   28   159.76
4   91   29   166.29
4   91   30   172.4
4   91   31   169.54
4   91   32   157.61
4   91   33   158.15
4   92   14   4.2
4   92   15   63.66
4   92   16   82.82
4   92   17   92.48
4   92   18   101.19
4   92   19   107.22
4   92   20   106.37
4   92   21   90.33
4   92   22   75.84
4   92   23   101.61
4   92   24   133.93
4   92   25   148.56
4   92   26   153.4
4   92   27   155.34
4   92   28   158.31
4   92   29   160.03
4   92   30   157.24
4   92   31   143.45
4   92   32   106.24
4   93   14   20.11
4   93   15   67.98
4   93   16   91.94
4   93   17   105.29
4   93   18   111.88
4   93   19   108.8
4   93   20   91.03
4   93   21   41.5
4   93   23   83.65
4   93   24   119.86
4   93   25   134.39
4   93   26   139.53
4   93   27   142.77
4   93   28   148.02
4   93   29   155.43
4   93   30   157.68
4   94   13   1.36
4   94   14   53.86
4   94   15   76.57
4   94   16   88.7
4   94   17   95.44
4   94   18   93.39
4   94   19   74.17
4   94   20   11.97
4   94   24   68.54
4   94   25   91.19
4   94   26   113.89
4   94   27   121.19
4   94   28   103.52
4   94   29   52.95
4   95   12   13.45
4   95   13   45.02
4   95   14   63.19
4   95   15   70.87
4   95   16   69.4
4   95   17   68.58
4   95   18   55.47
4   96   10   15.3
4   96   11   42.66
4   96   12   60.02
4   96   13   72.42
4   96   14   80.11
4   96   15   78.95
4   96   16   65.77
4   96   17   51.22
4   96   18   50.47
4   96   19   45.78
4   96   20   34.11
4   97   9   32.42
4   97   10   47.64
4   97   11   56.79
4   97   12   62.64
4   97   13   66.62
4   97   14   71.03
4   97   15   77.07
4   97   16   80.18
4   97   17   62.5
4   97   18   34.76
4   97   19   26.9
4   97   20   38.92
4   97   21   32.43
4   98   7   20.27
4   98   8   33.58
4   98   9   36.72
4   98   10   30.15
4   98   11   17.18
4   98   12   12.22
4   98   13   25.54
4   98   14   43.72
4   98   15   64.62
4   98   16   83.66
4   98   17   94.28
4   98   18   97.16
4   98   19   82.31
4   98   20   50.38
4   98   21   27.17
4   99   13   26
4   99   14   54.27
4   99   15   72.02
4   99   16   85.58
4   99   17   94.95
4   99   18   93.59
4   99   19   65.35
4   100   14   24.82
4   100   15   47.8
4   100   16   74.34
4   100   17   91.24
4   100   18   87.95
5   1   3   6.58
5   1   4   24.07
5   1   5   26.04
5   1   6   25.6
5   1   7   24.82
5   1   13   32.51
5   1   14   51.63
5   1   15   67.46
5   1   16   81.05
5   1   17   89.72
5   1   18   93.45
5   1   19   96.29
5   1   20   102.45
5   1   21   105.75
5   1   22   107.01
5   1   23   110.69
5   1   24   93.56
5   2   3   19.35
5   2   4   26.77
5   2   5   28.26
5   2   6   26.11
5   2   7   12.1
5   2   13   28.62
5   2   14   52.21
5   2   15   67.02
5   2   16   78.44
5   2   17   90.28
5   2   18   102.17
5   2   19   109.99
5   2   20   110.96
5   2   21   109.15
5   2   22   107.43
5   2   23   107.5
5   2   24   107.39
5   2   25   98.01
5   2   26   98.44
5   2   27   19.75
5   3   13   25.08
5   3   14   40.7
5   3   15   48.82
5   3   16   56.31
5   3   17   69.57
5   3   18   87.24
5   3   19   96.76
5   3   20   93.62
5   3   21   89.23
5   3   22   91.41
5   3   23   97.85
5   3   24   106.43
5   3   25   115.26
5   3   26   129.66
5   3   27   128.87
5   3   28   129.38
5   4   16   2.14
5   4   17   40.03
5   4   18   79.73
5   4   19   77.88
5   4   20   29.01
5   4   23   50.74
5   4   24   80.71
5   4   25   100.25
5   4   26   124.09
5   4   27   139.36
5   4   28   148.74
5   5   24   72.35
5   5   25   95.58
5   5   26   115.75
5   5   27   133.56
5   5   28   126.58
5   5   29   13.78
5   6   23   14.52
5   6   24   68.18
5   6   25   99.38
5   6   26   120.16
5   6   27   123.44
5   6   28   121.98
5   6   29   129.82
5   7   23   28.35
5   7   24   70.4
5   7   25   125.16
5   7   26   148.5
5   7   27   150.56
5   7   28   144.64
5   8   25   25.85
5   8   26   36.33
5   36   23   48.12
5   36   24   61.92
5   36   25   47.57
5   37   20   32.48
5   37   21   87.02
5   37   22   113.89
5   37   23   131.04
5   37   24   142.45
5   37   25   148.95
5   37   26   149.27
5   37   27   131.95
5   38   19   30.69
5   38   20   80.77
5   38   21   105.64
5   38   22   118.08
5   38   23   123.71
5   38   24   126.86
5   38   25   133.52
5   38   26   137.19
5   38   27   128.19
5   38   28   85.26
5   39   18   47.22
5   39   19   90.44
5   39   20   110.65
5   39   21   118.25
5   39   22   116.6
5   39   23   110.24
5   39   24   105.98
5   39   25   111.49
5   39   26   122.5
5   39   27   117.99
5   40   15   19.12
5   40   16   59.4
5   40   17   89.64
5   40   18   103.64
5   40   19   108.99
5   40   20   104.92
5   40   21   89.68
5   40   22   68.14
5   40   23   53.88
5   40   24   45.41
5   40   25   3
5   41   15   42.76
5   41   16   68.31
5   41   17   69.7
5   41   18   58.52
5   41   19   58.08
5   41   20   45.11
5   42   21   19.69
5   46   7   5.35
5   46   8   30.27
5   47   7   52.92
5   47   8   65.5
5   47   9   63.47
5   47   10   50.19
5   47   11   17.52
5   48   6   10.45
5   48   7   45.27
5   48   8   61.53
5   48   9   73.74
5   48   10   79.63
5   48   11   73.52
5   48   12   48.55
5   48   13   44.4
5   49   6   34.26
5   49   7   52.99
5   49   8   65.76
5   49   9   71.77
5   49   10   71.99
5   49   11   61.33
5   49   12   51.13
5   49   13   64.39
5   49   14   69.41
5   49   15   60.14
5   50   4   25.66
5   50   5   42.03
5   50   6   52.12
5   50   7   59.96
5   50   8   65.05
5   50   9   67.22
5   50   10   68.35
5   50   11   66.04
5   50   12   68.82
5   50   13   78.86
5   50   14   84.56
5   50   15   83.55
5   50   16   56.35
5   51   3   6.87
5   51   4   29.76
5   51   5   31.7
5   51   6   27.44
5   51   7   30.61
5   51   8   32.83
5   51   9   31.16
5   51   10   36.45
5   51   11   46.91
5   51   12   58.26
5   51   13   73.69
5   51   14   87.04
5   51   15   91.83
5   51   16   86.42
5   51   17   43.76
5   52   3   14.48
5   52   4   21.55
5   52   5   8.85
5   52   13   29.04
5   52   14   59.38
5   52   15   70.61
5   52   16   79.66
5   52   17   71.69
5   53   3   8.72
5   53   4   20.24
5   53   5   14.77
5   53   15   22.48
5   53   16   16.55
5   60   19   27.27
5   60   20   7.78
5   87   17   27.03
5   87   18   57.67
5   87   19   66.23
5   87   20   53.01
5   88   16   17.52
5   88   17   60.98
5   88   18   86.28
5   88   19   101.74
5   88   20   109.62
5   88   21   108.3
5   88   22   93.48
5   88   23   52.95
5   88   27   45.69
5   88   28   95.29
5   88   29   127.16
5   88   30   153.2
5   88   31   160.18
5   88   32   135.82
5   89   3   19.57
5   89   4   29.01
5   89   5   20.48
5   89   15   23.22
5   89   16   46.32
5   89   17   63.15
5   89   18   75.3
5   89   19   84.2
5   89   20   88.83
5   89   21   92.54
5   89   22   102.45
5   89   23   111.69
5   89   24   104.76
5   89   25   76.86
5   89   26   60.3
5   89   27   75.58
5   89   28   110.09
5   89   29   137.54
5   89   30   157.4
5   89   31   169.01
5   89   32   173.19
5   89   33   166.08
5   90   3   22.79
5   90   4   31.19
5   90   5   18.07
5   90   15   9.34
5   90   16   38.89
5   90   17   57.95
5   90   18   71.52
5   90   19   80.75
5   90   20   89.57
5   90   21   98.18
5   90   22   102.63
5   90   23   110.68
5   90   24   112.64
5   90   25   98.21
5   90   26   88.71
5   90   27   96.35
5   90   28   122.55
5   90   29   146.71
5   90   30   161.07
5   90   31   166.91
5   90   32   165.6
5   90   33   149.52
5   91   3   19.26
5   91   4   4.94
5   91   16   35.13
5   91   17   58.56
5   91   18   73.64
5   91   19   83.92
5   91   20   95.59
5   91   21   101.92
5   91   22   101.21
5   91   23   112.1
5   91   24   121.91
5   91   25   119.83
5   91   26   112.12
5   91   27   108.96
5   91   28   114.94
5   91   29   134.54
5   91   30   149.17
5   91   31   144.07
5   91   32   132.71
5   92   3   8.52
5   92   15   49.95
5   92   16   71.21
5   92   17   81.35
5   92   18   90.74
5   92   19   102.32
5   92   20   106.67
5   92   21   94.48
5   92   22   77.48
5   92   23   104.75
5   92   24   129.39
5   92   25   137.97
5   92   26   135.97
5   92   27   125.61
5   92   28   124.99
5   92   29   139.32
5   92   30   138.97
5   92   31   42.94
5   93   3   9.38
5   93   4   7.28
5   93   5   25.52
5   93   6   46.05
5   93   7   45.37
5   93   8   28.07
5   93   14   43.39
5   93   15   73.91
5   93   16   91.12
5   93   17   101.03
5   93   18   109.07
5   93   19   112.7
5   93   20   101.72
5   93   21   58.54
5   93   23   87.5
5   93   24   115.64
5   93   25   117.34
5   93   26   107.43
5   93   27   109.08
5   93   28   132.57
5   93   29   149.02
5   94   3   18
5   94   4   32.29
5   94   5   44.42
5   94   6   41.01
5   94   7   17.93
5   94   13   44.85
5   94   14   68.78
5   94   15   83.71
5   94   16   95.14
5   94   17   104.27
5   94   18   108.86
5   94   19   103.46
5   94   20   82.83
5   94   24   27.44
5   94   25   61.98
5   94   26   72.85
5   94   27   69.74
5   94   28   24.45
5   95   3   20.99
5   95   4   31.96
5   95   5   29.75
5   95   6   6.71
5   95   11   32.67
5   95   12   50.57
5   95   13   63.45
5   95   14   74.31
5   95   15   83.66
5   95   16   91.29
5   95   17   97.01
5   95   18   97.28
5   95   19   85.33
5   95   20   65.78
5   96   4   6.54
5   96   5   10
5   96   6   8.06
5   96   7   5.27
5   96   12   22.11
5   96   13   39.85
5   96   14   56.9
5   96   15   71.44
5   96   16   81.4
5   96   17   88.22
5   96   18   95.07
5   96   19   101.11
5   96   20   102.55
5   96   21   93.7
5   96   22   92.54
5   96   23   99.06
5   96   24   45.23
5   97   3   6.58
5   97   4   24.07
5   97   5   26.04
5   97   6   25.6
5   97   7   24.82
5   97   13   32.51
5   97   14   51.63
5   97   15   67.46
5   97   16   81.05
5   97   17   89.72
5   97   18   93.45
5   97   19   96.29
5   97   20   102.45
5   97   21   105.75
5   97   22   107.01
5   97   23   110.69
5   97   24   93.56
5   98   3   19.35
5   98   4   26.77
5   98   5   28.26
5   98   6   26.11
5   98   7   12.1
5   98   13   28.62
5   98   14   52.21
5   98   15   67.02
5   98   16   78.44
5   98   17   90.28
5   98   18   102.17
5   98   19   109.99
5   98   20   110.96
5   98   21   109.15
5   98   22   107.43
5   98   23   107.5
5   98   24   107.39
5   98   25   98.01
5   98   26   98.44
5   98   27   19.75
5   99   13   25.08
5   99   14   40.7
5   99   15   48.82
5   99   16   56.31
5   99   17   69.57
5   99   18   87.24
5   99   19   96.76
5   99   20   93.62
5   99   21   89.23
5   99   22   91.41
5   99   23   97.85
5   99   24   106.43
5   99   25   115.26
5   99   26   129.66
5   99   27   128.87
5   99   28   129.38
5   100   16   2.14
5   100   17   40.03
5   100   18   79.73
5   100   19   77.88
5   100   20   29.01
5   100   23   50.74
5   100   24   80.71
5   100   25   100.25
5   100   26   124.09
5   100   27   139.36
5   100   28   148.74
6   1   4   3.17
6   1   5   2.67
6   1   13   22.57
6   1   14   45.55
6   1   15   63.58
6   1   16   79.47
6   1   17   91.69
6   1   18   101.03
6   1   19   108.2
6   1   20   116.16
6   1   21   123.67
6   1   22   128.9
6   1   23   125.23
6   1   24   103.54
6   2   3   20.1
6   2   4   34.77
6   2   5   32.88
6   2   13   16.87
6   2   14   42.68
6   2   15   56.46
6   2   16   66.54
6   2   17   75.44
6   2   18   85.21
6   2   19   97.27
6   2   20   109.88
6   2   21   121.84
6   2   22   130.53
6   2   23   136.22
6   2   24   135.46
6   2   25   123.51
6   2   26   112.46
6   2   27   81.79
6   3   3   1.73
6   3   14   7.36
6   3   15   18.46
6   3   16   21.19
6   3   17   26.67
6   3   18   45.06
6   3   19   70.49
6   3   20   90.9
6   3   21   107.23
6   3   22   119.71
6   3   23   130.99
6   3   24   140.83
6   3   25   146.55
6   3   26   148.64
6   3   27   144.41
6   3   28   139.57
6   3   29   118.67
6   4   19   59.1
6   4   20   68.19
6   4   21   67.96
6   4   22   76.74
6   4   23   96.86
6   4   24   115.52
6   4   25   128.94
6   4   26   142.49
6   4   27   150.93
6   4   28   148.87
6   4   29   140.03
6   5   23   54.29
6   5   24   90.29
6   5   25   112.61
6   5   26   131.61
6   5   27   141.55
6   5   28   127.42
6   5   29   90.34
6   6   22   32.42
6   6   23   61.94
6   6   24   93.8
6   6   25   119.68
6   6   26   132.59
6   6   27   136.77
6   6   28   150.66
6   6   29   133.91
6   6   30   35.23
6   7   20   11.02
6   7   21   39.17
6   7   22   53.35
6   7   23   72.15
6   7   24   92.98
6   7   25   129.94
6   7   26   146.22
6   7   27   129.53
6   7   28   72.13
6   36   22   77.46
6   36   23   96.88
6   36   24   106.55
6   36   25   106.02
6   36   26   85.65
6   37   20   59.24
6   37   21   95.96
6   37   22   117.57
6   37   23   132.46
6   37   24   143.63
6   37   25   151.58
6   37   26   154.39
6   37   27   146.54
6   37   28   120.68
6   37   29   61.6
6   38   19   64.11
6   38   20   94.88
6   38   21   111.96
6   38   22   122.39
6   38   23   129.06
6   38   24   135.01
6   38   25   143.26
6   38   26   147.08
6   38   27   137.75
6   38   28   102.17
6   38   29   32.96
6   39   18   64.06
6   39   19   95.36
6   39   20   107.74
6   39   21   108.98
6   39   22   103.15
6   39   23   93.79
6   39   24   91.36
6   39   25   107.41
6   39   26   115.88
6   39   27   66.44
6   40   15   27.46
6   40   16   66.6
6   40   17   93.38
6   40   18   108.49
6   40   19   115.47
6   40   20   110.87
6   40   21   94.91
6   40   22   66.53
6   40   23   13.66
6   41   14   25.33
6   41   15   67.94
6   41   16   88.14
6   41   17   96.74
6   41   18   96.57
6   41   19   94.66
6   41   20   76.57
6   41   21   62.4
6   42   15   37.24
6   42   16   60.4
6   42   17   43.37
6   42   20   18.86
6   42   21   49.3
6   42   22   67.28
6   47   7   49.67
6   47   8   66.11
6   47   9   65.75
6   47   10   59.2
6   48   6   33.15
6   48   7   56.64
6   48   8   65.46
6   48   9   74.33
6   48   10   81.3
6   48   11   80.83
6   48   12   69.54
6   48   13   67.22
6   48   14   62.52
6   48   15   43.86
6   49   5   1.89
6   49   6   35.98
6   49   7   51.61
6   49   8   61.51
6   49   9   66
6   49   10   69.03
6   49   11   73.85
6   49   12   84.07
6   49   13   101.81
6   49   14   112.28
6   49   15   109.5
6   49   16   90.26
6   50   5   29.53
6   50   6   51.75
6   50   7   66.3
6   50   8   74.02
6   50   9   75.53
6   50   10   72.34
6   50   11   73.96
6   50   12   82.41
6   50   13   96.04
6   50   14   106.4
6   50   15   108.05
6   50   16   101.36
6   51   4   25.68
6   51   5   46.27
6   51   6   54.99
6   51   7   57.08
6   51   8   52.22
6   51   9   48.55
6   51   10   54.51
6   51   11   64.85
6   51   12   77.19
6   51   13   91.69
6   51   14   105.69
6   51   15   112.95
6   51   16   109.56
6   51   17   87.75
6   52   4   28.66
6   52   5   37.45
6   52   6   34.54
6   52   7   23.3
6   52   10   6.58
6   52   11   33.68
6   52   12   55.01
6   52   13   77.86
6   52   14   95.84
6   52   15   104.63
6   52   16   107.67
6   52   17   94.8
6   52   18   37.86
6   53   3   17.34
6   53   4   30.66
6   53   5   28.59
6   53   12   10.94
6   53   13   47.38
6   53   14   68.11
6   53   15   74.06
6   53   16   80.38
6   53   17   56.93
6   54   3   11.93
6   54   4   12.05
6   87   15   6.91
6   87   16   59.58
6   87   17   80.18
6   87   18   88.89
6   87   19   86.08
6   87   20   69.12
6   87   21   25.11
6   88   15   2.51
6   88   16   47.87
6   88   17   68.74
6   88   18   80.41
6   88   19   86.57
6   88   20   87.83
6   88   21   76.85
6   88   22   40.67
6   89   3   21.59
6   89   4   33.36
6   89   5   39.42
6   89   6   7.45
6   89   15   10.41
6   89   16   39.47
6   89   17   57.12
6   89   18   67.7
6   89   19   69.5
6   89   20   69.47
6   89   21   79.88
6   89   22   91.03
6   89   23   87.69
6   89   24   48.39
6   89   29   63
6   89   30   80.53
6   89   31   60.46
6   90   3   25.61
6   90   4   37.48
6   90   5   35.88
6   90   15   3.83
6   90   16   39.79
6   90   17   57.93
6   90   18   65.67
6   90   19   63.6
6   90   20   63.45
6   90   21   74.15
6   90   22   96.1
6   90   23   104.99
6   90   24   83.06
6   90   28   15.92
6   90   29   103.45
6   90   30   101.98
6   90   31   47.48
6   91   3   24.61
6   91   4   29.22
6   91   14   30.43
6   91   15   52.82
6   91   16   63.62
6   91   17   69.24
6   91   18   67.24
6   91   19   61.94
6   91   20   60.54
6   91   21   62.1
6   91   22   84.24
6   91   23   108.2
6   91   24   105.19
6   91   25   62.3
6   91   29   93.88
6   91   30   140.14
6   91   31   135.04
6   92   3   25.36
6   92   4   29.79
6   92   5   9.13
6   92   6   29.69
6   92   7   63.54
6   92   8   73.85
6   92   9   71.53
6   92   10   57.95
6   92   11   40.34
6   92   12   31.93
6   92   13   41.64
6   92   14   57.61
6   92   15   67.54
6   92   16   72.87
6   92   17   69.41
6   92   18   64.69
6   92   19   75.82
6   92   20   63.56
6   92   21   24.39
6   92   22   52.71
6   92   23   101.35
6   92   24   119.46
6   92   25   117.51
6   92   26   95.1
6   92   27   38.81
6   92   28   32.1
6   92   29   120.1
6   92   30   141.9
6   92   31   36.55
6   93   2   0.17
6   93   3   27.47
6   93   4   37.99
6   93   5   47.36
6   93   6   59.07
6   93   7   60.75
6   93   8   54.95
6   93   9   45.67
6   93   10   34.9
6   93   11   31.1
6   93   12   39.14
6   93   13   60.55
6   93   14   77.27
6   93   15   84.68
6   93   16   84.51
6   93   17   84.23
6   93   18   93.09
6   93   19   102.25
6   93   20   85.58
6   93   23   86.26
6   93   24   112.25
6   93   25   93.94
6   93   26   38.46
6   93   28   75.22
6   93   29   149.71
6   94   3   27.72
6   94   4   41.31
6   94   5   47.41
6   94   6   39.97
6   94   7   17.07
6   94   11   12.55
6   94   12   37.36
6   94   13   58.54
6   94   14   73.45
6   94   15   82.96
6   94   16   91.43
6   94   17   100.82
6   94   18   109.78
6   94   19   114.63
6   94   20   106.64
6   94   21   60.56
6   94   25   5.22
6   95   3   25.05
6   95   4   29.07
6   95   5   8.6
6   95   11   17.6
6   95   12   39.55
6   95   13   54.83
6   95   14   66.18
6   95   15   76.15
6   95   16   87.33
6   95   17   98.07
6   95   18   107.25
6   95   19   111.53
6   95   20   110.46
6   95   21   98.66
6   95   22   68.56
6   96   13   23.95
6   96   14   42.59
6   96   15   58.29
6   96   16   76.12
6   96   17   91.32
6   96   18   102.74
6   96   19   111.26
6   96   20   117.85
6   96   21   121.04
6   96   22   120.3
6   96   23   113.17
6   96   24   89.52
6   97   4   3.17
6   97   5   2.67
6   97   13   22.57
6   97   14   45.55
6   97   15   63.58
6   97   16   79.47
6   97   17   91.69
6   97   18   101.03
6   97   19   108.2
6   97   20   116.16
6   97   21   123.67
6   97   22   128.9
6   97   23   125.23
6   97   24   103.54
6   98   3   20.1
6   98   4   34.77
6   98   5   32.88
6   98   13   16.87
6   98   14   42.68
6   98   15   56.46
6   98   16   66.54
6   98   17   75.44
6   98   18   85.21
6   98   19   97.27
6   98   20   109.88
6   98   21   121.84
6   98   22   130.53
6   98   23   136.22
6   98   24   135.46
6   98   25   123.51
6   98   26   112.46
6   98   27   81.79
6   99   3   1.73
6   99   14   7.36
6   99   15   18.46
6   99   16   21.19
6   99   17   26.67
6   99   18   45.06
6   99   19   70.49
6   99   20   90.9
6   99   21   107.23
6   99   22   119.71
6   99   23   130.99
6   99   24   140.83
6   99   25   146.55
6   99   26   148.64
6   99   27   144.41
6   99   28   139.57
6   99   29   118.67
6   100   19   59.1
6   100   20   68.19
6   100   21   67.96
6   100   22   76.74
6   100   23   96.86
6   100   24   115.52
6   100   25   128.94
6   100   26   142.49
6   100   27   150.93
6   100   28   148.87
6   100   29   140.03
7   1   12   29.75
7   1   13   47.71
7   1   14   59.15
7   1   15   65.22
7   1   16   69.86
7   1   17   80.41
7   1   18   101.42
7   1   19   118.52
7   1   20   128.76
7   1   21   134.12
7   1   22   128.75
7   1   23   101.6
7   1   24   41.15
7   2   3   14.23
7   2   4   28.35
7   2   5   23.09
7   2   14   23.14
7   2   15   40.31
7   2   16   57.25
7   2   17   75.31
7   2   18   85.79
7   2   19   92.83
7   2   20   100.07
7   2   21   111.46
7   2   22   124.36
7   2   23   130.76
7   2   24   128.18
7   2   25   122.8
7   2   26   102.96
7   2   27   23.84
7   3   3   5.76
7   3   15   14.98
7   3   16   34.92
7   3   17   35.24
7   3   18   32.58
7   3   19   41.82
7   3   20   57.33
7   3   21   77.84
7   3   22   100.85
7   3   23   119.99
7   3   24   132.82
7   3   25   140.47
7   3   26   140.92
7   3   27   137.64
7   3   28   144.81
7   3   29   140.12
7   4   20   42.09
7   4   21   66.27
7   4   22   83.07
7   4   23   99.8
7   4   24   116.29
7   4   25   133.55
7   4   26   146.54
7   4   27   152.29
7   4   28   145.39
7   4   29   123.33
7   5   21   22.45
7   5   22   54.61
7   5   23   79.71
7   5   24   99.84
7   5   25   119.71
7   5   26   134.16
7   5   27   132.48
7   5   28   106.42
7   6   20   21.02
7   6   21   54.93
7   6   22   79.75
7   6   23   97.18
7   6   24   111.85
7   6   25   125.93
7   6   26   139.67
7   6   27   147.54
7   6   28   140.6
7   6   29   35.72
7   7   20   30.64
7   7   21   63.45
7   7   22   85.8
7   7   23   97.89
7   7   24   99.21
7   7   25   101.52
7   7   26   102.35
7   7   27   87.96
7   8   20   8.93
7   8   21   55.45
7   8   22   61.01
7   8   23   51.01
7   8   24   17.34
7   9   21   9.42
7   9   22   47.89
7   9   23   61.37
7   9   24   83.92
7   9   25   68.59
7   35   23   7.36
7   35   24   63.85
7   35   25   78.11
7   35   26   71.49
7   35   27   37.61
7   36   21   45.92
7   36   22   90.56
7   36   23   111.6
7   36   24   124.59
7   36   25   131.98
7   36   26   133.68
7   36   27   126.88
7   36   28   109.27
7   36   29   44.92
7   37   19   10.7
7   37   20   74.44
7   37   21   98.11
7   37   22   110.49
7   37   23   119.07
7   37   24   128.4
7   37   25   138.9
7   37   26   148.29
7   37   27   152.98
7   37   28   149.94
7   37   29   141.56
7   37   30   132.62
7   38   18   19.02
7   38   19   76.81
7   38   20   95.6
7   38   21   101.71
7   38   22   100.23
7   38   23   101.24
7   38   24   109.49
7   38   25   126.7
7   38   26   142.11
7   38   27   149.24
7   38   28   148.17
7   38   29   145.87
7   38   30   140.65
7   39   18   56.94
7   39   19   84.46
7   39   20   90.72
7   39   21   75.38
7   39   22   52.68
7   39   23   36.05
7   39   24   35.6
7   39   25   74.62
7   39   26   103.87
7   39   27   93.71
7   39   28   84.43
7   39   29   77.8
7   39   30   22.65
7   40   16   17.63
7   40   17   65.83
7   40   18   92.89
7   40   19   101.3
7   40   20   87.03
7   40   21   39.61
7   41   13   22.04
7   41   14   46.78
7   41   15   67.12
7   41   16   83.09
7   41   17   97.51
7   41   18   105.88
7   41   19   102.92
7   41   20   73.36
7   41   21   18.62
7   42   14   38.53
7   42   15   62.54
7   42   16   81.08
7   42   17   90.98
7   42   18   86
7   42   19   77.52
7   42   20   60.38
7   42   21   25.24
7   43   15   14.56
7   43   16   30.24
7   43   17   35.47
7   47   7   29.97
7   47   8   48.95
7   47   9   41.56
7   47   10   12.59
7   48   6   45.83
7   48   7   80.71
7   48   8   89.77
7   48   9   98.77
7   48   10   102.71
7   48   11   96.83
7   48   12   85.9
7   48   13   76.5
7   48   14   55.74
7   49   5   29.94
7   49   6   53.08
7   49   7   63.01
7   49   8   71.48
7   49   9   80.19
7   49   10   90.34
7   49   11   102.19
7   49   12   114.53
7   49   13   124.08
7   49   14   126.28
7   49   15   113.64
7   49   16   52.32
7   50   5   28.53
7   50   6   45.27
7   50   7   57.89
7   50   8   66.43
7   50   9   72.03
7   50   10   77.06
7   50   11   85.03
7   50   12   96.2
7   50   13   109.08
7   50   14   118.39
7   50   15   119.82
7   50   16   107.39
7   51   4   10.78
7   51   5   39.62
7   51   6   52.82
7   51   7   56.35
7   51   8   59.46
7   51   9   68.28
7   51   10   79.42
7   51   11   89.8
7   51   12   98.41
7   51   13   105.7
7   51   14   113.7
7   51   15   118.98
7   51   16   114.3
7   51   17   92.46
7   52   4   24.89
7   52   5   41.82
7   52   6   44.01
7   52   7   28.44
7   52   8   24.93
7   52   9   40.49
7   52   10   58.52
7   52   11   71.71
7   52   12   82.32
7   52   13   90.72
7   52   14   96.2
7   52   15   100.26
7   52   16   106.99
7   52   17   94.08
7   53   3   6.46
7   53   4   28.77
7   53   5   35.8
7   53   6   23.94
7   53   10   22.46
7   53   11   33.91
7   53   12   41.66
7   53   13   47.71
7   53   14   39.37
7   53   15   24.02
7   53   16   39.41
7   54   3   7.61
7   54   4   21.31
7   54   5   20.89
7   57   5   15.35
7   58   5   26.07
7   58   6   31.85
7   59   5   19.48
7   59   6   24.49
7   85   2   6.75
7   85   3   14.56
7   85   16   43.42
7   85   17   52.68
7   85   18   41.2
7   86   15   73.02
7   86   16   94.57
7   86   17   105.86
7   86   18   109.82
7   86   19   112.09
7   86   20   108.08
7   86   21   52.76
7   87   14   26.7
7   87   15   58.52
7   87   16   71.5
7   87   17   81.24
7   87   18   91.07
7   87   19   99.66
7   87   20   110.62
7   87   21   128.1
7   87   22   130.44
7   87   23   32.7
7   88   3   7.9
7   88   4   2.3
7   88   15   21.25
7   88   16   42.88
7   88   17   56.63
7   88   18   63.7
7   88   19   63.25
7   88   20   68.87
7   88   21   83.86
7   88   22   103.82
7   88   23   117.37
7   88   24   70.02
7   89   3   23.17
7   89   4   35.39
7   89   5   38.59
7   89   6   11.19
7   89   15   21.38
7   89   16   41.26
7   89   17   51.05
7   89   18   51.05
7   89   19   44.64
7   89   20   45.94
7   89   21   67.37
7   89   22   92.7
7   89   23   105.89
7   89   24   101.52
7   89   25   31.56
7   90   3   27.14
7   90   4   39.38
7   90   5   41.94
7   90   6   25.65
7   90   9   12.34
7   90   10   28.01
7   90   11   31.31
7   90   12   37.65
7   90   13   47.89
7   90   14   54.46
7   90   15   55.32
7   90   16   49.63
7   90   17   29.39
7   90   20   17.67
7   90   21   57.16
7   90   22   90.99
7   90   23   106.61
7   90   24   93.6
7   90   25   1.44
7   91   2   1.77
7   91   3   27.27
7   91   4   38.1
7   91   5   35.98
7   91   6   16.22
7   91   7   29.47
7   91   8   52.94
7   91   9   67.1
7   91   10   74.76
7   91   11   78.51
7   91   12   81.55
7   91   13   84.01
7   91   14   79.69
7   91   15   57.76
7   91   16   0.78
7   91   21   51.01
7   91   22   90.67
7   91   23   109.49
7   91   24   97.14
7   91   25   13.95
7   92   2   4.77
7   92   3   29.41
7   92   4   42.35
7   92   5   48.16
7   92   6   56.75
7   92   7   70.5
7   92   8   81.89
7   92   9   89.73
7   92   10   94.6
7   92   11   97.07
7   92   12   95.74
7   92   13   87.31
7   92   14   61.47
7   92   21   4.28
7   92   22   80.78
7   92   23   109.88
7   92   24   116.6
7   92   25   100.8
7   92   26   45.25
7   93   2   4.81
7   93   3   30.06
7   93   4   44.3
7   93   5   55.32
7   93   6   65
7   93   7   71.16
7   93   8   72.31
7   93   9   69.54
7   93   10   69.03
7   93   11   71.33
7   93   12   74.44
7   93   13   75.79
7   93   14   57.78
7   93   22   38.95
7   93   23   113.04
7   93   24   117.63
7   93   25   71.39
7   94   2   3.25
7   94   3   29.5
7   94   4   43.49
7   94   5   52.46
7   94   6   51.51
7   94   7   37.33
7   94   11   33.02
7   94   12   52.78
7   94   13   63.82
7   94   14   56.39
7   94   15   32.29
7   94   16   31.96
7   94   17   59.68
7   94   18   79.49
7   94   19   74.85
7   95   2   0.7
7   95   3   27.03
7   95   4   35.63
7   95   5   24.56
7   95   11   4.85
7   95   12   46.28
7   95   13   62.68
7   95   14   68.74
7   95   15   67.06
7   95   16   66.23
7   95   17   69.77
7   95   18   88.97
7   95   19   111.82
7   95   20   109.85
7   95   21   77.61
7   96   3   4.07
7   96   12   48.1
7   96   13   61.35
7   96   14   68.8
7   96   15   72.01
7   96   16   71.36
7   96   17   76.79
7   96   18   94.47
7   96   19   117.59
7   96   20   127.36
7   96   21   126.68
7   96   22   115.5
7   96   23   62.84
7   97   12   29.75
7   97   13   47.71
7   97   14   59.15
7   97   15   65.22
7   97   16   69.86
7   97   17   80.41
7   97   18   101.42
7   97   19   118.52
7   97   20   128.76
7   97   21   134.12
7   97   22   128.75
7   97   23   101.6
7   97   24   41.15
7   98   3   14.23
7   98   4   28.35
7   98   5   23.09
7   98   14   23.14
7   98   15   40.31
7   98   16   57.25
7   98   17   75.31
7   98   18   85.79
7   98   19   92.83
7   98   20   100.07
7   98   21   111.46
7   98   22   124.36
7   98   23   130.76
7   98   24   128.18
7   98   25   122.8
7   98   26   102.96
7   98   27   23.84
7   99   3   5.76
7   99   15   14.98
7   99   16   34.92
7   99   17   35.24
7   99   18   32.58
7   99   19   41.82
7   99   20   57.33
7   99   21   77.84
7   99   22   100.85
7   99   23   119.99
7   99   24   132.82
7   99   25   140.47
7   99   26   140.92
7   99   27   137.64
7   99   28   144.81
7   99   29   140.12
7   100   20   42.09
7   100   21   66.27
7   100   22   83.07
7   100   23   99.8
7   100   24   116.29
7   100   25   133.55
7   100   26   146.54
7   100   27   152.29
7   100   28   145.39
7   100   29   123.33
8   1   18   43.59
8   1   19   74.22
8   1   20   77.74
8   1   21   64.92
8   1   22   48.66
8   2   3   21.09
8   2   4   44.08
8   2   5   20.17
8   2   17   11.68
8   2   18   60.52
8   2   19   81.4
8   2   20   92.7
8   2   21   101.22
8   2   22   109.61
8   2   23   113.61
8   2   24   105.4
8   2   25   73.61
8   2   26   28.2
8   3   3   9.5
8   3   4   2.59
8   3   17   29.72
8   3   18   44.78
8   3   19   54.35
8   3   20   62.38
8   3   21   76.38
8   3   22   94.32
8   3   23   109.72
8   3   24   121.17
8   3   25   126.89
8   3   26   130.76
8   3   27   140.47
8   3   28   153.51
8   3   29   80.75
8   4   21   42.58
8   4   22   69.91
8   4   23   90.41
8   4   24   112.68
8   4   25   130.77
8   4   26   141.41
8   4   27   144.79
8   4   28   139.16
8   4   29   57.11
8   5   21   46.81
8   5   22   74.6
8   5   23   92.31
8   5   24   107.26
8   5   25   124.17
8   5   26   132.88
8   5   27   124.56
8   6   19   1.11
8   6   20   38.95
8   6   21   66.38
8   6   22   93.03
8   6   23   108.82
8   6   24   117.44
8   6   25   127.15
8   6   26   141.12
8   6   27   138.17
8   6   28   103.78
8   7   20   39.63
8   7   21   66.71
8   7   22   88.12
8   7   23   100.83
8   7   24   99.47
8   7   25   94.83
8   7   26   92.29
8   7   27   80.75
8   8   21   33.53
8   8   22   72.98
8   8   23   95.19
8   8   24   106.19
8   8   25   108.14
8   8   26   82.96
8   9   22   31.96
8   9   23   68.31
8   9   24   91.62
8   9   25   112.28
8   9   26   96.43
8   34   24   26.32
8   34   25   49.91
8   34   26   56.42
8   35   22   6.54
8   35   23   85.95
8   35   24   113.77
8   35   25   130.65
8   35   26   140.4
8   35   27   141.73
8   35   28   124.68
8   35   29   7.86
8   36   20   0.58
8   36   21   67.4
8   36   22   89.32
8   36   23   99.61
8   36   24   107.81
8   36   25   117.26
8   36   26   129.42
8   36   27   139.25
8   36   28   142.84
8   36   29   138.56
8   36   30   112.8
8   37   19   61.47
8   37   20   86.87
8   37   21   92.64
8   37   22   86.17
8   37   23   79.89
8   37   24   86.51
8   37   25   102.49
8   37   26   122.32
8   37   27   138.75
8   37   28   148.91
8   37   29   149.92
8   37   30   135.28
8   37   31   103.45
8   38   18   68.93
8   38   19   89.68
8   38   20   91.19
8   38   21   69.52
8   38   22   36.75
8   38   23   15.51
8   38   24   35.83
8   38   25   77.1
8   38   26   111.07
8   38   27   135.72
8   38   28   150.85
8   38   29   153.47
8   38   30   131.88
8   38   31   80.38
8   39   17   2.43
8   39   18   69.7
8   39   19   86.14
8   39   20   77.06
8   39   21   8.52
8   39   25   38.09
8   39   26   90.2
8   39   27   108.2
8   39   28   126.56
8   39   29   133.87
8   39   30   150.6
8   40   16   17.45
8   40   17   71.54
8   40   18   95.4
8   40   19   100.4
8   40   20   80.55
8   40   27   50.21
8   40   28   89.85
8   40   29   109.39
8   41   14   24.8
8   41   15   54.57
8   41   16   79.52
8   41   17   100.27
8   41   18   112.77
8   41   19   113.76
8   41   20   96.18
8   41   21   50.17
8   42   12   1.73
8   42   13   31.28
8   42   14   47.73
8   42   15   64.1
8   42   16   82.84
8   42   17   94.84
8   42   18   99.61
8   42   19   109.54
8   42   20   111.96
8   42   21   94.81
8   42   22   62.16
8   43   16   32.75
8   43   17   35.36
8   48   7   27.66
8   48   8   47.43
8   48   9   56.88
8   48   10   59.42
8   48   11   55.33
8   48   12   58.85
8   48   13   57.44
8   48   14   14.11
8   49   6   33.74
8   49   7   60.2
8   49   8   75.44
8   49   9   85.37
8   49   10   95.05
8   49   11   104.78
8   49   12   111.48
8   49   13   113.66
8   49   14   109.31
8   49   15   80.21
8   50   4   18.89
8   50   5   46.59
8   50   6   60.83
8   50   7   70.82
8   50   8   79.18
8   50   9   87.28
8   50   10   95.06
8   50   11   102.06
8   50   12   108.18
8   50   13   112.38
8   50   14   112.13
8   50   15   105.07
8   50   16   82.83
8   51   4   19.57
8   51   5   38.81
8   51   6   51.69
8   51   7   60.22
8   51   8   69.01
8   51   9   77.77
8   51   10   84.06
8   51   11   90.1
8   51   12   96.76
8   51   13   103.03
8   51   14   105.29
8   51   15   98.67
8   51   16   88.26
8   51   17   23.3
8   52   4   15.92
8   52   5   36.6
8   52   6   41.61
8   52   7   39.92
8   52   8   46.94
8   52   9   50.28
8   52   10   46.46
8   52   11   51.52
8   52   12   62.58
8   52   13   73.52
8   52   14   75.61
8   52   15   56.37
8   52   16   51.16
8   53   4   24.54
8   53   5   34.51
8   53   6   20
8   53   7   1.98
8   53   8   15.92
8   54   3   3.99
8   54   4   28.29
8   54   5   22.2
8   55   3   5.76
8   55   4   26.97
8   55   21   3.41
8   55   22   20.34
8   56   3   11.02
8   56   4   30.81
8   57   3   16.99
8   57   4   36.72
8   57   5   28.53
8   58   4   26.94
8   58   5   35.86
8   58   6   43.24
8   84   14   9.46
8   84   15   30.87
8   84   16   26.48
8   85   2   7.49
8   85   3   38.46
8   85   4   42.11
8   85   5   40.72
8   85   12   20.07
8   85   13   53.38
8   85   14   86.26
8   85   15   102.69
8   85   16   112.69
8   85   17   118.9
8   85   18   122.36
8   85   19   112.22
8   85   20   55.09
8   86   3   23.45
8   86   4   28.62
8   86   5   20.54
8   86   12   5.31
8   86   13   40.47
8   86   14   64.24
8   86   15   79.07
8   86   16   90.88
8   86   17   102.92
8   86   18   115.93
8   86   19   127.69
8   86   20   135.56
8   86   21   125.6
8   86   22   65.91
8   87   3   9.13
8   87   4   24.24
8   87   5   18.07
8   87   13   1.36
8   87   14   34.24
8   87   15   50.59
8   87   16   64.52
8   87   17   77.36
8   87   18   90.26
8   87   19   103.75
8   87   20   118.43
8   87   21   132.59
8   87   22   138.27
8   87   23   122.75
8   87   24   46.83
8   88   3   20.3
8   88   4   30.78
8   88   5   22.2
8   88   14   1.36
8   88   15   28.2
8   88   16   47.78
8   88   17   62.08
8   88   18   69.16
8   88   19   75.88
8   88   20   87.04
8   88   21   107.13
8   88   22   128.64
8   88   23   135.45
8   88   24   122.71
8   88   25   59.62
8   89   3   25.17
8   89   4   37.19
8   89   5   38.21
8   89   6   7.98
8   89   9   4.85
8   89   10   19.42
8   89   11   25.65
8   89   12   30.69
8   89   13   38.58
8   89   14   47.66
8   89   15   56.97
8   89   16   65.32
8   89   17   69.05
8   89   18   66.24
8   89   19   66.26
8   89   20   76.14
8   89   21   92.28
8   89   22   116.14
8   89   23   133.71
8   89   24   134.51
8   89   25   117.99
8   90   3   26.22
8   90   4   40.31
8   90   5   48.23
8   90   6   49.91
8   90   7   49.46
8   90   8   58.39
8   90   9   70.61
8   90   10   80.51
8   90   11   88.04
8   90   12   94.68
8   90   13   100.56
8   90   14   101.92
8   90   15   96.49
8   90   16   81.87
8   90   17   53.88
8   90   18   26.56
8   90   19   31.53
8   90   20   53.97
8   90   21   79.21
8   90   22   103.54
8   90   23   127.46
8   90   24   140.03
8   90   25   132.08
8   90   26   83.44
8   91   2   1.81
8   91   3   27.47
8   91   4   41.61
8   91   5   51.22
8   91   6   57.81
8   91   7   67.51
8   91   8   79.06
8   91   9   89.38
8   91   10   97.73
8   91   11   104.29
8   91   12   108.6
8   91   13   108.14
8   91   14   96.9
8   91   15   65.05
8   91   21   49.72
8   91   22   87.39
8   91   23   115.67
8   91   24   129.97
8   91   25   127.06
8   91   26   97.33
8   92   3   26.59
8   92   4   42.21
8   92   5   55.15
8   92   6   65.52
8   92   7   73.23
8   92   8   78.04
8   92   9   82.1
8   92   10   87.17
8   92   11   92.73
8   92   12   95.81
8   92   13   89.62
8   92   14   63.41
8   92   21   2.67
8   92   22   81.03
8   92   23   113.99
8   92   24   129
8   92   25   133.39
8   92   26   117.48
8   92   27   50.99
8   93   2   2.14
8   93   3   30.75
8   93   4   47.02
8   93   5   55.13
8   93   6   53.46
8   93   7   44.18
8   93   8   38.78
8   93   9   44.23
8   93   10   56.9
8   93   11   71.03
8   93   12   78.62
8   93   13   74
8   93   14   36.26
8   93   22   23.18
8   93   23   103.49
8   93   24   126.58
8   93   25   119.96
8   93   26   96.09
8   94   2   3.95
8   94   3   28.95
8   94   4   36.67
8   94   5   19.82
8   94   11   45.78
8   94   12   61.31
8   94   13   56.99
8   95   2   1.52
8   95   3   23.88
8   95   11   8.06
8   95   12   56.26
8   95   13   65.63
8   95   14   45.67
8   96   3   1.81
8   96   12   20.03
8   96   13   37.74
8   97   18   43.59
8   97   19   74.22
8   97   20   77.74
8   97   21   64.92
8   97   22   48.66
8   98   3   21.09
8   98   4   44.08
8   98   5   20.17
8   98   17   11.68
8   98   18   60.52
8   98   19   81.4
8   98   20   92.7
8   98   21   101.22
8   98   22   109.61
8   98   23   113.61
8   98   24   105.4
8   98   25   73.61
8   98   26   28.2
8   99   3   9.5
8   99   4   2.59
8   99   17   29.72
8   99   18   44.78
8   99   19   54.35
8   99   20   62.38
8   99   21   76.38
8   99   22   94.32
8   99   23   109.72
8   99   24   121.17
8   99   25   126.89
8   99   26   130.76
8   99   27   140.47
8   99   28   153.51
8   99   29   80.75
8   100   21   42.58
8   100   22   69.91
8   100   23   90.41
8   100   24   112.68
8   100   25   130.77
8   100   26   141.41
8   100   27   144.79
8   100   28   139.16
8   100   29   57.11
9   2   3   17.03
9   2   4   39.23
9   2   21   16.91
9   2   22   24.17
9   2   23   0.17
9   3   3   19.67
9   3   4   24.42
9   3   19   38.44
9   3   20   65.38
9   3   21   81.37
9   3   22   95.07
9   3   23   106.82
9   3   24   116.76
9   3   25   127.22
9   3   26   138.15
9   3   27   145.8
9   4   18   30.61
9   4   19   47.68
9   4   20   60.22
9   4   21   74.8
9   4   22   89.52
9   4   23   103.13
9   4   24   116.29
9   4   25   126.92
9   4   26   134.09
9   4   27   133.65
9   4   28   97.51
9   5   18   7.36
9   5   19   27.2
9   5   20   43.35
9   5   21   62.5
9   5   22   79.76
9   5   23   95.63
9   5   24   112.66
9   5   25   125.82
9   5   26   130.43
9   5   27   122.32
9   6   17   6.91
9   6   18   29.85
9   6   19   46.78
9   6   20   62.06
9   6   21   76.88
9   6   22   91.27
9   6   23   105.18
9   6   24   117.77
9   6   25   128.76
9   6   26   134.37
9   6   27   123.23
9   6   28   70.39
9   6   29   60.79
9   6   30   101.27
9   7   19   17.9
9   7   20   39.87
9   7   21   62.22
9   7   22   84.97
9   7   23   101.54
9   7   24   112.47
9   7   25   122.05
9   7   26   127.32
9   7   27   124.12
9   7   28   94.43
9   8   22   47.52
9   8   23   79.92
9   8   24   99.35
9   8   25   111.01
9   8   26   116.08
9   34   23   42.71
9   34   24   90.46
9   34   25   102.9
9   34   26   102.52
9   34   27   84.16
9   35   22   60.85
9   35   23   91.88
9   35   24   105.78
9   35   25   116.59
9   35   26   126.49
9   35   27   130.69
9   35   28   119.89
9   36   20   53.82
9   36   21   81.44
9   36   22   86.97
9   36   23   83.62
9   36   24   84.25
9   36   25   93.71
9   36   26   111.18
9   36   27   125
9   36   28   127.52
9   36   29   115.39
9   37   18   52.68
9   37   19   84.51
9   37   20   94.1
9   37   21   79.3
9   37   22   44.4
9   37   23   22.22
9   37   24   48.14
9   37   25   84.92
9   37   26   117.36
9   37   27   134.89
9   37   28   137.96
9   37   29   120.36
9   37   30   64.74
9   38   16   17.71
9   38   17   63.33
9   38   18   90.65
9   38   19   99.07
9   38   20   81.75
9   38   24   27.82
9   38   25   85.74
9   38   26   117.64
9   38   27   135.68
9   38   28   135.63
9   38   29   132.08
9   39   17   54.53
9   39   18   86.26
9   39   19   92.37
9   39   20   72.71
9   39   25   90.67
9   39   26   114.27
9   39   27   133.51
9   39   28   135.33
9   39   29   48.1
9   40   16   25.27
9   40   17   72.49
9   40   18   95.1
9   40   19   102.35
9   40   20   83.39
9   40   25   18.42
9   40   26   84.99
9   40   27   72.46
9   41   12   0.99
9   41   13   16.75
9   41   14   42.48
9   41   15   64.68
9   41   16   83.62
9   41   17   101.18
9   41   18   112.44
9   41   19   118.35
9   41   20   110.63
9   41   21   85.79
9   41   22   32.7
9   42   12   30.63
9   42   13   47.05
9   42   14   54.59
9   42   15   65.49
9   42   16   83.04
9   42   17   100.58
9   42   18   113.82
9   42   19   124.03
9   42   20   128.65
9   42   21   124.12
9   42   22   112.61
9   42   23   87.9
9   43   16   5.76
9   43   17   46.85
9   43   18   62.54
9   43   19   80.55
9   43   20   94.78
9   43   21   100.93
9   43   22   96.21
9   43   23   71.46
9   43   24   30.31
9   44   21   16.75
9   44   22   34.12
9   44   23   15.55
9   49   8   27.98
9   49   9   43.32
9   49   10   56.79
9   49   11   66.58
9   49   12   72.29
9   49   13   75.67
9   49   14   67.96
9   50   5   32.21
9   50   6   51.61
9   50   7   63.35
9   50   8   71.41
9   50   9   79.18
9   50   10   87.18
9   50   11   93.55
9   50   12   96.73
9   50   13   93.12
9   50   14   81.59
9   50   15   49.11
9   51   3   5.64
9   51   4   33.25
9   51   5   49.11
9   51   6   59.88
9   51   7   67.7
9   51   8   72.67
9   51   9   74.27
9   51   10   76.45
9   51   11   80.07
9   51   12   83.78
9   51   13   78.55
9   51   14   62.38
9   51   15   50.3
9   52   4   20.8
9   52   5   37.24
9   52   6   46.27
9   52   7   51.36
9   52   8   48.71
9   52   9   25.38
9   52   11   2.67
9   52   12   24.75
9   52   13   28.71
9   52   25   48.93
9   52   26   67.3
9   53   4   20.3
9   53   5   22.72
9   53   6   21.55
9   53   7   25.13
9   53   22   27.63
9   53   23   18.96
9   54   3   13.25
9   54   4   5.31
9   54   22   5.14
9   55   3   5.22
9   57   4   14.65
9   58   4   18.39
9   58   5   16.75
9   58   6   22.63
9   83   15   0.74
9   84   11   19.18
9   84   12   47.11
9   84   13   66.89
9   84   14   84.51
9   84   15   98.18
9   84   16   104.64
9   84   17   97.42
9   84   18   77.44
9   84   19   50.63
9   85   4   33.02
9   85   5   39.62
9   85   6   16.59
9   85   11   36.23
9   85   12   62.28
9   85   13   81.79
9   85   14   96.93
9   85   15   109.61
9   85   16   120.75
9   85   17   130.99
9   85   18   138.3
9   85   19   137.6
9   85   20   120.07
9   85   21   80.95
9   86   3   24.46
9   86   4   42.94
9   86   5   51.87
9   86   6   54.62
9   86   7   45.3
9   86   8   27.1
9   86   9   19.65
9   86   10   26.21
9   86   11   38.5
9   86   12   53.31
9   86   13   69.29
9   86   14   84.58
9   86   15   97.92
9   86   16   109.86
9   86   17   120.83
9   86   18   131.26
9   86   19   139.97
9   86   20   145.57
9   86   21   145.56
9   86   22   127.1
9   86   23   61.27
9   87   3   16.09
9   87   4   32.37
9   87   5   40.6
9   87   6   38.9
9   87   7   36.51
9   87   8   30.34
9   87   9   34.25
9   87   10   47.47
9   87   11   61.13
9   87   12   73.3
9   87   13   84.54
9   87   14   94.84
9   87   15   103.64
9   87   16   112.26
9   87   17   121.26
9   87   18   129.74
9   87   19   138.07
9   87   20   146.8
9   87   21   154.17
9   87   22   156.76
9   87   23   150.24
9   87   24   122.05
9   87   25   41.1
9   88   3   22.08
9   88   4   38.41
9   88   5   45.55
9   88   6   34.88
9   88   7   35.21
9   88   8   47.85
9   88   9   58.74
9   88   10   67.4
9   88   11   74.44
9   88   12   80.8
9   88   13   86.83
9   88   14   93.96
9   88   15   101.02
9   88   16   108.43
9   88   17   116.09
9   88   18   122.98
9   88   19   130.14
9   88   20   137.48
9   88   21   147.55
9   88   22   158.5
9   88   23   162.45
9   88   24   154.19
9   88   25   130
9   88   26   50.82
9   89   3   24.61
9   89   4   40.44
9   89   5   49.06
9   89   6   48.5
9   89   7   53.33
9   89   8   65.33
9   89   9   77.89
9   89   10   87.45
9   89   11   94.73
9   89   12   100.39
9   89   13   104.81
9   89   14   108.67
9   89   15   112.32
9   89   16   116.27
9   89   17   120.3
9   89   18   122.4
9   89   19   125.42
9   89   20   131.54
9   89   21   139.31
9   89   22   150.07
9   89   23   160.34
9   89   24   161.79
9   89   25   145.13
9   89   26   102.69
9   90   3   25.52
9   90   4   40.26
9   90   5   51.67
9   90   6   61.78
9   90   7   71.71
9   90   8   81.11
9   90   9   89.7
9   90   10   97.31
9   90   11   103.99
9   90   12   110.07
9   90   13   115.27
9   90   14   119.96
9   90   15   123.46
9   90   16   123.46
9   90   17   119.18
9   90   18   114.92
9   90   19   116.39
9   90   20   122.53
9   90   21   131.78
9   90   22   143.05
9   90   23   154.83
9   90   24   161.62
9   90   25   151.17
9   90   26   117.18
9   91   3   19.86
9   91   4   30.39
9   91   5   38.42
9   91   6   48.01
9   91   7   58.62
9   91   8   68.62
9   91   9   77.37
9   91   10   84.85
9   91   11   91.81
9   91   12   98.89
9   91   13   104.98
9   91   14   107.89
9   91   15   102.98
9   91   16   90.29
9   91   17   70.29
9   91   18   52.27
9   91   19   51.72
9   91   20   65.26
9   91   21   88.81
9   91   22   113.67
9   91   23   135.87
9   91   24   149.41
9   91   25   148.35
9   91   26   124.38
9   92   5   9.01
9   92   6   20.99
9   92   7   32.53
9   92   8   43.37
9   92   9   51.31
9   92   10   58.23
9   92   11   68.89
9   92   12   82.44
9   92   13   91.46
9   92   14   86.72
9   92   15   60.79
9   92   16   17.71
9   92   21   49.06
9   92   22   94.73
9   92   23   123.71
9   92   24   139.31
9   92   25   141.28
9   92   26   131.97
9   92   27   122.68
9   93   10   23.6
9   93   11   50
9   93   12   73.95
9   93   13   79.11
9   93   14   49.76
9   93   22   45.2
9   93   23   96.42
9   93   24   134.27
9   93   25   142.26
9   93   26   126.05
9   94   11   36.72
9   94   12   61.04
9   94   13   34.25
9   95   12   34.09
9   95   13   41.97
9   98   3   17.03
9   98   4   39.23
9   98   21   16.91
9   98   22   24.17
9   98   23   0.17
9   99   3   19.67
9   99   4   24.42
9   99   19   38.44
9   99   20   65.38
9   99   21   81.37
9   99   22   95.07
9   99   23   106.82
9   99   24   116.76
9   99   25   127.22
9   99   26   138.15
9   99   27   145.8
9   100   18   30.61
9   100   19   47.68
9   100   20   60.22
9   100   21   74.8
9   100   22   89.52
9   100   23   103.13
9   100   24   116.29
9   100   25   126.92
9   100   26   134.09
9   100   27   133.65
9   100   28   97.51
10   3   23   12.42
10   4   20   21.36
10   4   21   51.25
10   4   22   73.8
10   4   23   92.7
10   4   24   109.17
10   4   25   120.38
10   4   26   116.26
10   4   27   80.56
10   5   19   35.26
10   5   20   53.45
10   5   21   69.54
10   5   22   87.18
10   5   23   102
10   5   24   113.45
10   5   25   121.33
10   5   26   121.72
10   5   27   110.84
10   6   19   33.25
10   6   20   53.93
10   6   21   73.11
10   6   22   93.08
10   6   23   109.24
10   6   24   121.88
10   6   25   130.77
10   6   26   135.72
10   6   27   130.84
10   6   28   110.79
10   6   29   120.43
10   6   30   137.6
10   7   21   17.71
10   7   22   58.44
10   7   23   88.63
10   7   24   114.43
10   7   25   133.95
10   7   26   133.87
10   7   27   82.25
10   31   3   10.65
10   31   4   28.41
10   31   5   25.16
10   31   6   10.57
10   32   4   27.73
10   32   5   43.44
10   32   6   23.81
10   34   23   86.49
10   34   24   114.01
10   34   25   129.06
10   34   26   133.89
10   34   27   129.66
10   34   28   109.99
10   34   29   3.83
10   35   22   67.24
10   35   23   91.25
10   35   24   103.4
10   35   25   113.33
10   35   26   125.63
10   35   27   138.65
10   35   28   145.02
10   35   29   134.1
10   35   30   52.06
10   36   19   3.99
10   36   20   63.62
10   36   21   88.27
10   36   22   100.14
10   36   23   105.16
10   36   24   108.82
10   36   25   110.89
10   36   26   117.71
10   36   27   129.29
10   36   28   136.85
10   36   29   132.75
10   36   30   108.95
10   37   13   11.77
10   37   14   8.97
10   37   16   19.32
10   37   17   45.25
10   37   18   73.89
10   37   19   97.1
10   37   20   106.66
10   37   21   102.78
10   37   22   96.46
10   37   23   94.07
10   37   24   97.74
10   37   25   101.49
10   37   26   116.88
10   37   27   134.42
10   37   28   135.34
10   37   29   121.37
10   37   30   122.24
10   38   14   42.38
10   38   15   63.49
10   38   16   82.29
10   38   17   98.01
10   38   18   110.86
10   38   19   114.28
10   38   20   97.56
10   38   21   68.19
10   38   22   68.31
10   38   23   69.74
10   38   24   78.41
10   38   25   90.52
10   38   26   110.7
10   38   27   134.29
10   38   28   147.05
10   38   29   144.72
10   38   30   28.72
10   39   15   5.92
10   39   16   51.1
10   39   17   87.72
10   39   18   103.82
10   39   19   100.71
10   39   20   72.04
10   39   21   40.34
10   39   22   25.65
10   39   23   42.69
10   39   24   75.28
10   39   25   91.62
10   39   26   98.66
10   39   27   96.07
10   39   28   69.06
10   40   16   35.44
10   40   17   85.77
10   40   18   107.2
10   40   19   108.54
10   40   20   65.48
10   40   21   18.73
10   40   32   60.77
10   40   33   108.26
10   40   34   118.42
10   41   11   18.11
10   41   12   33.3
10   41   13   41.69
10   41   14   53.3
10   41   15   61.88
10   41   16   75.01
10   41   17   97.13
10   41   18   114.9
10   41   19   123.23
10   41   20   113.23
10   41   21   84.92
10   41   22   49.52
10   41   23   21.55
10   41   30   37.85
10   41   31   98.98
10   41   32   135.9
10   41   33   145.52
10   41   34   130.85
10   42   11   21.53
10   42   12   45.41
10   42   13   53.69
10   42   14   52.71
10   42   15   57.44
10   42   16   72.66
10   42   17   91.97
10   42   18   110.57
10   42   19   124.38
10   42   20   131.78
10   42   21   129.95
10   42   22   125.18
10   42   23   116.91
10   42   24   94.87
10   42   25   53.91
10   42   31   64.68
10   42   32   85.04
10   42   33   81.5
10   43   12   6.09
10   43   17   36.33
10   43   18   68.89
10   43   19   91.06
10   43   20   110.16
10   43   21   121.59
10   43   22   125.61
10   43   23   123.37
10   43   24   118.12
10   43   25   119.41
10   43   26   115.08
10   43   27   71.33
10   44   21   32.96
10   44   22   61.31
10   44   23   82.08
10   44   24   99.34
10   44   25   114.08
10   44   26   118.47
10   45   24   22.22
10   49   10   6.09
10   49   11   29.66
10   50   8   17.75
10   50   9   30.15
10   50   10   47.82
10   50   11   56.63
10   50   12   40.36
10   51   4   16.09
10   51   5   26.93
10   51   6   32.1
10   51   7   30.06
10   51   8   21.49
10   51   9   24.21
10   51   10   33.46
10   51   11   34.04
10   52   4   19.42
10   52   5   28.23
10   52   6   29.16
10   52   7   23.3
10   52   22   3.46
10   52   23   54.77
10   52   24   66.28
10   52   25   54.25
10   53   6   11.44
10   53   7   1.93
10   53   22   20.89
10   53   23   40.31
10   53   24   44.13
10   53   25   6.66
10   54   21   18.66
10   54   22   41.42
10   54   23   36.85
10   55   21   17.45
10   55   22   41.17
10   55   23   38.31
10   83   8   23.2
10   83   9   49.06
10   83   10   66.42
10   83   11   71.38
10   83   12   68.56
10   83   13   60.56
10   83   14   42.86
10   83   15   40.44
10   83   16   34.73
10   83   17   2.14
10   84   9   35.24
10   84   10   65.78
10   84   11   87.93
10   84   12   104.76
10   84   13   117.18
10   84   14   123.88
10   84   15   124.91
10   84   16   124.35
10   84   17   123.48
10   84   18   118
10   84   19   104.02
10   84   20   82.96
10   84   21   59.82
10   85   10   33.99
10   85   11   59.68
10   85   12   78.02
10   85   13   93.93
10   85   14   108.29
10   85   15   120.78
10   85   16   131.42
10   85   17   139.99
10   85   18   146.55
10   85   19   150.63
10   85   20   148.68
10   85   21   135.38
10   85   22   104.98
10   86   3   17.26
10   86   4   39.38
10   86   5   54.91
10   86   6   63.76
10   86   7   65.93
10   86   8   64.08
10   86   9   65.94
10   86   10   72.2
10   86   11   80.92
10   86   12   91.45
10   86   13   102.14
10   86   14   112.3
10   86   15   121.08
10   86   16   128.76
10   86   17   136.17
10   86   18   142.9
10   86   19   148.01
10   86   20   151.35
10   86   21   149.22
10   86   22   134.14
10   86   23   99.27
10   87   3   19.53
10   87   4   36.7
10   87   5   49.41
10   87   6   60.24
10   87   7   70.38
10   87   8   78.42
10   87   9   86.93
10   87   10   96.94
10   87   11   107.26
10   87   12   116.79
10   87   13   125.21
10   87   14   132.62
10   87   15   138.85
10   87   16   144.17
10   87   17   149.52
10   87   18   153.87
10   87   19   157.43
10   87   20   160.17
10   87   21   160.01
10   87   22   152.45
10   87   23   130.65
10   87   24   72.1
10   88   3   23.01
10   88   4   40.94
10   88   5   53.46
10   88   6   61.03
10   88   7   70.74
10   88   8   81.49
10   88   9   91.78
10   88   10   101.04
10   88   11   108.87
10   88   12   115.24
10   88   13   120.12
10   88   14   124.11
10   88   15   127.52
10   88   16   131.58
10   88   17   137.03
10   88   18   143.64
10   88   19   150.2
10   88   20   157.05
10   88   21   163.11
10   88   22   165.59
10   88   23   157.99
10   88   24   134.47
10   88   25   72.8
10   89   3   24.69
10   89   4   40.65
10   89   5   52.35
10   89   6   62.2
10   89   7   72.76
10   89   8   83.53
10   89   9   93.74
10   89   10   102.35
10   89   11   108.29
10   89   12   111.22
10   89   13   111.87
10   89   14   112.19
10   89   15   114.66
10   89   16   120.09
10   89   17   126.62
10   89   18   132.9
10   89   19   139.13
10   89   20   145.68
10   89   21   152.73
10   89   22   160
10   89   23   163.6
10   89   24   157.54
10   89   25   133.12
10   89   26   61.47
10   90   3   22.08
10   90   4   32.23
10   90   5   38.95
10   90   6   48.73
10   90   7   60.32
10   90   8   72.48
10   90   9   83.29
10   90   10   90.46
10   90   11   91.72
10   90   12   87.94
10   90   13   84.41
10   90   14   86.8
10   90   15   93.91
10   90   16   101.44
10   90   17   108.43
10   90   18   114.87
10   90   19   121.23
10   90   20   129.16
10   90   21   139.67
10   90   22   151.18
10   90   23   159.12
10   90   24   159.1
10   90   25   140.62
10   90   26   16.51
10   91   6   6.95
10   91   7   28.74
10   91   8   43.59
10   91   9   54.41
10   91   10   59.13
10   91   11   54.27
10   91   12   49.37
10   91   13   55.5
10   91   14   68.12
10   91   15   74.49
10   91   16   72.96
10   91   17   66.76
10   91   18   67.74
10   91   19   75.83
10   91   20   91.72
10   91   21   116.46
10   91   22   136.78
10   91   23   149.12
10   91   24   155.22
10   91   25   145.29
10   91   26   91.61
10   92   12   25.63
10   92   13   52.96
10   92   14   53.35
10   92   15   30.03
10   92   20   48.48
10   92   21   83.57
10   92   22   103.9
10   92   23   121.33
10   92   24   134.13
10   92   25   123.84
10   92   26   86.41
10   93   12   8.06
10   93   13   23.73
10   93   22   1.98
10   93   23   54.35
10   93   24   73.49
10   93   25   66.7
10   99   23   12.42
10   100   20   21.36
10   100   21   51.25
10   100   22   73.8
10   100   23   92.7
10   100   24   109.17
10   100   25   120.38
10   100   26   116.26
10   100   27   80.56
11   4   24   15.92
11   4   25   32.56
11   5   22   26.45
11   5   23   89.92
11   5   24   121.58
11   5   25   134.1
11   5   26   126.76
11   6   22   50.78
11   6   23   92.57
11   6   24   115.67
11   6   25   142.28
11   6   26   149.78
11   6   27   138.09
11   6   28   128.19
11   6   29   52.87
11   30   2   16.75
11   30   3   25.03
11   30   4   32.83
11   30   5   42.53
11   30   6   45.18
11   30   7   37.9
11   31   3   1.73
11   31   4   30.75
11   31   5   45.85
11   31   6   57.72
11   31   7   59.68
11   32   3   19.76
11   32   4   32.91
11   32   5   43.74
11   32   6   55.2
11   32   7   54.17
11   33   3   25.78
11   33   4   40.18
11   33   5   48.26
11   33   6   55.58
11   33   7   26.8
11   34   6   17.68
11   34   23   89.08
11   34   24   117.49
11   34   25   129.21
11   34   26   122.77
11   34   27   111.26
11   35   22   60.22
11   35   23   95.08
11   35   24   114.86
11   35   25   127.55
11   35   26   137.94
11   35   27   145.01
11   35   28   141.1
11   35   29   89.42
11   36   20   11.93
11   36   21   67.56
11   36   22   98.52
11   36   23   115.96
11   36   24   127.14
11   36   25   130.6
11   36   26   131.33
11   36   27   133.65
11   36   28   134.57
11   36   29   114.51
11   36   30   28.68
11   37   11   32.85
11   37   12   53.33
11   37   13   60.52
11   37   14   37.45
11   37   18   35.98
11   37   19   69.95
11   37   20   97.39
11   37   21   117.29
11   37   22   131.54
11   37   23   138.07
11   37   24   135.41
11   37   25   129.28
11   37   26   130.65
11   37   27   136.78
11   37   28   131.97
11   37   29   101.44
11   38   10   20.83
11   38   11   41.53
11   38   12   60.83
11   38   13   81.07
11   38   14   91.89
11   38   15   93.72
11   38   16   98
11   38   17   108.2
11   38   18   122.81
11   38   19   134.12
11   38   20   141.84
11   38   21   146.58
11   38   22   145.93
11   38   23   133.81
11   38   24   115.52
11   38   25   109.86
11   38   26   118.27
11   38   27   136.5
11   38   28   127.39
11   38   29   62
11   38   32   16.71
11   38   33   54.15
11   39   14   41.94
11   39   15   75.67
11   39   16   96.79
11   39   17   113.42
11   39   18   127.65
11   39   19   138.99
11   39   20   141.85
11   39   21   134.9
11   39   22   118.51
11   39   23   102.12
11   39   24   98.38
11   39   25   105.98
11   39   26   105.41
11   39   27   107.47
11   39   28   106.16
11   39   29   51.41
11   39   31   108.79
11   39   32   156.2
11   39   33   169.75
11   39   34   157.06
11   40   15   5.8
11   40   16   64.98
11   40   17   104.81
11   40   18   125.85
11   40   19   134.62
11   40   20   126.61
11   40   21   109.22
11   40   22   97
11   40   23   87.83
11   40   24   80.17
11   40   25   69.86
11   40   26   52.26
11   40   27   34.79
11   40   28   32.99
11   40   29   22.72
11   40   30   54.79
11   40   31   127.3
11   40   32   155.82
11   40   33   170.49
11   40   34   171.2
11   40   35   176.58
11   41   13   15.59
11   41   14   32.29
11   41   15   50.34
11   41   16   78.39
11   41   17   105.39
11   41   18   123.89
11   41   19   135.08
11   41   20   135.64
11   41   21   122.92
11   41   22   106.13
11   41   23   97.02
11   41   24   95.51
11   41   25   89.38
11   41   26   69.68
11   41   27   43.06
11   41   28   47.98
11   41   29   79.69
11   41   30   120.13
11   41   31   141.32
11   41   32   148.49
11   41   33   142.73
11   41   34   154.1
11   41   35   162.54
11   41   36   54.53
11   42   11   15.22
11   42   12   35.16
11   42   13   47.5
11   42   14   53.31
11   42   15   59.26
11   42   16   72.84
11   42   17   92.68
11   42   18   112.29
11   42   19   127.49
11   42   20   137.82
11   42   21   140.7
11   42   22   139.61
11   42   23   138.07
11   42   24   135.52
11   42   25   135.66
11   42   26   127.74
11   42   27   87.69
11   42   28   46.55
11   42   29   78.34
11   42   30   108.29
11   42   31   116.11
11   42   32   123.06
11   42   33   136.39
11   42   34   148.19
11   42   35   134.27
11   43   17   16.39
11   43   18   66.24
11   43   19   96.79
11   43   20   120.03
11   43   21   133.65
11   43   22   141.31
11   43   23   145.88
11   43   24   148.39
11   43   25   150.49
11   43   26   145.9
11   43   27   127.63
11   43   28   93.06
11   43   29   79.64
11   43   30   127.15
11   43   31   144.29
11   43   32   149.12
11   43   33   151.01
11   43   34   134.2
11   44   19   24.77
11   44   20   48.71
11   44   21   65.48
11   44   22   81.05
11   44   23   100.6
11   44   24   114.6
11   44   25   120.41
11   44   26   117.61
11   44   27   108.51
11   45   24   42.17
11   45   25   97.5
11   45   26   95.82
11   52   5   3.17
11   53   24   16.75
11   55   20   18.42
11   55   21   5.92
11   82   6   33.51
11   82   7   57.76
11   82   8   73.34
11   82   9   79.87
11   82   10   70.84
11   82   11   45.55
11   83   7   36.4
11   83   8   61.29
11   83   9   81.07
11   83   10   95.92
11   83   11   102.87
11   83   12   97.08
11   83   13   76.02
11   83   14   42.12
11   83   15   27.63
11   83   16   35.23
11   83   17   18
11   84   7   10.82
11   84   8   40.47
11   84   9   62.06
11   84   10   80.31
11   84   11   94.75
11   84   12   105.79
11   84   13   112.83
11   84   14   114.21
11   84   15   111.46
11   84   16   110.02
11   84   17   111.44
11   84   18   107.43
11   84   19   83.81
11   84   20   47.87
11   85   6   21.08
11   85   7   36.11
11   85   8   49.91
11   85   9   64.75
11   85   10   79.88
11   85   11   93.5
11   85   12   104.14
11   85   13   112.79
11   85   14   119.73
11   85   15   122.89
11   85   16   125.11
11   85   17   131.09
11   85   18   138.68
11   85   19   144.1
11   85   20   144.27
11   85   21   126
11   85   22   61.61
11   86   3   17.3
11   86   4   37.25
11   86   5   52.26
11   86   6   64.08
11   86   7   73.8
11   86   8   82.62
11   86   9   91.43
11   86   10   99.97
11   86   11   107.86
11   86   12   115.11
11   86   13   121.21
11   86   14   126.15
11   86   15   130.85
11   86   16   135.01
11   86   17   139.48
11   86   18   145.52
11   86   19   152.03
11   86   20   155.37
11   86   21   152.89
11   86   22   135.84
11   86   23   63.64
11   87   3   21.12
11   87   4   38.8
11   87   5   53.12
11   87   6   65.81
11   87   7   77.24
11   87   8   87.76
11   87   9   97.31
11   87   10   105.65
11   87   11   112.05
11   87   12   115.49
11   87   13   116.61
11   87   14   119.48
11   87   15   125.63
11   87   16   133.54
11   87   17   140.76
11   87   18   147.26
11   87   19   154.59
11   87   20   160.48
11   87   21   161.36
11   87   22   153.21
11   87   23   124.25
11   88   3   22.8
11   88   4   40.55
11   88   5   54.61
11   88   6   66.55
11   88   7   77.22
11   88   8   87.11
11   88   9   95.73
11   88   10   102.15
11   88   11   103.76
11   88   12   99.09
11   88   13   91.92
11   88   14   91.03
11   88   15   98.28
11   88   16   110.15
11   88   17   121.68
11   88   18   131.95
11   88   19   142.09
11   88   20   152
11   88   21   159.84
11   88   22   160.75
11   88   23   143.64
11   88   24   79.54
11   89   3   25.24
11   89   4   41.17
11   89   5   53.19
11   89   6   63.49
11   89   7   73.52
11   89   8   83.04
11   89   9   91.25
11   89   10   94.71
11   89   11   88.22
11   89   12   70.38
11   89   13   55.17
11   89   14   53.04
11   89   15   63.95
11   89   16   82.91
11   89   17   101.72
11   89   18   117.64
11   89   19   132
11   89   20   144.47
11   89   21   155.06
11   89   22   161.05
11   89   23   152.54
11   89   24   113.58
11   90   3   23.06
11   90   4   34.17
11   90   5   38.5
11   90   6   44.49
11   90   7   55.74
11   90   8   67.36
11   90   9   74.36
11   90   10   72.08
11   90   11   49.65
11   90   15   20
11   90   16   52.48
11   90   17   76.86
11   90   18   97.51
11   90   19   116.63
11   90   20   133.18
11   90   21   146.62
11   90   22   154.27
11   90   23   145.83
11   90   24   107.83
11   91   3   6.09
11   91   4   10.45
11   91   6   3.33
11   91   7   31.7
11   91   8   43.24
11   91   9   33.09
11   91   16   8.56
11   91   17   33.02
11   91   18   55.29
11   91   19   81.2
11   91   20   109.15
11   91   21   132.18
11   91   22   139.96
11   91   23   124.3
11   91   24   89.32
11   91   25   12.67
11   92   20   45.66
11   92   21   58.27
11   92   22   53.31
11   92   23   33.58
11   96   4   4.48
11   96   5   40.26
11   96   6   49.13
11   100   24   15.92
11   100   25   32.56
12   10   14   6.91
12   11   14   38.91
12   11   15   24.69
12   29   3   5.68
12   29   4   10.9
12   29   5   18.97
12   29   6   31.31
12   29   7   30.96
12   30   2   21.38
12   30   3   40.29
12   30   4   53.21
12   30   5   64.91
12   30   6   73.19
12   30   7   79.06
12   30   8   80
12   30   9   52.89
12   31   3   2.35
12   31   4   28.98
12   31   5   42.33
12   31   6   53.31
12   31   7   64.9
12   31   8   74.11
12   31   9   58.23
12   32   3   23.84
12   32   4   42.17
12   32   5   56.77
12   32   6   67.54
12   32   7   78.32
12   32   8   87.86
12   33   3   23.06
12   33   4   40.42
12   33   5   54.57
12   33   6   66.96
12   33   7   79.07
12   33   8   85.82
12   33   9   33.12
12   34   3   21.25
12   34   4   33.43
12   34   5   43.96
12   34   6   57.1
12   34   7   71.02
12   34   8   74.27
12   34   9   15.67
12   34   23   63.76
12   34   24   104.87
12   34   25   108.62
12   34   26   94.26
12   34   27   72.4
12   35   6   22.43
12   35   7   59.54
12   35   22   64.99
12   35   23   100.19
12   35   24   115.63
12   35   25   126.91
12   35   26   138.67
12   35   27   146.96
12   35   28   141.09
12   35   29   97.45
12   36   7   48.57
12   36   8   38.32
12   36   9   10.53
12   36   10   21.21
12   36   11   40.91
12   36   12   38.89
12   36   21   43.24
12   36   22   81.78
12   36   23   99.96
12   36   24   108.64
12   36   25   111.83
12   36   26   118
12   36   27   129.36
12   36   28   133.95
12   36   29   117.98
12   36   30   49.41
12   37   7   18.04
12   37   8   54.79
12   37   9   67.94
12   37   10   78.32
12   37   11   88.38
12   37   12   97.01
12   37   13   101.15
12   37   14   93.19
12   37   15   54.43
12   37   20   27.85
12   37   21   73.47
12   37   22   103.18
12   37   23   115.31
12   37   24   116.76
12   37   25   121.98
12   37   26   134.01
12   37   27   144.88
12   37   28   145.79
12   37   29   132.88
12   37   30   93.65
12   37   31   46.17
12   37   32   7.57
12   38   9   50.38
12   38   10   73.35
12   38   11   89.5
12   38   12   101.99
12   38   13   112.09
12   38   14   118.68
12   38   15   117.42
12   38   16   110.44
12   38   17   108.61
12   38   18   114.25
12   38   19   121.57
12   38   20   128.43
12   38   21   136.68
12   38   22   138.41
12   38   23   125.81
12   38   24   109.89
12   38   25   111.88
12   38   26   125.86
12   38   27   142.33
12   38   28   147.26
12   38   29   128.88
12   38   30   106.46
12   38   31   98.89
12   38   32   116.39
12   38   33   147.89
12   38   34   167.51
12   39   11   0.45
12   39   12   27.1
12   39   13   50.65
12   39   14   79.69
12   39   15   105.26
12   39   16   122.69
12   39   17   135.69
12   39   18   146.89
12   39   19   155.39
12   39   20   157.87
12   39   21   152.78
12   39   22   136.99
12   39   23   114.11
12   39   24   107.65
12   39   25   115.07
12   39   26   121.26
12   39   27   125.41
12   39   28   135.45
12   39   29   130.69
12   39   30   133.07
12   39   31   144.39
12   39   32   151.78
12   39   33   144.04
12   39   34   114.54
12   39   35   84.06
12   40   15   58.95
12   40   16   97.27
12   40   17   123.52
12   40   18   142.78
12   40   19   151.79
12   40   20   149.86
12   40   21   137.23
12   40   22   119.11
12   40   23   110.38
12   40   24   109.8
12   40   25   111.71
12   40   26   111.27
12   40   27   110.51
12   40   28   116.91
12   40   29   125.78
12   40   30   144.27
12   40   31   161.1
12   40   32   165.85
12   40   33   154.21
12   40   34   95.99
12   40   35   100.46
12   41   14   0.49
12   41   15   53.1
12   41   16   88.02
12   41   17   114.47
12   41   18   134.94
12   41   19   146.55
12   41   20   149.27
12   41   21   141.85
12   41   22   128.68
12   41   23   122.23
12   41   24   122.05
12   41   25   125.42
12   41   26   123.93
12   41   27   116.95
12   41   28   118.97
12   41   29   132.19
12   41   30   142.53
12   41   31   148.04
12   41   32   132.9
12   41   33   65.93
12   41   34   37.97
12   42   13   30.39
12   42   14   52.15
12   42   15   69.07
12   42   16   85.07
12   42   17   103.21
12   42   18   119.5
12   42   19   131.54
12   42   20   141.26
12   42   21   145.01
12   42   22   143.44
12   42   23   142.28
12   42   24   143.88
12   42   25   146.08
12   42   26   142.69
12   42   27   131.21
12   42   28   116.18
12   42   29   111.93
12   42   30   97.85
12   42   31   63.89
12   42   32   46.81
12   42   33   63.15
12   42   34   120.1
12   42   35   91.59
12   43   17   37.52
12   43   18   68
12   43   19   93.62
12   43   20   118.9
12   43   21   134.82
12   43   22   143.24
12   43   23   148.56
12   43   24   150.38
12   43   25   146.42
12   43   26   136.73
12   43   27   125.86
12   43   28   114.25
12   43   29   110.29
12   43   30   106.23
12   43   31   92.73
12   43   32   104
12   43   33   142.99
12   43   34   142.99
12   44   18   22.39
12   44   19   45.37
12   44   20   62.6
12   44   21   79.44
12   44   22   95.11
12   44   23   106.75
12   44   24   112.21
12   44   25   113.07
12   44   26   102.84
12   44   27   84.32
12   44   28   56.08
12   44   29   65.92
12   44   30   92.1
12   44   31   101.68
12   44   32   86.14
12   44   33   3.25
12   45   24   8.23
12   45   25   37.17
12   45   26   4.36
12   81   4   22.1
12   81   5   34.51
12   81   6   42.86
12   81   7   45.67
12   81   8   38.27
12   82   4   20.86
12   82   5   42.11
12   82   6   61.63
12   82   7   77.48
12   82   8   88.61
12   82   9   93.23
12   82   10   84.54
12   82   11   56.42
12   83   3   4.69
12   83   4   19.61
12   83   5   34.04
12   83   6   48.64
12   83   7   63.03
12   83   8   76.02
12   83   9   86.93
12   83   10   94.84
12   83   11   95.43
12   83   12   81.76
12   83   13   55.04
12   84   3   4.32
12   84   4   22.22
12   84   5   36.82
12   84   6   52.13
12   84   7   67.26
12   84   8   80.14
12   84   9   90.52
12   84   10   98.8
12   84   11   104.58
12   84   12   105.63
12   84   13   97.95
12   84   14   74.81
12   84   15   36.52
12   84   16   19.28
12   84   17   45.69
12   85   4   25.25
12   85   5   42.96
12   85   6   57.97
12   85   7   70.99
12   85   8   83.02
12   85   9   93.76
12   85   10   102.49
12   85   11   108.86
12   85   12   111.88
12   85   13   111.86
12   85   14   107.83
12   85   15   90.99
12   85   16   68.84
12   85   17   67.04
12   85   18   79.26
12   85   19   81.09
12   85   20   75.81
12   85   21   22.69
12   86   3   18.87
12   86   4   38.54
12   86   5   54.04
12   86   6   67.18
12   86   7   78.78
12   86   8   88.87
12   86   9   97.39
12   86   10   103.89
12   86   11   108.42
12   86   12   111.29
12   86   13   112.91
12   86   14   115.8
12   86   15   116.95
12   86   16   111.69
12   86   17   107.28
12   86   18   109.69
12   86   19   114.79
12   86   20   117
12   86   21   103.43
12   86   22   43.12
12   87   3   22.27
12   87   4   40.05
12   87   5   54.49
12   87   6   67.08
12   87   7   78.16
12   87   8   87.86
12   87   9   95.65
12   87   10   99.48
12   87   11   97.28
12   87   12   94.49
12   87   13   95.6
12   87   14   99.88
12   87   15   107.74
12   87   16   114.12
12   87   17   116.93
12   87   18   118.88
12   87   19   124.77
12   87   20   132.28
12   87   21   126.83
12   87   22   88.26
12   88   3   24.97
12   88   4   41.96
12   88   5   55.47
12   88   6   66.78
12   88   7   76.74
12   88   8   85.87
12   88   9   93.01
12   88   10   93.99
12   88   11   84.58
12   88   12   70.04
12   88   13   64.2
12   88   14   69.59
12   88   15   83.37
12   88   16   96.03
12   88   17   100.18
12   88   18   99.9
12   88   19   111.26
12   88   20   129.6
12   88   21   132.44
12   88   22   101.21
12   88   23   26.64
12   89   3   25.66
12   89   4   40.83
12   89   5   50.93
12   89   6   58.74
12   89   7   68.6
12   89   8   79.32
12   89   9   85.99
12   89   10   81.47
12   89   11   54.33
12   89   12   3.62
12   89   16   38.41
12   89   17   62.46
12   89   18   82.95
12   89   19   108.29
12   89   20   123.71
12   89   21   118.22
12   89   22   86.97
12   89   23   23.95
12   90   3   22.62
12   90   4   32.51
12   90   5   32.72
12   90   6   32.88
12   90   7   50.06
12   90   8   68.37
12   90   9   74.51
12   90   10   62.14
12   90   17   1.77
12   90   18   52.64
12   90   19   84.16
12   90   20   91.16
12   90   21   76.47
12   90   22   41.23
12   91   3   17.11
12   91   4   18.46
12   91   5   3.41
12   91   7   23.22
12   91   8   56.19
12   91   9   62.06
12   91   10   55.73
12   92   3   3.62
12   92   4   2.63
12   92   8   40.37
12   92   9   62.06
12   95   4   22.1
12   95   5   51.04
12   95   6   58.52
12   96   4   20.99
12   96   5   41.15
12   96   6   60.14
13   1   4   16.63
13   1   5   6.62
13   2   4   8.68
13   2   5   26.49
13   2   6   26.77
13   9   13   0.95
13   9   14   26.52
13   10   10   43.02
13   10   11   65.38
13   10   12   82.95
13   10   13   95.25
13   10   14   102.93
13   10   15   105.99
13   10   16   111.81
13   11   11   19.35
13   11   12   38.73
13   11   13   57.78
13   11   14   72.93
13   11   15   81.25
13   11   16   82.98
13   11   17   93.21
13   22   3   0.74
13   23   3   3.62
13   23   4   4.81
13   29   3   37.85
13   29   4   54.65
13   29   5   63.15
13   29   6   74.27
13   29   7   81.29
13   29   8   79.28
13   29   9   65.63
13   29   10   18.63
13   30   3   27.6
13   30   4   42.48
13   30   5   54.93
13   30   6   65.8
13   30   7   75.31
13   30   8   82.08
13   30   9   83.33
13   30   10   74.9
13   31   3   22.2
13   31   4   40.32
13   31   5   53.67
13   31   6   64.39
13   31   7   70.99
13   31   8   72.16
13   31   9   63.81
13   31   10   9.13
13   32   3   25.63
13   32   4   43.14
13   32   5   56.79
13   32   6   68.39
13   32   7   76.8
13   32   8   78.04
13   32   9   77.07
13   33   3   28.65
13   33   4   44.66
13   33   5   56.64
13   33   6   66.6
13   33   7   74.34
13   33   8   77.47
13   33   9   78.51
13   34   2   0.12
13   34   3   27.46
13   34   4   42.12
13   34   5   54.81
13   34   6   66.88
13   34   7   75.28
13   34   8   78.28
13   34   9   80.35
13   34   23   27.03
13   34   24   80.51
13   34   25   89.55
13   34   26   79.63
13   34   27   56.94
13   35   3   1.56
13   35   4   23.48
13   35   5   41.71
13   35   6   61.37
13   35   7   74.99
13   35   8   83.44
13   35   9   84.24
13   35   10   69.79
13   35   11   45.2
13   35   22   51.03
13   35   23   100.44
13   35   24   117.86
13   35   25   129.6
13   35   26   139.96
13   35   27   144.55
13   35   28   132.91
13   35   29   83.69
13   36   5   18.29
13   36   6   53.85
13   36   7   73.13
13   36   8   84.92
13   36   9   94.15
13   36   10   101.04
13   36   11   104.27
13   36   12   100.96
13   36   13   82.2
13   36   14   41.43
13   36   21   14.52
13   36   22   69.08
13   36   23   89.2
13   36   24   97.7
13   36   25   104.02
13   36   26   113.88
13   36   27   128.05
13   36   28   137.28
13   36   29   132.76
13   36   30   109.39
13   36   31   79.97
13   36   32   86.83
13   36   33   11.89
13   37   6   31.39
13   37   7   60.42
13   37   8   80.44
13   37   9   94.34
13   37   10   104.86
13   37   11   113.29
13   37   12   118.83
13   37   13   119.45
13   37   14   118.84
13   37   15   116.96
13   37   16   105.89
13   37   17   67.54
13   37   21   51.83
13   37   22   90.78
13   37   23   106.76
13   37   24   107.62
13   37   25   114.63
13   37   26   132.27
13   37   27   147.35
13   37   28   153.93
13   37   29   152.09
13   37   30   141.79
13   37   31   138.79
13   37   32   148.91
13   37   33   154.58
13   37   34   137.65
13   38   8   42.37
13   38   9   72.76
13   38   10   92.48
13   38   11   106.63
13   38   12   117.64
13   38   13   126.39
13   38   14   133.54
13   38   15   138.44
13   38   16   139.63
13   38   17   137.28
13   38   18   135.23
13   38   19   133.42
13   38   20   131.01
13   38   21   132.39
13   38   22   132
13   38   23   116.02
13   38   24   93.65
13   38   25   99.89
13   38   26   126.23
13   38   27   147.95
13   38   28   160.82
13   38   29   162.63
13   38   30   161.98
13   38   31   163.78
13   38   32   170.16
13   38   33   167.95
13   38   34   153.6
13   39   9   9.13
13   39   10   50.16
13   39   11   71.56
13   39   12   88.83
13   39   13   104.41
13   39   14   120.54
13   39   15   134.57
13   39   16   145.2
13   39   17   153.09
13   39   18   159.06
13   39   19   162.19
13   39   20   160.89
13   39   21   153.41
13   39   22   134.97
13   39   23   105.12
13   39   24   97.31
13   39   25   112.44
13   39   26   126.68
13   39   27   142.71
13   39   28   158.03
13   39   29   166.83
13   39   30   172.65
13   39   31   174.71
13   39   32   166.76
13   39   33   133.03
13   40   11   9.75
13   40   12   38.65
13   40   13   63.99
13   40   14   88.9
13   40   15   113.2
13   40   16   133.48
13   40   17   148.41
13   40   18   158.77
13   40   19   162.83
13   40   20   158.92
13   40   21   146.69
13   40   22   122.87
13   40   23   110.76
13   40   24   116.63
13   40   25   125.37
13   40   26   125.2
13   40   27   129.99
13   40   28   144.08
13   40   29   156.78
13   40   30   168.7
13   40   31   173.94
13   40   32   166.36
13   40   33   144.86
13   41   13   36.63
13   41   14   64.66
13   41   15   92.97
13   41   16   116.7
13   41   17   135.79
13   41   18   149.6
13   41   19   155.72
13   41   20   154.29
13   41   21   145.76
13   41   22   132.23
13   41   23   127.58
13   41   24   129.79
13   41   25   131.06
13   41   26   121.98
13   41   27   107.98
13   41   28   109.83
13   41   29   120.62
13   41   30   136.51
13   41   31   149.28
13   41   32   119.28
13   42   13   37
13   42   14   62.42
13   42   15   78.46
13   42   16   91.72
13   42   17   105.38
13   42   18   119.46
13   42   19   131.2
13   42   20   140.32
13   42   21   143.09
13   42   22   141.31
13   42   23   140.58
13   42   24   138.79
13   42   25   130.68
13   42   26   113.49
13   42   27   99.14
13   42   28   90.83
13   42   29   82.44
13   42   30   59.34
13   43   12   14.07
13   43   13   24.93
13   43   14   23.3
13   43   15   9.13
13   43   16   10.37
13   43   17   31.82
13   43   18   60.85
13   43   19   91.59
13   43   20   116.33
13   43   21   130.39
13   43   22   135.83
13   43   23   135.41
13   43   24   129.55
13   43   25   115.67
13   43   26   78.05
13   43   27   55.5
13   43   28   51.79
13   43   29   29.73
13   44   19   17.63
13   44   20   33.53
13   44   21   52.44
13   44   22   62.26
13   44   23   55.86
13   44   24   66.94
13   44   25   72.38
13   44   26   33.9
13   81   3   8.8
13   81   4   37.21
13   81   5   53.75
13   81   6   64.51
13   81   7   67.74
13   81   8   60.75
13   81   9   36.67
13   82   3   4.36
13   82   4   31.65
13   82   5   48.28
13   82   6   62.62
13   82   7   75.65
13   82   8   86.17
13   82   9   89.82
13   82   10   75.86
13   82   11   21.9
13   83   3   19.53
13   83   4   38.1
13   83   5   51.66
13   83   6   62.82
13   83   7   72.13
13   83   8   80
13   83   9   85.57
13   83   10   87.59
13   83   11   82.54
13   83   12   44.2
13   84   3   18.15
13   84   4   37.45
13   84   5   52.74
13   84   6   66.11
13   84   7   77.59
13   84   8   86.76
13   84   9   92.23
13   84   10   93.19
13   84   11   90.86
13   84   12   80.28
13   85   3   19.57
13   85   4   38.27
13   85   5   53.46
13   85   6   66.69
13   85   7   77.77
13   85   8   87.05
13   85   9   93.39
13   85   10   95.46
13   85   11   93.4
13   85   12   82.81
13   85   13   44.15
13   86   3   23.96
13   86   4   42.03
13   86   5   56.47
13   86   6   68.87
13   86   7   79.52
13   86   8   87.82
13   86   9   92.54
13   86   10   92.21
13   86   11   89.36
13   86   12   82.98
13   86   13   57.63
13   87   3   27.27
13   87   4   43.72
13   87   5   57.18
13   87   6   68.74
13   87   7   78.72
13   87   8   86.45
13   87   9   89.8
13   87   10   85.75
13   87   11   78.23
13   87   12   70.35
13   87   13   50.61
13   87   20   28.89
13   88   3   27.07
13   88   4   42.83
13   88   5   55.27
13   88   6   66.59
13   88   7   76.97
13   88   8   85.13
13   88   9   87.68
13   88   10   79.04
13   88   11   60.56
13   88   12   41.04
13   88   20   32.04
13   88   21   21.15
13   89   3   24.17
13   89   4   37.99
13   89   5   46.43
13   89   6   54.73
13   89   7   66.89
13   89   8   78.53
13   89   9   82.13
13   89   10   67.66
13   89   11   22.02
13   90   3   19.18
13   90   4   27.63
13   90   5   29.82
13   90   6   15.63
13   90   7   37.71
13   90   8   65.43
13   90   9   76.76
13   90   10   77.44
13   91   3   14.89
13   91   4   19.67
13   91   5   24.64
13   91   8   48.39
13   91   9   69.57
13   91   10   70.55
13   92   3   11.07
13   92   4   18.73
13   92   5   21.56
13   92   8   27.92
13   92   9   52.23
13   92   10   23.98
13   93   4   14.89
13   93   5   10.74
13   94   3   0.25
13   94   4   29.36
13   94   5   41.1
13   94   6   34.91
13   95   3   9.67
13   95   4   36.23
13   95   5   50.99
13   95   6   68.7
13   96   3   2.55
13   96   4   27.66
13   96   5   28.04
13   97   4   16.63
13   97   5   6.62
13   98   4   8.68
13   98   5   26.49
13   98   6   26.77
14   1   3   16.34
14   1   4   34.29
14   1   5   46.43
14   1   6   54.35
14   1   7   63.93
14   1   8   57.12
14   2   3   1.15
14   2   4   24.69
14   2   5   41.53
14   2   6   54.13
14   2   7   61.75
14   2   8   74.94
14   3   6   19.84
14   3   7   3.37
14   9   10   23.6
14   9   11   48.66
14   9   12   64.28
14   9   13   68.66
14   9   14   70.04
14   9   15   63.47
14   10   8   31.76
14   10   9   55.06
14   10   10   73.78
14   10   11   88
14   10   12   100.01
14   10   13   109.95
14   10   14   117.8
14   10   15   122.83
14   10   16   122.65
14   10   17   107.5
14   11   8   25.55
14   11   9   43.34
14   11   10   52.89
14   11   11   60.42
14   11   12   70.11
14   11   13   77.13
14   11   14   87.88
14   11   15   102.35
14   11   16   111.69
14   11   17   112.07
14   11   18   97.95
14   11   19   29.91
14   12   7   3.04
14   12   15   33.48
14   12   16   57.36
14   12   17   53.03
14   22   3   7.36
14   28   5   18.42
14   28   6   35.37
14   28   7   44.64
14   28   8   43.26
14   28   9   22.9
14   29   3   8.27
14   29   4   42.3
14   29   5   60.73
14   29   6   75.46
14   29   7   86.44
14   29   8   92.15
14   29   9   90.13
14   29   10   72.91
14   30   3   17.3
14   30   4   37.24
14   30   5   50.88
14   30   6   62.34
14   30   7   72.61
14   30   8   82.16
14   30   9   89.25
14   30   10   89.24
14   30   11   74.65
14   31   3   23.73
14   31   4   42.35
14   31   5   56.99
14   31   6   69.4
14   31   7   79.93
14   31   8   87.22
14   31   9   88.63
14   31   10   81.14
14   31   11   55.74
14   32   3   27.27
14   32   4   43.61
14   32   5   56.31
14   32   6   67.66
14   32   7   78.11
14   32   8   86.57
14   32   9   89.13
14   32   10   77.82
14   32   11   25.54
14   33   3   28.35
14   33   4   44.2
14   33   5   57.19
14   33   6   68.53
14   33   7   78.53
14   33   8   85.99
14   33   9   88.49
14   33   10   78.64
14   33   11   60.02
14   34   2   1.52
14   34   3   28.23
14   34   4   43.67
14   34   5   56.35
14   34   6   67.37
14   34   7   77.3
14   34   8   85.77
14   34   9   90.72
14   34   10   86.17
14   34   11   74.31
14   34   24   5.27
14   34   25   37.95
14   34   26   32.88
14   35   3   25.24
14   35   4   41.44
14   35   5   55.57
14   35   6   67.51
14   35   7   77.47
14   35   8   85.37
14   35   9   92.48
14   35   10   96.32
14   35   11   92.08
14   35   12   73.94
14   35   22   37.69
14   35   23   104.84
14   35   24   125.29
14   35   25   136.99
14   35   26   144.65
14   35   27   147.29
14   35   28   140.85
14   35   29   124.79
14   35   30   108.76
14   35   31   83.53
14   36   3   8.72
14   36   4   34.37
14   36   5   52.76
14   36   6   66.14
14   36   7   76.76
14   36   8   85.89
14   36   9   93.99
14   36   10   101.16
14   36   11   106.08
14   36   12   104.72
14   36   13   93.97
14   36   14   83.34
14   36   15   80.95
14   36   16   63.66
14   36   21   24.71
14   36   22   82.81
14   36   23   99.53
14   36   24   106.63
14   36   25   112.08
14   36   26   120.78
14   36   27   132.94
14   36   28   144.79
14   36   29   150.59
14   36   30   149.38
14   36   31   152.93
14   36   32   158.26
14   36   33   145.45
14   36   34   23.02
14   37   3   1.4
14   37   4   30.9
14   37   5   49.17
14   37   6   63.39
14   37   7   75.72
14   37   8   86.6
14   37   9   96.31
14   37   10   104.82
14   37   11   112.24
14   37   12   118.87
14   37   13   124.37
14   37   14   129.8
14   37   15   133.64
14   37   16   132.28
14   37   17   120.48
14   37   18   85.65
14   37   19   26.76
14   37   21   43.42
14   37   22   82.5
14   37   23   101.22
14   37   24   104.15
14   37   25   105.63
14   37   26   123.45
14   37   27   142.02
14   37   28   152.21
14   37   29   159.06
14   37   30   165.02
14   37   31   171.32
14   37   32   173.27
14   37   33   165.32
14   37   34   141.61
14   37   35   90.96
14   38   4   16.99
14   38   5   32.62
14   38   6   45.62
14   38   7   59.68
14   38   8   75.33
14   38   9   90.34
14   38   10   102.58
14   38   11   112.4
14   38   12   120.52
14   38   13   127.57
14   38   14   133.97
14   38   15   139.6
14   38   16   143.85
14   38   17   145.43
14   38   18   142.9
14   38   19   137.72
14   38   20   132.5
14   38   21   130.81
14   38   22   130.82
14   38   23   119.82
14   38   24   90.49
14   38   25   75.12
14   38   26   119.53
14   38   27   157.29
14   38   28   169.82
14   38   29   173.48
14   38   30   175.3
14   38   31   176.8
14   38   32   173.85
14   38   33   161.12
14   38   34   152.6
14   39   6   4.9
14   39   7   24.89
14   39   8   44.37
14   39   9   66.55
14   39   10   86.85
14   39   11   102.71
14   39   12   115.34
14   39   13   125.56
14   39   14   134.14
14   39   15   141.6
14   39   16   148.24
14   39   17   153.84
14   39   18   157.89
14   39   19   160.32
14   39   20   160.27
14   39   21   155.1
14   39   22   139.05
14   39   23   103.03
14   39   24   55.5
14   39   25   38.7
14   39   26   89.59
14   39   27   133.36
14   39   28   159.32
14   39   29   172.85
14   39   30   178.69
14   39   31   176.76
14   39   32   163.37
14   39   33   131.54
14   40   7   13.25
14   40   8   30.64
14   40   9   49.24
14   40   10   67.63
14   40   11   84.35
14   40   12   99.69
14   40   13   114.57
14   40   14   127.49
14   40   15   137.92
14   40   16   146.61
14   40   17   153.51
14   40   18   158.77
14   40   19   161.43
14   40   20   159
14   40   21   150.29
14   40   22   125.81
14   40   23   92.98
14   40   24   80.07
14   40   25   69.4
14   40   26   62.99
14   40   27   92.98
14   40   28   122.79
14   40   29   147.32
14   40   30   164.29
14   40   31   170.12
14   40   32   167.21
14   40   33   156.78
14   40   34   139.61
14   40   35   53.51
14   41   9   24.66
14   41   10   44.13
14   41   11   57.37
14   41   12   71.64
14   41   13   88.14
14   41   14   105.06
14   41   15   120.07
14   41   16   131.53
14   41   17   140.06
14   41   18   146.07
14   41   19   147.48
14   41   20   145.37
14   41   21   139.53
14   41   22   123.98
14   41   23   111.36
14   41   24   101.74
14   41   25   78.62
14   41   26   34.37
14   41   27   34.01
14   41   28   68.68
14   41   29   100.71
14   41   30   135.06
14   41   31   166.08
14   41   32   179.59
14   41   33   172.19
14   41   34   77.75
14   42   11   10.12
14   42   12   31.25
14   42   13   51.75
14   42   14   66.84
14   42   15   77.22
14   42   16   84.72
14   42   17   93.56
14   42   18   107.13
14   42   19   120.79
14   42   20   129.55
14   42   21   131.7
14   42   22   129.41
14   42   23   126.68
14   42   24   116.15
14   42   25   92.51
14   42   26   22.51
14   42   30   30.99
14   42   31   49.15
14   42   32   24.69
14   43   18   48.14
14   43   19   86.1
14   43   20   108.84
14   43   21   117.64
14   43   22   112.65
14   43   23   103.13
14   43   24   95.58
14   43   25   82.88
14   43   26   18.76
14   44   25   15.22
14   75   7   34.56
14   76   7   39.15
14   81   3   0.66
14   81   4   34.09
14   81   5   53.95
14   81   6   67.54
14   81   7   70.49
14   81   8   58.1
14   81   9   1.89
14   82   3   12.96
14   82   4   33.04
14   82   5   46.05
14   82   6   57.85
14   82   7   69.74
14   82   8   78.69
14   82   9   77.44
14   82   10   32.8
14   83   3   21.47
14   83   4   40
14   83   5   53.12
14   83   6   62.98
14   83   7   69.52
14   83   8   71.81
14   83   9   68.46
14   83   10   52.18
14   84   3   19.73
14   84   4   38.94
14   84   5   53.28
14   84   6   65
14   84   7   73.96
14   84   8   77.64
14   84   9   72.29
14   84   10   62.7
14   84   11   11.73
14   85   3   24.77
14   85   4   42.66
14   85   5   56.52
14   85   6   67.49
14   85   7   75.93
14   85   8   80.31
14   85   9   75.89
14   85   10   60.28
14   85   11   42.45
14   86   3   28.07
14   86   4   44.11
14   86   5   56.86
14   86   6   67.4
14   86   7   76.12
14   86   8   81.05
14   86   9   77.43
14   86   10   61.29
14   86   11   34.24
14   87   3   27.2
14   87   4   42.35
14   87   5   54.48
14   87   6   64.12
14   87   7   72.63
14   87   8   77.59
14   87   9   74.56
14   87   10   59.72
14   87   11   34.49
14   88   3   25
14   88   4   40.34
14   88   5   52.69
14   88   6   62.48
14   88   7   70.61
14   88   8   77.22
14   88   9   76.82
14   88   10   63.93
14   88   11   44.16
14   89   3   24.07
14   89   4   37.85
14   89   5   47.61
14   89   6   51.98
14   89   7   58.74
14   89   8   69.95
14   89   9   74.71
14   89   10   69.43
14   90   3   21.59
14   90   4   32.42
14   90   5   38.23
14   90   6   10.65
14   90   7   17.03
14   90   8   51.34
14   90   9   67.63
14   90   10   68.27
14   91   3   19.88
14   91   4   30.42
14   91   5   38.8
14   91   8   31.25
14   91   9   59.56
14   91   10   75.44
14   92   3   20.1
14   92   4   31.96
14   92   5   39.95
14   93   3   17.49
14   93   4   33.53
14   93   5   42.46
14   93   6   47.38
14   94   3   16.39
14   94   4   35.93
14   94   5   49.63
14   94   6   64.37
14   95   3   18.18
14   95   4   37.97
14   95   5   49.54
14   95   6   47.34
14   95   7   30.75
14   96   3   16.95
14   96   4   36.23
14   96   5   45.37
14   96   6   41.91
14   96   7   25.54
14   97   3   16.34
14   97   4   34.29
14   97   5   46.43
14   97   6   54.35
14   97   7   63.93
14   97   8   57.12
14   98   3   1.15
14   98   4   24.69
14   98   5   41.53
14   98   6   54.13
14   98   7   61.75
14   98   8   74.94
14   99   6   19.84
14   99   7   3.37
15   1   3   18.04
15   1   4   37.28
15   1   5   51.49
15   1   6   63.91
15   1   7   74.92
15   1   8   79.49
15   1   9   77.54
15   2   3   14.93
15   2   4   29.33
15   2   5   40.29
15   2   6   53.22
15   2   7   65.96
15   2   8   77.03
15   2   9   74.67
15   3   6   27.85
15   3   7   46.57
15   3   8   51.01
15   3   9   33.62
15   8   6   4.98
15   9   5   3
15   9   6   36.43
15   9   7   51.86
15   9   8   64.07
15   9   9   74.53
15   9   10   71.39
15   9   11   64.22
15   9   12   62.58
15   9   13   59.56
15   9   14   55.35
15   9   15   38.31
15   10   6   18.53
15   10   7   45.02
15   10   8   59.03
15   10   9   69.5
15   10   10   80.4
15   10   11   90.33
15   10   12   99.56
15   10   13   106.31
15   10   14   110.88
15   10   15   114.59
15   10   16   114.72
15   10   17   93.59
15   11   7   23.37
15   11   8   33.97
15   11   9   39.55
15   11   10   48.41
15   11   11   61.01
15   11   12   76.26
15   11   13   88.83
15   11   14   98.72
15   11   15   105.6
15   11   16   111.49
15   11   17   110.81
15   11   18   99.57
15   12   13   4.44
15   12   14   45.39
15   12   15   73.06
15   12   16   71.56
15   22   3   13.66
15   28   5   40.13
15   28   6   59.96
15   28   7   67.19
15   28   8   58.83
15   28   9   22.22
15   29   3   5.72
15   29   4   34.61
15   29   5   50.7
15   29   6   63.58
15   29   7   76.45
15   29   8   89.43
15   29   9   94.42
15   29   10   75.96
15   29   11   15.92
15   30   3   23.76
15   30   4   41.98
15   30   5   55.63
15   30   6   66.88
15   30   7   76.36
15   30   8   83.85
15   30   9   88.71
15   30   10   88.93
15   30   11   77.96
15   31   3   25.03
15   31   4   41.29
15   31   5   53.42
15   31   6   64.74
15   31   7   76.14
15   31   8   86.44
15   31   9   91.56
15   31   10   87.37
15   31   11   73.47
15   32   3   26.33
15   32   4   41.59
15   32   5   53.33
15   32   6   64.87
15   32   7   75.79
15   32   8   85.09
15   32   9   90.36
15   32   10   88.76
15   32   11   74.63
15   33   3   25.22
15   33   4   40.34
15   33   5   53.69
15   33   6   65.54
15   33   7   75.82
15   33   8   84.86
15   33   9   91.59
15   33   10   96.04
15   33   11   91.38
15   33   12   12.47
15   34   3   26.77
15   34   4   42.79
15   34   5   55.95
15   34   6   67.26
15   34   7   76.58
15   34   8   84.79
15   34   9   92.13
15   34   10   95.46
15   34   11   89.4
15   34   12   58.99
15   35   3   27.85
15   35   4   43.2
15   35   5   55.17
15   35   6   65.11
15   35   7   74.13
15   35   8   83.16
15   35   9   91.93
15   35   10   99.37
15   35   11   101.38
15   35   12   91.17
15   35   13   64.07
15   35   14   35.37
15   35   15   18.8
15   35   22   47.38
15   35   23   107.14
15   35   24   129.22
15   35   25   143.26
15   35   26   150.07
15   35   27   152.44
15   35   28   149.67
15   35   29   139.78
15   35   30   112.37
15   35   31   56.64
15   36   3   27.66
15   36   4   42.47
15   36   5   53.01
15   36   6   61.33
15   36   7   70.2
15   36   8   80.24
15   36   9   90.47
15   36   10   100.5
15   36   11   109.25
15   36   12   114.63
15   36   13   115.5
15   36   14   116.59
15   36   15   117.26
15   36   16   105.85
15   36   17   59.66
15   36   21   58.08
15   36   22   108.55
15   36   23   121.55
15   36   24   125.85
15   36   25   128.39
15   36   26   134.59
15   36   27   144.03
15   36   28   155.13
15   36   29   162.92
15   36   30   166.7
15   36   31   167.93
15   36   32   160.09
15   37   3   27.46
15   37   4   42.48
15   37   5   54.35
15   37   6   65.65
15   37   7   76.31
15   37   8   85.95
15   37   9   94.37
15   37   10   102.15
15   37   11   109.7
15   37   12   117.38
15   37   13   124.97
15   37   14   131.53
15   37   15   135.93
15   37   16   136.98
15   37   17   131.26
15   37   18   110.29
15   37   19   63.97
15   37   20   30.21
15   37   21   59.7
15   37   22   90.46
15   37   23   103.51
15   37   24   102.75
15   37   25   99.42
15   37   26   111.83
15   37   27   129.55
15   37   28   144.26
15   37   29   155.78
15   37   30   166.54
15   37   31   173.18
15   37   32   168.96
15   37   33   148.82
15   37   34   13.86
15   38   3   26.39
15   38   4   41.58
15   38   5   54.47
15   38   6   66.25
15   38   7   77.22
15   38   8   87.44
15   38   9   96.65
15   38   10   104.46
15   38   11   111.16
15   38   12   117.35
15   38   13   123.71
15   38   14   130.45
15   38   15   136.45
15   38   16   140.52
15   38   17   140.79
15   38   18   135.28
15   38   19   122.69
15   38   20   113.07
15   38   21   114.04
15   38   22   119.47
15   38   23   112.53
15   38   24   80.44
15   38   25   58.66
15   38   26   105.62
15   38   27   147.85
15   38   28   161.45
15   38   29   165.07
15   38   30   169.03
15   38   31   172.27
15   38   32   168.88
15   38   33   155.31
15   39   3   18.1
15   39   4   33.81
15   39   5   46.39
15   39   6   57.72
15   39   7   68.74
15   39   8   79.52
15   39   9   89.93
15   39   10   99.05
15   39   11   106.82
15   39   12   113.71
15   39   13   120.34
15   39   14   127.3
15   39   15   134.8
15   39   16   142.55
15   39   17   149.27
15   39   18   153.68
15   39   19   154.87
15   39   20   153.42
15   39   21   148.49
15   39   22   133.52
15   39   23   97.19
15   39   24   7.9
15   39   26   72.74
15   39   27   138.39
15   39   28   158.25
15   39   29   167.63
15   39   30   172.17
15   39   31   173.23
15   39   32   169.59
15   39   33   155.18
15   40   5   23.02
15   40   6   39.47
15   40   7   52.9
15   40   8   65.26
15   40   9   77.17
15   40   10   87.6
15   40   11   96.85
15   40   12   105.63
15   40   13   114.31
15   40   14   122.28
15   40   15   129.6
15   40   16   136.97
15   40   17   143.55
15   40   18   148.65
15   40   19   151.25
15   40   20   149.38
15   40   21   140.23
15   40   22   111.87
15   40   23   73.83
15   40   24   29.63
15   40   27   85.07
15   40   28   126.17
15   40   29   144.76
15   40   30   155.31
15   40   31   158.7
15   40   32   161.54
15   40   33   158.77
15   40   34   138.73
15   41   8   21.4
15   41   9   40.36
15   41   10   54.73
15   41   11   67.68
15   41   12   80.23
15   41   13   92.17
15   41   14   103.45
15   41   15   113.16
15   41   16   121.35
15   41   17   127.67
15   41   18   130.64
15   41   19   130.06
15   41   20   125.64
15   41   21   115.7
15   41   22   104
15   41   23   98.35
15   41   24   66.4
15   41   27   55.04
15   41   28   91.61
15   41   29   98.09
15   41   30   109.08
15   41   31   134.81
15   41   32   157.2
15   41   33   158.69
15   42   11   10.08
15   42   12   34.39
15   42   13   48.95
15   42   14   61.47
15   42   15   72.27
15   42   16   80.53
15   42   17   91.73
15   42   18   103.94
15   42   19   112.09
15   42   20   113.09
15   42   21   112.58
15   42   22   114.67
15   42   23   111.06
15   42   24   91.81
15   42   25   21.31
15   43   16   16.99
15   43   17   44.11
15   43   18   76.47
15   43   19   97.43
15   43   20   108.4
15   43   21   110.5
15   43   22   97.92
15   43   23   79.56
15   43   24   67.06
15   43   25   43.49
15   44   18   1.93
15   44   19   17.22
15   44   20   21.18
15   73   5   9.3
15   74   5   22.29
15   74   6   47.33
15   74   7   26.9
15   75   6   33.56
15   75   7   63.68
15   75   8   3.83
15   76   6   5.8
15   76   7   39.95
15   80   4   10.33
15   80   5   0.62
15   81   4   27.07
15   81   5   51.31
15   81   6   63.15
15   81   7   51.86
15   82   3   5.35
15   82   4   26.11
15   82   5   39.73
15   82   6   52.34
15   82   7   61.73
15   82   8   58.91
15   82   9   9.87
15   83   3   19.48
15   83   4   34.12
15   83   5   45.18
15   83   6   53.62
15   83   7   52.36
15   83   8   43.02
15   83   9   21.21
15   84   3   21.81
15   84   4   36.23
15   84   5   47.38
15   84   6   56.22
15   84   7   55.09
15   84   8   43.37
15   84   9   20.86
15   85   3   25.82
15   85   4   40.65
15   85   5   52.23
15   85   6   62.18
15   85   7   69.01
15   85   8   63.27
15   85   9   36.87
15   86   3   23.98
15   86   4   39.42
15   86   5   51.51
15   86   6   61.49
15   86   7   69.67
15   86   8   72.31
15   86   9   59.7
15   86   10   12.34
15   87   3   20.38
15   87   4   36.31
15   87   5   46.81
15   87   6   52.9
15   87   7   59.96
15   87   8   65.98
15   87   9   63.7
15   87   10   40.18
15   88   3   21.31
15   88   4   36.08
15   88   5   45.64
15   88   6   48.68
15   88   7   53.58
15   88   8   62.06
15   88   9   64.01
15   88   10   63.43
15   89   3   24.89
15   89   4   38.9
15   89   5   46.45
15   89   6   41.34
15   89   7   40.85
15   89   8   54.13
15   89   9   58.33
15   89   10   42.76
15   90   3   25.55
15   90   4   37.25
15   90   5   39.87
15   90   8   36.08
15   90   9   57.8
15   90   10   52.15
15   91   3   22.84
15   91   4   34.61
15   91   5   40
15   91   8   5.92
15   91   9   37.81
15   92   3   22.84
15   92   4   36.53
15   92   5   42.84
15   93   3   23.18
15   93   4   38.53
15   93   5   47.1
15   93   6   58.28
15   94   3   20.34
15   94   4   38.54
15   94   5   50.65
15   94   6   58.56
15   95   3   19.38
15   95   4   38.89
15   95   5   51.66
15   95   6   55.15
15   95   7   55.48
15   95   8   18.28
15   96   3   18.73
15   96   4   38.22
15   96   5   52.27
15   96   6   62.42
15   96   7   67.96
15   96   8   71.06
15   96   9   68.59
15   97   3   18.04
15   97   4   37.28
15   97   5   51.49
15   97   6   63.91
15   97   7   74.92
15   97   8   79.49
15   97   9   77.54
15   98   3   14.93
15   98   4   29.33
15   98   5   40.29
15   98   6   53.22
15   98   7   65.96
15   98   8   77.03
15   98   9   74.67
15   99   6   27.85
15   99   7   46.57
15   99   8   51.01
15   99   9   33.62
16   1   3   20.44
16   1   4   38.95
16   1   5   51.12
16   1   6   60.87
16   1   7   71.35
16   1   8   81.47
16   1   9   88.53
16   1   10   80.19
16   1   11   38.35
16   2   3   20.76
16   2   4   34.8
16   2   5   41.34
16   2   6   47.29
16   2   7   60.48
16   2   8   74.27
16   2   9   82.6
16   2   10   68.82
16   2   11   25.83
16   3   3   13.41
16   3   4   22.18
16   3   5   21.64
16   3   6   14.85
16   3   7   32.51
16   3   8   48.86
16   3   9   46.17
16   4   4   1.81
16   5   4   4.57
16   6   3   16.05
16   6   4   24.39
16   6   5   38.35
16   6   6   37.06
16   7   3   23.12
16   7   4   35.47
16   7   5   47.91
16   7   6   53.08
16   7   7   41.15
16   8   3   20.03
16   8   4   33.68
16   8   5   46.91
16   8   6   57.27
16   8   7   57.84
16   8   8   48.05
16   8   9   25.33
16   9   3   10.41
16   9   4   28.01
16   9   5   42.74
16   9   6   56.9
16   9   7   68.43
16   9   8   76.93
16   9   9   83.06
16   9   10   82.1
16   9   11   59.8
16   9   12   6.99
16   10   5   19.02
16   10   6   33.33
16   10   7   45.57
16   10   8   57.76
16   10   9   71.58
16   10   10   84.06
16   10   11   91.64
16   10   12   93.85
16   10   13   88.83
16   10   14   84.18
16   10   15   79.54
16   11   8   2.96
16   11   9   24.57
16   11   10   43.74
16   11   11   62.7
16   11   12   73.45
16   11   13   76.62
16   11   14   73.84
16   11   15   57.05
16   11   16   64.12
16   22   3   14.69
16   28   3   3.37
16   28   4   26.97
16   28   5   44.59
16   28   6   63.62
16   28   7   77.2
16   28   8   77.24
16   28   9   42.43
16   29   3   22.89
16   29   4   41.04
16   29   5   54.47
16   29   6   64.94
16   29   7   73.84
16   29   8   81.93
16   29   9   89.43
16   29   10   84.76
16   30   3   23.3
16   30   4   39.58
16   30   5   51.55
16   30   6   61.96
16   30   7   73.41
16   30   8   83.9
16   30   9   89.64
16   30   10   87.45
16   30   11   66.11
16   31   3   24.61
16   31   4   39.89
16   31   5   49.41
16   31   6   59.24
16   31   7   71.27
16   31   8   82.5
16   31   9   87.95
16   31   10   80.18
16   31   11   24.66
16   32   3   23.53
16   32   4   36.41
16   32   5   45.18
16   32   6   57.07
16   32   7   70.73
16   32   8   80.58
16   32   9   80.63
16   32   10   55.03
16   33   3   21.15
16   33   4   35
16   33   5   48.86
16   33   6   60.99
16   33   7   71.14
16   33   8   79.3
16   33   9   79.06
16   33   10   34.21
16   34   3   25.05
16   34   4   41.59
16   34   5   54.73
16   34   6   65.04
16   34   7   72.83
16   34   8   79.92
16   34   9   84.75
16   34   10   80.14
16   34   11   53.17
16   34   25   18.75
16   34   26   32.85
16   34   27   33.89
16   35   3   25.36
16   35   4   39.84
16   35   5   50.19
16   35   6   57.24
16   35   7   65.68
16   35   8   76.26
16   35   9   86.65
16   35   10   95.02
16   35   11   100.72
16   35   12   95.76
16   35   13   79.28
16   35   14   69.5
16   35   22   70.06
16   35   23   107.49
16   35   24   133.68
16   35   25   152.54
16   35   26   161.77
16   35   27   166.36
16   35   28   166.71
16   35   29   162.37
16   35   30   148.64
16   35   31   124.53
16   35   32   26.43
16   36   3   24.95
16   36   4   38.64
16   36   5   48.28
16   36   6   53.1
16   36   7   60.12
16   36   8   71.22
16   36   9   83.18
16   36   10   94.6
16   36   11   105
16   36   12   114.05
16   36   13   121.82
16   36   14   126.85
16   36   15   123.28
16   36   16   90.16
16   36   21   86.85
16   36   22   119.46
16   36   23   136
16   36   24   144.54
16   36   25   149.33
16   36   26   154.38
16   36   27   160.88
16   36   28   168.09
16   36   29   175.97
16   36   30   181.95
16   36   31   183.44
16   36   32   176.87
16   36   33   156.18
16   37   3   25.44
16   37   4   40.13
16   37   5   53.44
16   37   6   66.4
16   37   7   76.35
16   37   8   82.46
16   37   9   88.27
16   37   10   95.68
16   37   11   104.17
16   37   12   112.68
16   37   13   120.43
16   37   14   127.01
16   37   15   130.91
16   37   16   129.43
16   37   17   116.64
16   37   18   83.2
16   37   19   45.34
16   37   20   40.8
16   37   21   77.91
16   37   22   104.09
16   37   23   116.75
16   37   24   119.97
16   37   25   119.41
16   37   26   125.3
16   37   27   136.75
16   37   28   146.08
16   37   29   151.34
16   37   30   161.86
16   37   31   172.76
16   37   32   175.73
16   37   33   168.22
16   37   34   146.21
16   37   35   55.8
16   38   3   26.15
16   38   4   41.64
16   38   5   54.87
16   38   6   66.55
16   38   7   76.62
16   38   8   85.06
16   38   9   91.96
16   38   10   97.89
16   38   11   104.27
16   38   12   111.68
16   38   13   119.41
16   38   14   126.65
16   38   15   132.11
16   38   16   133.68
16   38   17   129.53
16   38   18   116.46
16   38   19   97.36
16   38   20   88.6
16   38   21   96.21
16   38   22   109.06
16   38   23   110.45
16   38   24   94.54
16   38   25   78.09
16   38   26   91.85
16   38   27   120
16   38   28   139.41
16   38   29   151.49
16   38   30   158.33
16   38   31   163.82
16   38   32   168.81
16   38   33   165.74
16   38   34   147.09
16   38   35   120.71
16   39   3   26.67
16   39   4   42.58
16   39   5   55.31
16   39   6   65.24
16   39   7   71.56
16   39   8   75.24
16   39   9   80.16
16   39   10   86.8
16   39   11   94.43
16   39   12   102.31
16   39   13   110.42
16   39   14   119.33
16   39   15   128.64
16   39   16   137.81
16   39   17   144.97
16   39   18   148.66
16   39   19   148.68
16   39   20   146.85
16   39   21   143.39
16   39   22   130.44
16   39   23   94.57
16   39   24   28.47
16   39   26   63.03
16   39   27   122.03
16   39   28   145.18
16   39   29   155.6
16   39   30   160.84
16   39   31   162.63
16   39   32   163.62
16   39   33   161.17
16   39   34   141.04
16   39   35   76.91
16   40   3   16.39
16   40   4   33.35
16   40   5   45.39
16   40   6   54.02
16   40   7   59.74
16   40   8   63.51
16   40   9   66.92
16   40   10   72.04
16   40   11   79.51
16   40   12   88.97
16   40   13   99.17
16   40   14   110.25
16   40   15   120.09
16   40   16   127.83
16   40   17   133.97
16   40   18   139.45
16   40   19   142.02
16   40   20   139.14
16   40   21   124.09
16   40   22   85.11
16   40   23   20.07
16   40   26   50.7
16   40   27   111.04
16   40   28   143.44
16   40   29   151.04
16   40   30   147.65
16   40   31   130.06
16   40   32   129.39
16   40   33   144.77
16   40   34   157.94
16   41   7   4.65
16   41   8   23.88
16   41   9   37.42
16   41   10   49.8
16   41   11   62.92
16   41   12   76.22
16   41   13   88.64
16   41   14   100.94
16   41   15   108.49
16   41   16   112.3
16   41   17   113.9
16   41   18   112.12
16   41   19   100.39
16   41   20   85.26
16   41   21   82.85
16   41   22   82.67
16   41   23   75.79
16   41   26   58.44
16   41   27   126.3
16   41   28   141.57
16   41   29   119.68
16   41   30   57.12
16   41   31   38.66
16   41   32   55.22
16   41   33   44.35
16   42   11   16.22
16   42   12   36.51
16   42   13   50.25
16   42   14   62.2
16   42   15   66.07
16   42   16   72.08
16   42   17   84.89
16   42   18   94.2
16   42   19   94.14
16   42   20   97.88
16   42   21   107.05
16   42   22   109.31
16   42   23   94.31
16   43   17   41.1
16   43   18   75.24
16   43   19   93.5
16   43   20   102.29
16   43   21   98.15
16   43   22   76.82
16   43   23   58.5
16   43   24   24.1
16   44   19   5.06
16   73   3   19.86
16   73   4   35.75
16   73   5   22.13
16   74   4   45.04
16   74   5   63.37
16   74   6   55.35
16   75   5   49.22
16   75   6   66.02
16   75   7   44.2
16   76   5   20.44
16   76   6   37.11
16   80   4   13.99
16   81   4   34.68
16   81   5   46.92
16   81   6   35.65
16   82   4   24.2
16   82   5   38.91
16   82   6   37.64
16   82   7   19.73
16   83   4   21.77
16   83   5   35.21
16   83   6   25.44
16   84   4   23.17
16   84   5   37.31
16   84   6   39.84
16   85   3   4.85
16   85   4   27.57
16   85   5   43.37
16   85   6   55.97
16   85   7   56.93
16   85   8   29.25
16   86   3   6.09
16   86   4   29.56
16   86   5   44.01
16   86   6   54
16   86   7   62.72
16   86   8   62.28
16   86   9   29.39
16   87   3   7.08
16   87   4   30.27
16   87   5   39.37
16   87   6   39.14
16   87   7   46.54
16   87   8   56.84
16   87   9   60.22
16   88   3   13.74
16   88   4   32.75
16   88   5   38.27
16   88   6   31.28
16   88   7   34.83
16   88   8   47.34
16   88   9   50.91
16   89   3   22.6
16   89   4   38.3
16   89   5   43.6
16   89   6   30.84
16   89   7   22.08
16   89   8   44.23
16   89   9   61.18
16   90   3   25.57
16   90   4   38.61
16   90   5   41.64
16   90   8   25.46
16   90   9   47.21
16   90   10   37.24
16   91   3   23.15
16   91   4   36.26
16   91   5   43.99
16   92   3   23.18
16   92   4   38.58
16   92   5   45.64
16   92   6   35.47
16   93   3   25.86
16   93   4   40.96
16   93   5   51.71
16   93   6   65.96
16   93   7   4.61
16   94   3   24.89
16   94   4   41.83
16   94   5   54.04
16   94   6   58.46
16   94   7   65.83
16   94   8   44.4
16   95   3   21.77
16   95   4   40.85
16   95   5   55.25
16   95   6   66.2
16   95   7   72.19
16   95   8   76.19
16   95   9   79.35
16   96   3   19.97
16   96   4   39.28
16   96   5   54.13
16   96   6   66.67
16   96   7   77.26
16   96   8   85.21
16   96   9   89.65
16   96   10   90.88
16   96   11   27.36
16   97   3   20.44
16   97   4   38.95
16   97   5   51.12
16   97   6   60.87
16   97   7   71.35
16   97   8   81.47
16   97   9   88.53
16   97   10   80.19
16   97   11   38.35
16   98   3   20.76
16   98   4   34.8
16   98   5   41.34
16   98   6   47.29
16   98   7   60.48
16   98   8   74.27
16   98   9   82.6
16   98   10   68.82
16   98   11   25.83
16   99   3   13.41
16   99   4   22.18
16   99   5   21.64
16   99   6   14.85
16   99   7   32.51
16   99   8   48.86
16   99   9   46.17
16   100   4   1.81
17   1   3   25.74
17   1   4   42.07
17   1   5   53.31
17   1   6   60.91
17   1   7   70.11
17   1   8   80.73
17   1   9   89.64
17   1   10   91.38
17   1   11   87.24
17   2   3   25.82
17   2   4   40.75
17   2   5   49.74
17   2   6   52.54
17   2   7   59.86
17   2   8   73.48
17   2   9   84.23
17   2   10   84
17   2   11   73.6
17   3   3   25.19
17   3   4   37.73
17   3   5   40.11
17   3   6   28.77
17   3   7   31.42
17   3   8   49.61
17   3   9   62.1
17   3   10   50.71
17   4   3   24.25
17   4   4   33.74
17   4   5   19.32
17   5   3   25.25
17   5   4   34.39
17   5   5   19.88
17   6   3   26.15
17   6   4   40.91
17   6   5   47.02
17   6   6   37.9
17   7   3   24.85
17   7   4   42.47
17   7   5   53.91
17   7   6   55.62
17   7   7   46.54
17   8   3   18.7
17   8   4   38.24
17   8   5   53.17
17   8   6   62.26
17   8   7   62.58
17   8   8   55.48
17   9   4   25.97
17   9   5   46.61
17   9   6   61.43
17   9   7   72.36
17   9   8   78.51
17   9   9   79.66
17   9   10   70.29
17   9   11   54.31
17   10   5   6.34
17   10   6   34.31
17   10   7   52.35
17   10   8   66.7
17   10   9   76.93
17   10   10   82.85
17   10   11   85.58
17   10   12   80.17
17   10   13   51.22
17   11   9   1.77
17   11   10   22.17
17   11   11   39.76
17   11   12   42.34
17   11   13   14.56
17   20   7   7.28
17   22   3   4.03
17   22   4   22.51
17   27   5   21.43
17   27   6   40.57
17   27   7   52.13
17   27   8   53.33
17   27   9   29.21
17   28   3   23.73
17   28   4   35.26
17   28   5   46.52
17   28   6   59.62
17   28   7   73.35
17   28   8   83.67
17   28   9   85.55
17   28   10   72.67
17   29   3   22.04
17   29   4   40.08
17   29   5   53.8
17   29   6   64.45
17   29   7   74.14
17   29   8   83.18
17   29   9   89.57
17   29   10   89.75
17   29   11   75.15
17   29   12   39.14
17   30   3   22.82
17   30   4   38.16
17   30   5   46.81
17   30   6   54.21
17   30   7   66.04
17   30   8   79.95
17   30   9   90.13
17   30   10   93.21
17   30   11   81.57
17   30   12   58.52
17   31   3   23.38
17   31   4   36.11
17   31   5   40.37
17   31   6   47.91
17   31   7   64.2
17   31   8   79.32
17   31   9   87.14
17   31   10   86.34
17   31   11   69.52
17   31   12   42.34
17   32   3   19.07
17   32   4   26.7
17   32   5   28.13
17   32   6   42.08
17   32   7   64.69
17   32   8   76.6
17   32   9   74.81
17   32   10   60.77
17   32   11   31.05
17   32   12   27.27
17   33   3   18
17   33   4   32.4
17   33   5   45.44
17   33   6   53.31
17   33   7   62.48
17   33   8   72.55
17   33   9   67.39
17   33   10   25.82
17   33   11   14.15
17   33   12   19.51
17   34   3   22.25
17   34   4   39.95
17   34   5   51.98
17   34   6   57.99
17   34   7   61.47
17   34   8   71.41
17   34   9   72.82
17   34   10   52.71
17   34   11   32.1
17   34   12   37.14
17   35   3   19.1
17   35   4   33.79
17   35   5   41.28
17   35   6   40.37
17   35   7   46.81
17   35   8   66.26
17   35   9   78.48
17   35   10   80.48
17   35   11   74.24
17   35   12   74
17   35   13   80.5
17   35   14   85.75
17   35   15   51.54
17   35   23   58.24
17   35   24   91.85
17   35   25   122.39
17   35   26   138.43
17   35   27   147.9
17   35   28   141.93
17   35   29   137.51
17   35   30   100.81
17   36   3   19.12
17   36   4   35.95
17   36   5   45.96
17   36   6   43.81
17   36   7   40.24
17   36   8   56.26
17   36   9   76.24
17   36   10   88.68
17   36   11   97.08
17   36   12   104.61
17   36   13   111.5
17   36   14   116.95
17   36   15   119.22
17   36   16   107.87
17   36   17   28.86
17   36   21   33.33
17   36   22   90.98
17   36   23   110.57
17   36   24   122.29
17   36   25   125.27
17   36   26   123.47
17   36   27   120.47
17   36   28   123.53
17   36   29   138.79
17   36   30   164.04
17   36   31   173.84
17   36   32   152.32
17   37   3   20
17   37   4   38.21
17   37   5   52.76
17   37   6   64.6
17   37   7   67.26
17   37   8   64.92
17   37   9   73.56
17   37   10   88.02
17   37   11   100.94
17   37   12   111.27
17   37   13   119.44
17   37   14   124.92
17   37   15   127.35
17   37   16   123.7
17   37   17   107.43
17   37   18   61.98
17   37   21   75.42
17   37   22   105.16
17   37   23   120.1
17   37   24   128.46
17   37   25   133.04
17   37   26   135.72
17   37   27   133.89
17   37   28   120.31
17   37   29   97.74
17   37   30   101.61
17   37   31   127.31
17   37   32   148.08
17   37   33   150.08
17   37   34   24.46
17   38   3   21.38
17   38   4   38.55
17   38   5   50.61
17   38   6   60.71
17   38   7   71.87
17   38   8   80.38
17   38   9   84.16
17   38   10   89.49
17   38   11   97.49
17   38   12   106.64
17   38   13   115.45
17   38   14   123.04
17   38   15   127.38
17   38   16   125.45
17   38   17   113.96
17   38   18   86.31
17   38   19   59.24
17   38   20   57.65
17   38   21   79.19
17   38   22   101.83
17   38   23   114.69
17   38   24   117.8
17   38   25   117.79
17   38   26   123.88
17   38   27   135.79
17   38   28   145.5
17   38   29   148.65
17   38   30   131.49
17   38   31   120.24
17   38   32   133.24
17   38   33   142.45
17   38   34   100.53
17   39   3   22.25
17   39   4   35.62
17   39   5   41.85
17   39   6   44.61
17   39   7   51.56
17   39   8   62.86
17   39   9   74.49
17   39   10   83.92
17   39   11   91.01
17   39   12   96.39
17   39   13   102.86
17   39   14   111.43
17   39   15   121.64
17   39   16   131.71
17   39   17   138.83
17   39   18   141.69
17   39   19   141.52
17   39   20   141.57
17   39   21   141.08
17   39   22   134.04
17   39   23   115.95
17   39   24   90.95
17   39   25   82.94
17   39   26   98.62
17   39   27   123.08
17   39   28   143.59
17   39   29   152.71
17   39   30   142.95
17   39   31   118.02
17   39   32   113.06
17   39   33   121.81
17   40   3   14.23
17   40   4   18.62
17   40   5   15.47
17   40   6   13
17   40   7   18.97
17   40   8   29.27
17   40   9   40.29
17   40   10   50.21
17   40   11   58.85
17   40   12   66.39
17   40   13   75.44
17   40   14   87.4
17   40   15   101.15
17   40   16   115.22
17   40   17   126.58
17   40   18   134.18
17   40   19   134.04
17   40   20   124.22
17   40   21   102.57
17   40   22   61.67
17   40   25   47.07
17   40   26   98.27
17   40   27   129.2
17   40   28   147.7
17   40   29   148.43
17   40   30   124.81
17   40   31   41.26
17   41   8   2.39
17   41   9   23.88
17   41   10   35.82
17   41   11   45.04
17   41   12   51.14
17   41   13   57.42
17   41   14   68.29
17   41   15   80.92
17   41   16   95.4
17   41   17   103.81
17   41   18   103.48
17   41   19   79.38
17   41   20   54.51
17   41   21   42.94
17   41   22   28.23
17   41   23   12.18
17   41   24   20.86
17   41   25   75.73
17   41   26   115.73
17   41   27   134.84
17   41   28   142.76
17   41   29   135.56
17   41   30   17.49
17   42   10   14.36
17   42   11   25.48
17   42   12   31.82
17   42   13   35.37
17   42   14   39.58
17   42   15   43.37
17   42   16   58.39
17   42   17   80.65
17   42   18   90.31
17   42   19   86.34
17   42   20   90.64
17   42   21   84.84
17   42   22   47.75
17   42   26   21.84
17   42   27   84.53
17   42   28   96.6
17   43   17   44.16
17   43   18   74.54
17   43   19   91.35
17   43   20   98.57
17   43   21   88.08
17   43   22   32.93
17   44   19   38.3
17   44   20   43.37
17   73   3   12.05
17   74   3   29.3
17   74   4   49.69
17   74   5   40.42
17   75   4   41.48
17   75   5   39.06
17   75   6   11.73
17   82   4   0.62
17   84   4   1.81
17   84   5   26.32
17   85   4   18.15
17   85   5   38.69
17   85   6   55.29
17   85   7   46.79
17   86   4   23.83
17   86   5   41.4
17   86   6   51.01
17   86   7   60.14
17   86   8   62.5
17   87   3   0.21
17   87   4   28.53
17   87   5   37.9
17   87   6   34.01
17   87   7   41.04
17   87   8   53.1
17   87   9   50.17
17   88   3   10.65
17   88   4   33.22
17   88   5   36.33
17   88   6   10.65
17   88   7   18.46
17   88   8   41.7
17   88   9   48.55
17   89   3   17.9
17   89   4   36.21
17   89   5   41.31
17   89   6   14.32
17   89   8   35.65
17   89   9   48.39
17   89   10   23.41
17   90   3   22.34
17   90   4   38.75
17   90   5   42.71
17   90   6   23.57
17   90   8   22.48
17   90   9   47.98
17   90   10   50.15
17   91   3   23.17
17   91   4   38.66
17   91   5   44.71
17   91   6   31.73
17   92   3   23.81
17   92   4   40.7
17   92   5   50.9
17   92   6   58.99
17   93   3   26.21
17   93   4   42.89
17   93   5   54.43
17   93   6   61.12
17   93   7   62.7
17   94   3   27.82
17   94   4   43.74
17   94   5   56.09
17   94   6   64.9
17   94   7   68.61
17   94   8   64.96
17   94   9   54.04
17   95   3   25.6
17   95   4   42.97
17   95   5   57.09
17   95   6   69.29
17   95   7   79.89
17   95   8   88.63
17   95   9   93.74
17   95   10   88.83
17   95   11   34.49
17   96   3   24.64
17   96   4   42.16
17   96   5   55.52
17   96   6   66.46
17   96   7   76.47
17   96   8   85.26
17   96   9   93.04
17   96   10   96.15
17   96   11   94.87
17   97   3   25.74
17   97   4   42.07
17   97   5   53.31
17   97   6   60.91
17   97   7   70.11
17   97   8   80.73
17   97   9   89.64
17   97   10   91.38
17   97   11   87.24
17   98   3   25.82
17   98   4   40.75
17   98   5   49.74
17   98   6   52.54
17   98   7   59.86
17   98   8   73.48
17   98   9   84.23
17   98   10   84
17   98   11   73.6
17   99   3   25.19
17   99   4   37.73
17   99   5   40.11
17   99   6   28.77
17   99   7   31.42
17   99   8   49.61
17   99   9   62.1
17   99   10   50.71
17   100   3   24.25
17   100   4   33.74
17   100   5   19.32
18   1   3   26.97
18   1   4   41.72
18   1   5   51.69
18   1   6   58.1
18   1   7   67.34
18   1   8   79.64
18   1   9   90.64
18   1   10   96.12
18   1   11   89.53
18   1   12   52.12
18   2   3   24.84
18   2   4   36.7
18   2   5   41.7
18   2   6   43.39
18   2   7   51.65
18   2   8   68.93
18   2   9   85.38
18   2   10   92.08
18   2   11   82.01
18   2   12   63.33
18   3   3   21.59
18   3   4   26.52
18   3   5   19.08
18   3   6   3.66
18   3   7   18.21
18   3   8   44.13
18   3   9   68.8
18   3   10   79.5
18   3   11   72.84
18   4   3   17.71
18   4   4   11.73
18   5   3   19.76
18   5   4   14.73
18   6   3   23.94
18   6   4   28.04
18   6   5   7.65
18   7   3   22.08
18   7   4   33.45
18   7   5   31.45
18   7   6   10.86
18   8   3   13.45
18   8   4   37.25
18   8   5   46.19
18   8   6   44.16
18   8   7   37.73
18   8   8   15.76
18   9   4   21.86
18   9   5   45.11
18   9   6   53.49
18   9   7   56.11
18   9   8   59.86
18   9   9   66.54
18   9   10   62.14
18   10   5   26.81
18   10   6   48.66
18   10   7   60.54
18   10   8   66.31
18   10   9   70.7
18   10   10   73.52
18   10   11   77.84
18   10   12   42.22
18   22   3   28.71
18   22   4   36.26
18   23   3   3.79
18   23   4   45.9
18   23   5   27.2
18   24   4   7.03
18   24   5   30.21
18   26   7   42.84
18   26   8   42.82
18   27   5   12.47
18   27   6   46.65
18   27   7   75.17
18   27   8   78.41
18   27   9   74.49
18   28   3   25.06
18   28   4   41.39
18   28   5   50.97
18   28   6   59.9
18   28   7   70.5
18   28   8   82.77
18   28   9   90.93
18   28   10   94.16
18   28   11   34.57
18   29   3   20.74
18   29   4   37.54
18   29   5   48.99
18   29   6   58.37
18   29   7   70.53
18   29   8   82.43
18   29   9   91.07
18   29   10   94.73
18   29   11   97.04
18   29   12   68.43
18   30   3   22.25
18   30   4   35.34
18   30   5   38.65
18   30   6   40.67
18   30   7   55.48
18   30   8   74.58
18   30   9   87.68
18   30   10   94.93
18   30   11   96.97
18   30   12   93.8
18   31   3   21.36
18   31   4   29.94
18   31   5   23.95
18   31   6   23.06
18   31   7   49.1
18   31   8   72.32
18   31   9   87.53
18   31   10   97.94
18   31   11   100.49
18   31   12   81.02
18   32   3   11.89
18   32   4   11.4
18   32   7   47.24
18   32   8   78.32
18   32   9   92.48
18   32   10   96.06
18   32   11   94.28
18   33   3   16.79
18   33   4   31.05
18   33   5   38.22
18   33   6   33.58
18   33   7   40.95
18   33   8   77.73
18   33   9   88.22
18   33   10   77.5
18   33   11   68.16
18   34   3   19.93
18   34   4   38.59
18   34   5   48.53
18   34   6   47.17
18   34   7   38.24
18   34   8   65.34
18   34   9   82.27
18   34   10   71.58
18   34   11   67.99
18   34   12   42.6
18   35   3   15.14
18   35   4   31.51
18   35   5   37.14
18   35   6   23.64
18   35   7   9.75
18   35   8   57.12
18   35   9   81.3
18   35   10   82.07
18   35   11   79.88
18   35   12   85.94
18   35   13   89.19
18   35   14   59.66
18   36   3   16.83
18   36   4   34.36
18   36   5   39.95
18   36   6   18.39
18   36   8   33.33
18   36   9   77.64
18   36   10   93.4
18   36   11   102.46
18   36   12   111.77
18   36   13   120.37
18   36   14   126.2
18   36   15   124.44
18   36   16   61.49
18   36   23   48.1
18   36   24   63.7
18   36   25   63.78
18   36   26   50.47
18   36   27   9.42
18   37   3   18.86
18   37   4   37.23
18   37   5   50.72
18   37   6   56.46
18   37   7   40.34
18   37   8   26.86
18   37   9   55.99
18   37   10   87.36
18   37   11   104.81
18   37   12   116.98
18   37   13   125.72
18   37   14   131.09
18   37   15   130.63
18   37   16   118.92
18   37   17   64.47
18   37   21   71.17
18   37   22   100.15
18   37   23   118.08
18   37   24   128.82
18   37   25   134.59
18   37   26   134.09
18   37   27   123.34
18   37   28   90.14
18   37   29   10.65
18   38   3   19.93
18   38   4   37.82
18   38   5   51.94
18   38   6   63.62
18   38   7   70.29
18   38   8   66.3
18   38   9   62.7
18   38   10   74.51
18   38   11   90.7
18   38   12   103.28
18   38   13   112.58
18   38   14   118.47
18   38   15   118.03
18   38   16   102.35
18   38   17   61.86
18   38   20   10.49
18   38   21   63.66
18   38   22   95.4
18   38   23   115.39
18   38   24   127.76
18   38   25   136.11
18   38   26   144.05
18   38   27   151.04
18   38   28   150.91
18   38   29   129.54
18   38   30   37.74
18   39   3   11.52
18   39   4   29.5
18   39   5   40.78
18   39   6   50.88
18   39   7   61.77
18   39   8   72.48
18   39   9   80.7
18   39   10   85.8
18   39   11   89.52
18   39   12   94.43
18   39   13   101.36
18   39   14   109.49
18   39   15   117.9
18   39   16   125.17
18   39   17   128.22
18   39   18   124.77
18   39   19   120.36
18   39   20   123.65
18   39   21   129.8
18   39   22   133.29
18   39   23   133
18   39   24   131.68
18   39   25   136.07
18   39   26   144.27
18   39   27   154.2
18   39   28   159.25
18   39   29   147.75
18   39   30   102.96
18   40   6   2.3
18   40   7   20.92
18   40   8   35.13
18   40   9   46.03
18   40   10   54.09
18   40   11   58.14
18   40   12   62.06
18   40   13   70.36
18   40   14   81.07
18   40   15   93.94
18   40   16   108.61
18   40   17   121.86
18   40   18   130.45
18   40   19   130.71
18   40   20   121.76
18   40   21   105.25
18   40   22   81.91
18   40   23   64.05
18   40   24   71.62
18   40   25   96.35
18   40   26   125.33
18   40   27   149.92
18   40   28   161.66
18   40   29   155.19
18   40   30   127.32
18   41   12   4.44
18   41   13   26.22
18   41   14   42.96
18   41   15   62.88
18   41   16   83.64
18   41   17   95.62
18   41   18   92.29
18   41   19   64.86
18   41   20   42.17
18   41   21   30.43
18   41   22   22.1
18   41   23   34.12
18   41   24   74.13
18   41   25   111.5
18   41   26   132.4
18   41   27   144
18   41   28   148.03
18   41   29   142.69
18   41   30   101.14
18   42   11   10.94
18   42   12   27.6
18   42   13   38.08
18   42   14   45.41
18   42   15   54.76
18   42   16   67.67
18   42   17   74.69
18   42   18   77.23
18   42   19   81.92
18   42   20   87.78
18   42   21   74.04
18   42   22   25.11
18   42   24   1.98
18   42   25   66.8
18   42   26   89.42
18   42   27   98.39
18   42   28   113.64
18   42   29   69.67
18   43   12   24.89
18   43   13   39.42
18   43   14   46.19
18   43   15   50.17
18   43   16   58.1
18   43   17   70.52
18   43   18   84.7
18   43   19   97.14
18   43   20   97.2
18   43   21   80.14
18   44   12   28.26
18   44   13   43.54
18   44   14   51.1
18   44   15   48.01
18   44   16   30.09
18   44   17   12.34
18   44   18   35.03
18   44   19   65.07
18   44   20   80.48
18   44   21   82.62
18   44   22   70.81
18   44   23   23.37
18   45   11   7.73
18   45   12   31.7
18   45   13   45.64
18   45   14   46.19
18   45   15   8.15
18   45   21   37.92
18   45   22   35.73
18   46   12   5.8
18   46   13   23.87
18   46   14   12.1
18   48   27   3.91
18   74   3   16.09
18   84   4   6.13
18   84   5   25.6
18   85   4   10.16
18   85   5   43.34
18   85   6   59.14
18   85   7   50.06
18   86   4   23.56
18   86   5   38.06
18   86   6   44.23
18   86   7   56.86
18   86   8   60.67
18   86   9   23.09
18   87   4   24.77
18   87   5   35.85
18   87   6   28.77
18   87   7   29.25
18   87   8   48.71
18   87   9   52.23
18   87   10   14.27
18   88   3   3.46
18   88   4   26.36
18   88   5   29.53
18   88   8   38.09
18   88   9   53.88
18   88   10   50.65
18   89   3   15.84
18   89   4   30.64
18   89   5   30.84
18   89   8   32.69
18   89   9   62.99
18   89   10   59.88
18   89   11   22.62
18   90   3   21.31
18   90   4   36.33
18   90   5   37.96
18   90   6   16.01
18   90   9   39.16
18   90   10   33.04
18   91   3   23.76
18   91   4   40.78
18   91   5   47.43
18   91   6   51.04
18   92   3   23.76
18   92   4   40.7
18   92   5   48.93
18   92   6   53.8
18   92   7   15.18
18   93   3   23.43
18   93   4   41.21
18   93   5   51.66
18   93   6   55.04
18   93   7   36.1
18   94   3   26
18   94   4   42.84
18   94   5   55.91
18   94   6   66.39
18   94   7   75.79
18   94   8   78.58
18   94   9   71.52
18   94   10   39.76
18   95   3   27.47
18   95   4   43.67
18   95   5   56.9
18   95   6   68.51
18   95   7   78.83
18   95   8   88.92
18   95   9   97.14
18   95   10   98.2
18   95   11   79.33
18   96   3   27.27
18   96   4   43.32
18   96   5   55.27
18   96   6   64.81
18   96   7   74.45
18   96   8   83.34
18   96   9   92.13
18   96   10   97.19
18   96   11   90.85
18   96   12   27.4
18   97   3   26.97
18   97   4   41.72
18   97   5   51.69
18   97   6   58.1
18   97   7   67.34
18   97   8   79.64
18   97   9   90.64
18   97   10   96.12
18   97   11   89.53
18   97   12   52.12
18   98   3   24.84
18   98   4   36.7
18   98   5   41.7
18   98   6   43.39
18   98   7   51.65
18   98   8   68.93
18   98   9   85.38
18   98   10   92.08
18   98   11   82.01
18   98   12   63.33
18   99   3   21.59
18   99   4   26.52
18   99   5   19.08
18   99   6   3.66
18   99   7   18.21
18   99   8   44.13
18   99   9   68.8
18   99   10   79.5
18   99   11   72.84
18   100   3   17.71
18   100   4   11.73
19   1   3   25.86
19   1   4   39.92
19   1   5   48.23
19   1   6   54.85
19   1   7   64.14
19   1   8   77.45
19   1   9   89.83
19   1   10   97.82
19   1   11   97.18
19   1   12   82.12
19   1   13   36.85
19   2   3   20.83
19   2   4   28.74
19   2   5   28.86
19   2   6   35.8
19   2   7   49.63
19   2   8   69.47
19   2   9   85.8
19   2   10   94.72
19   2   11   94.64
19   2   12   85.06
19   2   13   64.37
19   3   7   31.84
19   3   8   54.61
19   3   9   70.9
19   3   10   78.71
19   3   11   83.55
19   3   12   56.28
19   7   3   22.38
19   7   4   28.95
19   8   3   5.76
19   8   4   21.31
19   8   5   18.86
19   9   4   26.28
19   9   5   35.03
19   9   6   32.45
19   9   7   37.48
19   9   8   46.41
19   9   9   42.3
19   10   4   5.02
19   10   5   38.33
19   10   6   51.03
19   10   7   54.41
19   10   8   49.3
19   10   9   32.64
19   10   10   27.85
19   22   3   5.22
19   23   3   32.75
19   23   4   60.9
19   24   4   30.36
19   24   5   23.43
19   26   7   40.29
19   26   8   53.69
19   27   4   18.56
19   27   5   32.53
19   27   6   46.81
19   27   7   72.59
19   27   8   84.14
19   27   9   82.96
19   27   10   52.55
19   28   3   22.79
19   28   4   40.72
19   28   5   53.35
19   28   6   63.17
19   28   7   72.85
19   28   8   83.72
19   28   9   92.92
19   28   10   95.11
19   28   11   72.04
19   29   3   19.69
19   29   4   34.77
19   29   5   41.34
19   29   6   47.73
19   29   7   64.24
19   29   8   80.04
19   29   9   89.17
19   29   10   89.83
19   29   11   82.52
19   29   12   30.55
19   30   3   20.76
19   30   4   30.34
19   30   5   24.51
19   30   6   19.61
19   30   7   46.81
19   30   8   69.68
19   30   9   75.93
19   30   10   68.39
19   30   11   55.94
19   31   3   14.56
19   31   4   17.15
19   31   7   12.96
19   31   8   36.2
19   31   9   43.17
19   31   10   38
19   32   8   4.44
19   32   9   24.62
19   33   3   17.41
19   33   4   32.4
19   33   5   33.99
19   33   9   21.46
19   34   3   18.08
19   34   4   36.3
19   34   5   44.66
19   34   6   39.39
19   34   9   42.94
19   34   10   48.41
19   35   3   12.18
19   35   4   30.52
19   35   5   34.05
19   35   9   59.68
19   35   10   68.8
19   35   11   60.04
19   35   12   41.19
19   36   3   15.97
19   36   4   35.75
19   36   5   44.71
19   36   9   50.74
19   36   10   74.63
19   36   11   80.39
19   36   12   79.85
19   36   13   75.67
19   36   14   67.64
19   36   15   8.1
19   37   3   17.26
19   37   4   37.37
19   37   5   49.08
19   37   6   50.61
19   37   9   3.74
19   37   10   70.54
19   37   11   88.69
19   37   12   102.74
19   37   13   112.86
19   37   14   114.02
19   37   15   101.38
19   37   16   49.26
19   37   21   83.33
19   37   22   114.08
19   37   23   129.81
19   37   24   135.29
19   37   25   130.91
19   37   26   117.58
19   37   27   94.57
19   37   28   7.49
19   38   3   20.14
19   38   4   38.59
19   38   5   53.24
19   38   6   60.26
19   38   7   52.21
19   38   8   16.71
19   38   10   55.05
19   38   11   80.92
19   38   12   96.21
19   38   13   105.27
19   38   14   105.33
19   38   15   85.74
19   38   16   34.49
19   38   20   40
19   38   21   90.9
19   38   22   112.01
19   38   23   126.08
19   38   24   137.89
19   38   25   148.46
19   38   26   157.52
19   38   27   162.48
19   38   28   156.79
19   38   29   128.14
19   39   3   21
19   39   4   37.37
19   39   5   48.59
19   39   6   56.77
19   39   7   64.33
19   39   8   67.53
19   39   9   66.75
19   39   10   69.14
19   39   11   76.81
19   39   12   87.02
19   39   13   96.96
19   39   14   105.44
19   39   15   112.07
19   39   16   115.03
19   39   17   110.7
19   39   18   99.24
19   39   19   95.82
19   39   20   104.61
19   39   21   116.92
19   39   22   127.1
19   39   23   134.95
19   39   24   142.24
19   39   25   149.79
19   39   26   157.17
19   39   27   163.12
19   39   28   162.68
19   39   29   148.6
19   39   30   110.68
19   40   4   19.35
19   40   5   27.54
19   40   6   34.65
19   40   7   41.74
19   40   8   49.81
19   40   9   57.36
19   40   10   64.86
19   40   11   69.22
19   40   12   75.79
19   40   13   85.04
19   40   14   95.17
19   40   15   105.3
19   40   16   115.69
19   40   17   126.01
19   40   18   133.92
19   40   19   136.7
19   40   20   133.46
19   40   21   125.98
19   40   22   119.89
19   40   23   120.36
19   40   24   130.13
19   40   25   145.33
19   40   26   159.12
19   40   27   166.14
19   40   28   164.79
19   40   29   151.49
19   40   30   121.22
19   41   12   4.65
19   41   13   37.99
19   41   14   59.22
19   41   15   75.77
19   41   16   88.58
19   41   17   97.05
19   41   18   98.73
19   41   19   83.04
19   41   20   58.85
19   41   21   38.18
19   41   22   39.74
19   41   23   64.12
19   41   24   99.2
19   41   25   125.83
19   41   26   138.57
19   41   27   137.47
19   41   28   131.05
19   41   29   121.73
19   41   30   25.3
19   42   11   5.43
19   42   12   28.74
19   42   13   48.37
19   42   14   66.47
19   42   15   79.26
19   42   16   85.65
19   42   17   82.21
19   42   18   76.55
19   42   19   81.75
19   42   20   84.68
19   42   21   62.64
19   42   22   48.53
19   42   23   61.67
19   42   24   83.17
19   42   25   98.07
19   42   26   90.98
19   42   27   48.41
19   42   28   13.08
19   42   31   16.99
19   42   32   100.83
19   42   33   114.63
19   42   34   81.3
19   43   10   12.63
19   43   11   24.97
19   43   12   40.47
19   43   13   55.92
19   43   14   67.46
19   43   15   77.15
19   43   16   87.59
19   43   17   96.14
19   43   18   102.92
19   43   19   105.27
19   43   20   89.54
19   43   21   35.47
19   43   29   3.62
19   43   30   64.28
19   43   31   97.49
19   43   32   99.94
19   43   33   58.26
19   44   12   6.95
19   44   13   35.6
19   44   14   55.41
19   44   15   67.79
19   44   16   75.61
19   44   17   80.28
19   44   18   83.52
19   44   19   82.08
19   44   20   73.32
19   44   21   63.6
19   44   22   34.8
19   44   29   57.08
19   44   30   100.01
19   44   31   133.89
19   44   32   150.07
19   44   33   141.62
19   44   34   100.21
19   45   13   33.82
19   45   14   59.46
19   45   15   70.15
19   45   16   64.79
19   45   17   46.41
19   45   18   26.53
19   45   19   4.2
19   45   20   28.66
19   45   21   46.08
19   45   22   0.17
19   45   31   49.89
19   45   32   79.44
19   45   33   83.78
19   45   34   1.36
19   46   14   20.63
19   46   15   43.24
19   46   16   32.83
19   47   26   26.87
19   47   27   28.65
19   48   26   29.16
19   48   27   47.89
19   48   28   45.64
19   48   29   26.94
19   49   26   21.81
19   49   27   81.43
19   49   28   79.69
19   49   29   40.93
19   58   26   8.48
19   59   25   45.78
19   59   26   67.81
19   59   27   33.87
19   68   4   2.26
19   68   5   6.21
19   69   5   5.51
19   69   6   11.56
19   70   5   19.38
19   70   6   25.16
19   84   3   25.63
19   84   4   38.67
19   84   5   30.51
19   85   4   32.9
19   85   5   55.92
19   85   6   63.85
19   85   7   53.86
19   86   4   12.38
19   86   5   23.92
19   86   6   37.92
19   86   7   59.98
19   86   8   71.89
19   86   9   43.69
19   87   4   28.74
19   87   5   32.23
19   87   6   14.23
19   87   7   26.73
19   87   8   54.75
19   87   9   72.93
19   87   10   33.78
19   88   4   22.5
19   88   5   18.35
19   88   7   11.81
19   88   8   48.79
19   88   9   67.63
19   88   10   68.1
19   89   4   20.27
19   89   8   32.04
19   89   9   47.17
19   89   10   33.28
19   90   4   19.08
19   90   5   30.46
19   91   4   25.83
19   91   5   37.73
19   91   6   48.64
19   92   3   12.79
19   92   4   32.4
19   92   5   41.55
19   92   6   48.79
19   92   7   10.45
19   93   3   16.83
19   93   4   35.29
19   93   5   46.56
19   93   6   52.37
19   93   7   44.03
19   94   3   20.6
19   94   4   39.41
19   94   5   53.51
19   94   6   65.22
19   94   7   75.89
19   94   8   84.02
19   94   9   83.59
19   94   10   75.44
19   94   11   31.54
19   95   3   24.01
19   95   4   41.93
19   95   5   55.72
19   95   6   67.35
19   95   7   77.75
19   95   8   87.79
19   95   9   97.16
19   95   10   101.44
19   95   11   93.2
19   95   12   34.57
19   96   3   25
19   96   4   41.26
19   96   5   53.4
19   96   6   63.13
19   96   7   73.1
19   96   8   83.02
19   96   9   92.32
19   96   10   98.78
19   96   11   96.77
19   96   12   82.2
19   97   3   25.86
19   97   4   39.92
19   97   5   48.23
19   97   6   54.85
19   97   7   64.14
19   97   8   77.45
19   97   9   89.83
19   97   10   97.82
19   97   11   97.18
19   97   12   82.12
19   97   13   36.85
19   98   3   20.83
19   98   4   28.74
19   98   5   28.86
19   98   6   35.8
19   98   7   49.63
19   98   8   69.47
19   98   9   85.8
19   98   10   94.72
19   98   11   94.64
19   98   12   85.06
19   98   13   64.37
19   99   7   31.84
19   99   8   54.61
19   99   9   70.9
19   99   10   78.71
19   99   11   83.55
19   99   12   56.28
20   1   3   22.99
20   1   4   38.53
20   1   5   46.43
20   1   6   51.12
20   1   7   60.6
20   1   8   74.65
20   1   9   87.61
20   1   10   97.2
20   1   11   101.22
20   1   12   94.11
20   1   13   50.82
20   2   3   21.97
20   2   4   32.29
20   2   5   29.04
20   2   6   27.1
20   2   7   42.61
20   2   8   66.56
20   2   9   83.29
20   2   10   94.49
20   2   11   101.13
20   2   12   95.85
20   2   13   44.25
20   3   3   11.35
20   3   4   7.73
20   3   7   21.9
20   3   8   58.56
20   3   9   74.99
20   3   10   81.74
20   3   11   75.96
20   4   8   1.23
20   7   3   17.82
20   7   4   22.97
20   8   3   5.22
20   8   4   24.27
20   8   5   18.75
20   9   4   23.48
20   9   5   25.89
20   9   6   8.64
20   10   4   16.87
20   10   5   38.44
20   10   6   37.85
20   10   7   20.07
20   23   3   41.58
20   23   4   38.13
20   24   4   38.27
20   27   3   10.9
20   27   4   34.42
20   27   5   45.57
20   27   6   52.1
20   27   7   57.21
20   27   8   59.84
20   27   9   58.68
20   27   10   43.94
20   28   3   21.36
20   28   4   38.44
20   28   5   49.76
20   28   6   61.39
20   28   7   74.78
20   28   8   87.76
20   28   9   98.49
20   28   10   105.69
20   28   11   101.8
20   29   3   18.04
20   29   4   31.62
20   29   5   34.36
20   29   6   37.69
20   29   7   58.35
20   29   8   78
20   29   9   90.05
20   29   10   95.65
20   29   11   94.42
20   29   12   94.2
20   30   3   20.63
20   30   4   30.49
20   30   5   24.27
20   30   7   29.63
20   30   8   53.53
20   30   9   63.58
20   30   10   60.46
20   30   11   50.7
20   30   12   28.56
20   31   3   18.93
20   31   4   27.43
20   31   5   13.21
20   32   3   14.69
20   32   4   23.6
20   33   3   18.59
20   33   4   34.19
20   33   5   41.2
20   33   6   41.72
20   33   7   13.45
20   34   3   18.22
20   34   4   37.01
20   34   5   48.71
20   34   6   55.03
20   34   7   50.16
20   35   3   17.34
20   35   4   32.93
20   35   5   39.92
20   35   6   40.47
20   36   3   22.6
20   36   4   36.72
20   36   5   47.5
20   37   3   23.72
20   37   4   40.24
20   37   5   47.94
20   37   6   36.72
20   37   21   79.16
20   37   22   107.19
20   37   23   126.57
20   37   24   136.43
20   37   25   131.95
20   37   26   108.58
20   37   27   62.4
20   38   3   22.22
20   38   4   39.76
20   38   5   52.08
20   38   6   62.24
20   38   7   52.94
20   38   11   2.18
20   38   12   32.48
20   38   13   24.35
20   38   20   75.4
20   38   21   104.48
20   38   22   120.59
20   38   23   131.97
20   38   24   141.89
20   38   25   151.34
20   38   26   158.44
20   38   27   158.89
20   38   28   145.39
20   38   29   78.32
20   39   3   19.22
20   39   4   34.02
20   39   5   43.29
20   39   6   49.59
20   39   7   55.14
20   39   8   44.08
20   39   9   26.84
20   39   10   37.81
20   39   11   58.97
20   39   12   70.68
20   39   13   74.54
20   39   14   69.38
20   39   15   54.55
20   39   16   41.16
20   39   17   37.53
20   39   18   43.89
20   39   19   58.64
20   39   20   76.49
20   39   21   95.93
20   39   22   112.83
20   39   23   126.95
20   39   24   139.36
20   39   25   148.71
20   39   26   154.18
20   39   27   150.59
20   39   28   134.98
20   39   29   98.67
20   40   4   11.4
20   40   5   25.86
20   40   6   37.86
20   40   7   45.94
20   40   8   56.35
20   40   9   64.74
20   40   10   72.38
20   40   11   80.75
20   40   12   90.13
20   40   13   100.36
20   40   14   110.87
20   40   15   119.29
20   40   16   124.9
20   40   17   129.39
20   40   18   134.09
20   40   19   138.14
20   40   20   141.69
20   40   21   144.61
20   40   22   147.4
20   40   23   152.01
20   40   24   159.15
20   40   25   166.48
20   40   26   168.57
20   40   27   158.64
20   40   28   134.52
20   40   29   90.72
20   41   10   22.38
20   41   11   43.67
20   41   12   61.67
20   41   13   77.95
20   41   14   91.59
20   41   15   103.15
20   41   16   113.33
20   41   17   121.14
20   41   18   125.59
20   41   19   124.93
20   41   20   116.46
20   41   21   106.23
20   41   22   105.2
20   41   23   116.3
20   41   24   134.18
20   41   25   147.46
20   41   26   148.01
20   41   27   124.93
20   41   28   73.8
20   41   32   33.64
20   41   33   24.02
20   42   12   37.24
20   42   13   61.25
20   42   14   78.21
20   42   15   89.6
20   42   16   96.28
20   42   17   97.59
20   42   18   96.07
20   42   19   96.65
20   42   20   94.31
20   42   21   86.44
20   42   22   86.25
20   42   23   99.71
20   42   24   114.86
20   42   25   125.38
20   42   26   125.66
20   42   27   83.64
20   42   30   50.12
20   42   31   120.33
20   42   32   137.06
20   42   33   140.25
20   42   34   110.08
20   43   12   26.42
20   43   13   47.17
20   43   14   61.31
20   43   15   71.56
20   43   16   81.02
20   43   17   90.33
20   43   18   98.68
20   43   19   103.28
20   43   20   97.97
20   43   21   76.17
20   43   22   58.1
20   43   23   76.73
20   43   24   88.41
20   43   25   77.82
20   43   26   57.78
20   43   27   19
20   43   29   35.98
20   43   30   91.91
20   43   31   144.39
20   43   32   169.15
20   43   33   166.61
20   43   34   126.39
20   44   14   28.41
20   44   15   48.57
20   44   16   61.15
20   44   17   69.18
20   44   18   75.42
20   44   19   78.34
20   44   20   66.24
20   44   21   39.95
20   44   26   2.71
20   44   27   34.02
20   44   28   72.14
20   44   29   95.38
20   44   30   113.72
20   44   31   132.2
20   44   32   150.24
20   44   33   162.04
20   44   34   165.85
20   44   35   177.7
20   45   15   50.8
20   45   16   75.05
20   45   17   80.04
20   45   18   70.68
20   45   19   66.39
20   45   20   66.62
20   45   21   56.77
20   45   27   55.57
20   45   28   78.97
20   45   29   82.49
20   45   30   85.33
20   45   31   94.82
20   45   32   113.61
20   45   33   153.12
20   45   34   165.52
20   45   35   110.47
20   46   16   55.15
20   46   17   68.41
20   46   18   67.7
20   46   19   58.21
20   46   20   48.53
20   46   21   40.6
20   46   22   38.64
20   46   23   16.18
20   46   25   3.37
20   46   26   43.39
20   46   27   73.84
20   46   28   75.26
20   46   29   62.06
20   46   30   32.18
20   47   17   17.56
20   47   18   26.24
20   47   26   42.2
20   47   27   54.33
20   47   28   38.89
20   47   29   6.58
20   48   26   14.44
20   48   27   41.26
20   48   28   23.64
20   48   29   1.65
20   49   26   39.87
20   49   27   73.35
20   49   28   64.92
20   49   29   61.6
20   49   30   66.42
20   49   31   51.61
20   50   27   51.67
20   50   28   72.31
20   50   29   70.18
20   50   30   52.29
20   65   3   7.2
20   65   4   3.25
20   67   3   17.03
20   67   4   30.55
20   67   5   28.53
20   67   6   20.67
20   68   4   19.28
20   68   5   29.66
20   68   6   35.57
20   69   5   30.61
20   69   6   39.14
20   70   5   25.46
20   70   6   33.38
20   70   7   7.94
20   71   6   22.36
20   73   1   4.57
20   85   3   8.89
20   85   4   34.29
20   85   5   47.52
20   85   6   41.16
20   86   5   10.65
20   86   6   34.65
20   86   7   53.76
20   86   8   40.93
20   87   3   1.52
20   87   4   10.57
20   87   7   27.24
20   87   8   51.54
20   87   9   29.33
20   88   7   2.35
20   88   8   17.18
20   88   9   18.18
20   90   3   11.07
20   90   4   31.05
20   90   5   21.03
20   91   4   22.01
20   91   5   42.79
20   91   6   29.54
20   92   4   19.02
20   92   5   34.85
20   92   6   46.94
20   93   3   3.33
20   93   4   30.31
20   93   5   45.16
20   93   6   54.79
20   93   7   60.67
20   93   8   29.69
20   93   9   6.09
20   94   3   16.59
20   94   4   37.69
20   94   5   51.77
20   94   6   62.24
20   94   7   73.93
20   94   8   90.33
20   94   9   95.81
20   94   10   85.82
20   94   11   15.3
20   95   3   19.75
20   95   4   38.79
20   95   5   53.12
20   95   6   65.31
20   95   7   75.38
20   95   8   83.34
20   95   9   91.17
20   95   10   97.21
20   95   11   95.93
20   95   12   46.16
20   96   3   20.44
20   96   4   39.04
20   96   5   52.24
20   96   6   62.18
20   96   7   72.81
20   96   8   83.5
20   96   9   92.45
20   96   10   98.85
20   96   11   99.74
20   96   12   90.52
20   97   3   22.99
20   97   4   38.53
20   97   5   46.43
20   97   6   51.12
20   97   7   60.6
20   97   8   74.65
20   97   9   87.61
20   97   10   97.2
20   97   11   101.22
20   97   12   94.11
20   97   13   50.82
20   98   3   21.97
20   98   4   32.29
20   98   5   29.04
20   98   6   27.1
20   98   7   42.61
20   98   8   66.56
20   98   9   83.29
20   98   10   94.49
20   98   11   101.13
20   98   12   95.85
20   98   13   44.25
20   99   3   11.35
20   99   4   7.73
20   99   7   21.9
20   99   8   58.56
20   99   9   74.99
20   99   10   81.74
20   99   11   75.96
20   100   8   1.23
21   1   3   18.76
21   1   4   36.05
21   1   5   45.48
21   1   6   50.31
21   1   7   59.62
21   1   8   70.31
21   1   9   79.32
21   1   10   83.81
21   1   11   76.12
21   1   12   23.6
21   2   3   20.8
21   2   4   33.07
21   2   5   30.52
21   2   6   20.43
21   2   7   32.18
21   2   8   52.12
21   2   9   65.26
21   2   10   68.12
21   2   11   51.65
21   3   3   17.71
21   3   4   22.27
21   3   8   3.29
21   3   9   46.39
21   3   10   42.22
21   4   3   11.23
21   4   4   1.32
21   5   3   3.54
21   5   4   6.21
21   6   3   6.87
21   6   4   21.47
21   6   5   22.85
21   7   3   7.57
21   7   4   19.44
21   8   4   20.37
21   9   4   19.67
21   9   5   13.08
21   10   5   5.92
21   23   2   3.62
21   23   3   41.8
21   23   4   15.26
21   24   4   23.88
21   27   3   11.27
21   27   4   35.26
21   27   5   46.33
21   27   6   47.38
21   27   7   36.65
21   27   8   42.94
21   27   9   41.61
21   28   3   19.67
21   28   4   35.8
21   28   5   46.41
21   28   6   60.92
21   28   7   75.46
21   28   8   85.77
21   28   9   95.25
21   28   10   87.76
21   28   11   40.7
21   29   3   14.89
21   29   4   26.63
21   29   5   24.51
21   29   6   32.59
21   29   7   57.99
21   29   8   75.75
21   29   9   87.21
21   29   10   93.96
21   29   11   96.42
21   29   12   12.79
21   30   3   19.82
21   30   4   29.07
21   30   5   18.69
21   30   7   0.12
21   30   8   36.31
21   30   9   45.62
21   30   10   50.53
21   30   11   52.03
21   31   3   21.92
21   31   4   31.96
21   31   5   25.25
21   32   3   21.12
21   32   4   33.4
21   32   5   34.97
21   32   6   11.85
21   33   3   21
21   33   4   37.19
21   33   5   46.65
21   33   6   51.95
21   33   7   52.58
21   34   3   19.9
21   34   4   37.14
21   34   5   47.98
21   34   6   55.99
21   34   7   57.91
21   34   8   24.35
21   35   3   20.41
21   35   4   34.33
21   35   5   38.53
21   35   6   35.72
21   35   7   22.1
21   36   3   24.72
21   36   4   35.47
21   36   5   38.64
21   37   3   26.24
21   37   4   39.47
21   37   5   47.82
21   37   6   10.24
21   37   20   11.48
21   37   21   46.17
21   37   22   55.8
21   37   23   53.88
21   37   24   45.92
21   37   25   2.71
21   38   3   22.75
21   38   4   38.32
21   38   5   52.09
21   38   6   65.32
21   38   7   54.06
21   38   19   60.5
21   38   20   89.55
21   38   21   111.15
21   38   22   128.66
21   38   23   139.94
21   38   24   142.91
21   38   25   138.49
21   38   26   120.72
21   38   27   63.01
21   39   3   8.35
21   39   4   26.45
21   39   5   38.06
21   39   6   46.7
21   39   7   51.51
21   39   8   30.84
21   39   18   37.09
21   39   19   64.22
21   39   20   83.02
21   39   21   99.68
21   39   22   114.86
21   39   23   130.22
21   39   24   144.71
21   39   25   153.76
21   39   26   152.04
21   39   27   130.32
21   39   28   63.91
21   40   5   20.93
21   40   6   37.42
21   40   7   48.66
21   40   8   60.06
21   40   9   60.61
21   40   10   45.27
21   40   11   32.7
21   40   12   33.56
21   40   13   33.45
21   40   14   23.76
21   40   15   23.68
21   40   16   41.88
21   40   17   67.99
21   40   18   90.88
21   40   19   107.68
21   40   20   122.91
21   40   21   137.86
21   40   22   149.65
21   40   23   159.56
21   40   24   167.3
21   40   25   170.75
21   40   26   162.71
21   40   27   134.16
21   40   28   67.7
21   41   8   33.92
21   41   9   60.26
21   41   10   73.43
21   41   11   75.67
21   41   12   76.28
21   41   13   79.76
21   41   14   82.74
21   41   15   86.15
21   41   16   94.03
21   41   17   106.27
21   41   18   119.11
21   41   19   128.75
21   41   20   135.21
21   41   21   139.51
21   41   22   144.06
21   41   23   149.75
21   41   24   156.32
21   41   25   159.15
21   41   26   151.14
21   41   27   116.44
21   41   28   35.5
21   41   30   42.63
21   41   31   97.74
21   41   32   110.78
21   41   33   86.34
21   42   9   13.7
21   42   10   40.94
21   42   11   62.34
21   42   12   78.28
21   42   13   90.69
21   42   14   100.07
21   42   15   106.05
21   42   16   110.06
21   42   17   112.65
21   42   18   113.89
21   42   19   114.97
21   42   20   115.49
21   42   21   116.14
21   42   22   121.41
21   42   23   131.27
21   42   24   142.27
21   42   25   149.68
21   42   26   143.81
21   42   27   117.1
21   42   28   47.11
21   42   29   43.67
21   42   30   123.67
21   42   31   135.58
21   42   32   139.66
21   42   33   137.06
21   42   34   112.07
21   43   10   30.93
21   43   11   49.06
21   43   12   65.72
21   43   13   78.11
21   43   14   86.26
21   43   15   89.18
21   43   16   87.39
21   43   17   84.75
21   43   18   84.54
21   43   19   88.53
21   43   20   93.93
21   43   21   96.51
21   43   22   100.31
21   43   23   112.98
21   43   24   126.51
21   43   25   132.57
21   43   26   124.43
21   43   27   92.32
21   43   28   37.81
21   43   29   60.57
21   43   30   137.72
21   43   31   155.81
21   43   32   152.98
21   43   33   146.41
21   43   34   123.04
21   43   35   23.65
21   44   12   21.47
21   44   13   41.37
21   44   14   53.97
21   44   15   65.01
21   44   16   72.97
21   44   17   70.06
21   44   18   62.18
21   44   19   65.15
21   44   20   69.65
21   44   21   62.52
21   44   22   53.85
21   44   23   70.31
21   44   24   95.62
21   44   25   109.39
21   44   26   107.67
21   44   27   85.72
21   44   28   63.91
21   44   29   82.56
21   44   30   111.63
21   44   31   134.1
21   44   32   147.32
21   44   33   154.58
21   44   34   151.44
21   44   35   126.3
21   44   36   65.41
21   45   15   11.73
21   45   16   41.8
21   45   17   58.37
21   45   18   72.37
21   45   19   74.14
21   45   20   69.68
21   45   21   62.26
21   45   22   43.37
21   45   23   36.9
21   45   24   45.04
21   45   25   56.31
21   45   26   64.91
21   45   27   68.74
21   45   28   76.95
21   45   29   93.45
21   45   30   109.09
21   45   31   126.3
21   45   32   140.86
21   45   33   150.39
21   45   34   155.11
21   45   35   165.56
21   46   17   13.66
21   46   18   44.73
21   46   19   54.77
21   46   20   64.62
21   46   21   70.74
21   46   22   70.15
21   46   23   63.54
21   46   24   54.13
21   46   25   51.56
21   46   26   61.39
21   46   27   75.53
21   46   28   84.53
21   46   29   84.25
21   46   30   90.74
21   46   31   112.48
21   46   32   124.96
21   46   33   138.23
21   46   34   146.41
21   47   20   16.75
21   47   21   24.39
21   47   22   22.18
21   47   23   18.83
21   47   24   20.03
21   47   25   30.52
21   47   26   46.55
21   47   27   63.45
21   47   28   45.57
21   48   27   45.66
21   49   26   11.64
21   49   27   67.79
21   49   28   65.38
21   49   29   33.02
21   49   30   34.64
21   49   31   68.11
21   49   32   89.92
21   49   33   86.1
21   50   26   38.06
21   50   27   72.63
21   50   28   89.37
21   50   29   92.1
21   50   30   96.31
21   50   31   106.6
21   50   32   115.28
21   50   33   109.81
21   50   34   60.57
21   51   27   34.92
21   51   28   64.89
21   51   29   83.06
21   51   30   86.63
21   51   31   76.11
21   51   32   49.24
21   62   24   1.85
21   62   27   9.96
21   63   24   31.84
21   63   25   43.72
21   63   26   13.82
21   64   25   43.74
21   64   26   66.24
21   64   27   77.91
21   64   28   75.17
21   64   29   46.43
21   65   4   0.74
21   65   26   60.14
21   65   27   83.29
21   65   28   94.14
21   65   29   119.05
21   65   30   115.32
21   65   31   50.9
21   66   26   22.18
21   66   27   81.62
21   66   28   116.96
21   66   29   156.56
21   66   30   168.19
21   67   3   22.62
21   67   4   36.35
21   67   5   38.45
21   68   4   23.92
21   68   5   38.16
21   68   6   45.02
21   69   5   29.33
21   69   6   39.2
21   70   5   22.82
21   70   6   37.13
21   70   7   23.73
21   71   6   34.44
21   71   7   23.2
21   72   6   30.24
21   72   7   36.52
21   73   6   12.79
21   73   7   25.82
21   85   3   3.54
21   85   4   19.61
21   86   5   17.34
21   86   6   39.36
21   87   6   19.78
21   87   7   51.57
21   90   3   4.77
21   90   4   14.32
21   91   3   24.67
21   91   4   37.36
21   91   5   10.45
21   92   3   12.59
21   92   4   32.37
21   92   5   41.97
21   92   6   35.95
21   93   3   10.2
21   93   4   33.81
21   93   5   49.95
21   93   6   62.94
21   93   7   55.57
21   94   3   8.02
21   94   4   32.42
21   94   5   47.41
21   94   6   60.92
21   94   7   79.4
21   94   8   92.4
21   94   9   86.72
21   94   10   25.86
21   95   3   14.81
21   95   4   36.18
21   95   5   51.41
21   95   6   63.17
21   95   7   71.77
21   95   8   80.53
21   95   9   89.54
21   95   10   93.29
21   95   11   64.86
21   96   3   19.08
21   96   4   38.12
21   96   5   51.01
21   96   6   61.01
21   96   7   70.85
21   96   8   79.89
21   96   9   87.52
21   96   10   91.38
21   96   11   83.18
21   96   12   28.41
21   97   3   18.76
21   97   4   36.05
21   97   5   45.48
21   97   6   50.31
21   97   7   59.62
21   97   8   70.31
21   97   9   79.32
21   97   10   83.81
21   97   11   76.12
21   97   12   23.6
21   98   3   20.8
21   98   4   33.07
21   98   5   30.52
21   98   6   20.43
21   98   7   32.18
21   98   8   52.12
21   98   9   65.26
21   98   10   68.12
21   98   11   51.65
21   99   3   17.71
21   99   4   22.27
21   99   8   3.29
21   99   9   46.39
21   99   10   42.22
21   100   3   11.23
21   100   4   1.32
22   1   3   16.99
22   1   4   34.28
22   1   5   42.74
22   1   6   47.71
22   1   7   53.91
22   1   8   56.9
22   1   9   56.9
22   1   10   32.53
22   2   3   17.49
22   2   4   29.97
22   2   5   24.74
22   2   6   9.96
22   2   7   12.84
22   3   3   17.07
22   3   4   22.69
22   4   3   16.31
22   4   4   17.26
22   5   3   15.3
22   5   4   22.34
22   6   3   6.87
22   6   4   19.78
22   6   5   7.65
22   8   4   19.78
22   8   5   13.95
22   23   2   3.33
22   23   3   39.62
22   23   4   45.13
22   24   4   3.04
22   24   5   12.14
22   27   3   3.29
22   27   4   26.86
22   27   5   38.39
22   27   6   46.23
22   27   7   46.65
22   28   3   18.75
22   28   4   35.34
22   28   5   49.61
22   28   6   64.43
22   28   7   74.65
22   28   8   70.8
22   29   3   5.72
22   29   4   18.15
22   29   5   22.97
22   29   6   37.92
22   29   7   52.52
22   29   8   46.14
22   30   3   17.18
22   30   4   26.8
22   30   5   10.33
22   31   3   23.46
22   31   4   34.05
22   31   5   31.42
22   32   3   24.24
22   32   4   38
22   32   5   43.06
22   32   6   38.79
22   33   3   23.1
22   33   4   38.9
22   33   5   48.77
22   33   6   54.04
22   33   7   55.48
22   34   3   22.13
22   34   4   37.64
22   34   5   47.31
22   34   6   54.83
22   34   7   55.37
22   34   8   33.25
22   35   3   21.53
22   35   4   34.12
22   35   5   35.72
22   35   6   27.54
22   35   7   28.26
22   36   3   23.79
22   36   4   32.93
22   36   5   26.36
22   37   3   26.06
22   37   4   39.63
22   37   5   46.14
22   37   6   41.94
22   37   20   26.18
22   37   21   63.6
22   37   22   48.5
22   38   3   20.54
22   38   4   38.21
22   38   5   52.54
22   38   6   59.34
22   38   7   51.67
22   38   18   1.23
22   38   19   51.85
22   38   20   79
22   38   21   100.41
22   38   22   117.13
22   38   23   120.16
22   38   24   92.82
22   38   25   38.45
22   39   4   26.57
22   39   5   43.76
22   39   6   51.54
22   39   7   54.63
22   39   17   29.3
22   39   18   56.52
22   39   19   75.28
22   39   20   90.62
22   39   21   103.43
22   39   22   115.09
22   39   23   128.78
22   39   24   139.9
22   39   25   140.26
22   39   26   119.24
22   39   27   61.63
22   39   29   41.43
22   39   30   106.11
22   39   31   131.74
22   39   32   101.21
22   40   4   5.02
22   40   5   35.21
22   40   6   52.6
22   40   7   60.44
22   40   8   50.99
22   40   16   13.41
22   40   17   48.39
22   40   18   72.83
22   40   19   93.56
22   40   20   111.84
22   40   21   125.98
22   40   22   136.3
22   40   23   144.96
22   40   24   151.12
22   40   25   154.11
22   40   26   148.69
22   40   27   124.56
22   40   28   79.19
22   40   29   63.09
22   40   30   123.78
22   40   31   133.39
22   40   32   91.99
22   41   5   3.13
22   41   6   43.12
22   41   7   62.16
22   41   8   63.68
22   41   9   33.35
22   41   15   26.14
22   41   16   57.95
22   41   17   85.6
22   41   18   107.05
22   41   19   122.04
22   41   20   130.91
22   41   21   135.07
22   41   22   135.34
22   41   23   133.52
22   41   24   134.05
22   41   25   138.15
22   41   26   142.01
22   41   27   125.75
22   41   28   78.67
22   41   29   52.18
22   41   30   90.1
22   41   31   127.75
22   41   32   138.48
22   41   33   119.74
22   42   7   26.18
22   42   8   48.23
22   42   9   61.33
22   42   10   67.04
22   42   11   62.99
22   42   12   52.81
22   42   13   51.43
22   42   14   63.91
22   42   15   84.43
22   42   16   103.55
22   42   17   117.19
22   42   18   126.04
22   42   19   131.12
22   42   20   134.42
22   42   21   137.65
22   42   22   142.19
22   42   23   147.47
22   42   24   151.1
22   42   25   152.71
22   42   26   149.93
22   42   27   136.07
22   42   28   101.91
22   42   29   82.36
22   42   30   100.64
22   42   31   124.49
22   42   32   147.25
22   42   33   164.74
22   42   34   162.64
22   42   35   111.01
22   43   8   20.47
22   43   9   43.74
22   43   10   60.02
22   43   11   71.67
22   43   12   80.29
22   43   13   87.61
22   43   14   95.77
22   43   15   104.07
22   43   16   111.12
22   43   17   115.07
22   43   18   110.9
22   43   19   99.03
22   43   20   92.43
22   43   21   94.37
22   43   22   102.34
22   43   23   114.88
22   43   24   128.99
22   43   25   142.52
22   43   26   148.49
22   43   27   141.61
22   43   28   118.95
22   43   29   104.96
22   43   30   118.69
22   43   31   134.68
22   43   32   150.87
22   43   33   166.66
22   43   34   159.25
22   44   9   2.55
22   44   10   30.69
22   44   11   44.37
22   44   12   58.18
22   44   13   74.6
22   44   14   92.53
22   44   15   108.15
22   44   16   114.72
22   44   17   101.74
22   44   18   64.75
22   44   19   46.88
22   44   20   54.81
22   44   21   66.59
22   44   22   75.44
22   44   23   87.69
22   44   24   101.68
22   44   25   117.54
22   44   26   130.69
22   44   27   133.68
22   44   28   125.61
22   44   29   119.72
22   44   30   124.12
22   44   31   135.63
22   44   32   150.69
22   44   33   166.18
22   44   34   173.25
22   44   35   153.64
22   44   36   42.76
22   45   12   13.41
22   45   13   40.93
22   45   14   71.19
22   45   15   93.23
22   45   16   89.8
22   45   17   60.18
22   45   18   48.12
22   45   19   56.42
22   45   20   66.43
22   45   21   72.29
22   45   22   72.47
22   45   23   77.32
22   45   24   90.15
22   45   25   105.44
22   45   26   116.09
22   45   27   122.09
22   45   28   125.11
22   45   29   129.54
22   45   30   136.04
22   45   31   146.2
22   45   32   157.83
22   45   33   170.65
22   45   34   172.52
22   45   35   165.34
22   46   20   24.39
22   46   21   57.1
22   46   22   73.71
22   46   23   76.22
22   46   24   73.83
22   46   25   80.48
22   46   26   92.84
22   46   27   104.14
22   46   28   114.05
22   46   29   121.48
22   46   30   130.33
22   46   31   145.34
22   46   32   160.25
22   46   33   164.55
22   46   34   141.83
22   47   21   19.93
22   47   22   49.19
22   47   23   61.82
22   47   24   66.02
22   47   25   66.84
22   47   26   73.34
22   47   27   87.45
22   47   28   89.42
22   47   29   73.13
22   47   30   47.18
22   47   31   34.88
22   47   32   9.91
22   48   22   24.72
22   48   23   17.96
22   48   26   41.48
22   48   27   60.61
22   49   26   33.25
22   49   27   71.31
22   49   28   67.84
22   49   29   26.63
22   49   31   44.64
22   49   32   95.08
22   49   33   66.8
22   50   26   29.01
22   50   27   65.32
22   50   28   87.92
22   50   29   90.88
22   50   30   91.94
22   50   31   105.39
22   50   32   124.73
22   50   33   137.02
22   50   34   147.59
22   50   35   195.97
22   51   26   36.58
22   51   27   72.46
22   51   28   98.09
22   51   29   112.06
22   51   30   121.48
22   51   31   130.06
22   51   32   141.03
22   51   33   154.46
22   51   34   130.41
22   52   26   31.19
22   52   27   76.24
22   52   28   101.55
22   52   29   116.56
22   52   30   129.49
22   52   31   103.06
22   52   32   49.76
22   53   23   28.29
22   53   24   44.42
22   53   25   44.9
22   53   26   44.78
22   53   27   55.5
22   53   28   69.11
22   53   29   44.28
22   54   23   0.17
22   54   24   16.51
22   54   25   19.32
22   58   19   8.35
22   60   24   24.92
22   60   25   59.56
22   60   26   44.69
22   61   24   12.96
22   61   25   55.07
22   61   26   83.04
22   61   27   86.51
22   61   28   46.27
22   62   24   17.52
22   62   25   57.31
22   62   26   81.67
22   62   27   111.86
22   62   28   128.22
22   62   29   127.97
22   63   24   25.6
22   63   25   52.92
22   63   26   70.64
22   63   27   87.17
22   63   28   80.17
22   64   3   3.7
22   64   4   4.85
22   64   25   37.74
22   64   26   78.05
22   64   27   96.43
22   64   28   97.22
22   64   29   71.72
22   64   30   72.98
22   65   26   77.17
22   65   27   107.63
22   65   28   114.22
22   65   29   103.3
22   65   30   86.31
22   65   31   24.92
22   66   27   66.27
22   66   28   120.59
22   66   29   132.38
22   66   30   99.24
22   66   31   89.33
22   67   3   26.04
22   67   4   40.6
22   67   5   41.44
22   68   4   31.16
22   68   5   46.52
22   68   6   46.45
22   69   4   11.89
22   69   5   37.86
22   69   6   45.41
22   69   7   33.49
22   70   5   33.36
22   70   6   45.96
22   70   7   34.98
22   71   6   40.82
22   71   7   44.15
22   72   6   34.57
22   72   7   54.47
22   73   6   32.21
22   73   7   43.01
22   74   6   8.27
22   74   7   14.69
22   85   3   25.46
22   85   4   42.71
22   86   5   46.14
22   86   6   40.37
22   87   6   35.26
22   87   7   31.28
22   91   3   1.89
22   92   3   27.54
22   92   4   32.83
22   93   3   16.22
22   93   4   32.94
22   93   5   38.67
22   93   6   39.73
22   94   4   31.13
22   94   5   50.1
22   94   6   64.84
22   94   7   77.08
22   94   8   68.28
22   95   3   14.36
22   95   4   35.75
22   95   5   50.65
22   95   6   63.15
22   95   7   74.09
22   95   8   82.56
22   95   9   73.76
22   95   10   3.04
22   96   3   15.55
22   96   4   35.13
22   96   5   47.31
22   96   6   56.19
22   96   7   65.04
22   96   8   74.58
22   96   9   76.45
22   96   10   52.96
22   97   3   16.99
22   97   4   34.28
22   97   5   42.74
22   97   6   47.71
22   97   7   53.91
22   97   8   56.9
22   97   9   56.9
22   97   10   32.53
22   98   3   17.49
22   98   4   29.97
22   98   5   24.74
22   98   6   9.96
22   98   7   12.84
22   99   3   17.07
22   99   4   22.69
22   100   3   16.31
22   100   4   17.26
23   1   3   17.52
23   1   4   33.41
23   1   5   39.87
23   1   6   42.71
23   1   7   39.66
23   2   3   11.11
23   2   4   23.76
23   2   5   11.31
23   3   3   13.82
23   3   4   20.1
23   4   3   14.73
23   4   4   20.38
23   5   3   13.74
23   5   4   26.25
23   6   4   17.34
23   8   4   4.53
23   22   3   24.27
23   22   4   0.7
23   23   2   1.44
23   23   3   35.13
23   23   4   45.83
23   23   5   33.12
23   27   4   18.11
23   27   5   18.62
23   27   6   6.46
23   28   3   20.44
23   28   4   38.22
23   28   5   51.69
23   28   6   56.75
23   28   7   53.87
23   29   3   0.21
23   29   4   18.35
23   29   5   32.97
23   29   6   45.69
23   29   7   36.03
23   30   3   10.28
23   30   4   21.56
23   30   5   10.24
23   31   3   20.2
23   31   4   32.29
23   31   5   31.53
23   32   3   24.13
23   32   4   37.4
23   32   5   43.14
23   32   6   37.85
23   33   3   24.24
23   33   4   39.22
23   33   5   48.66
23   33   6   52.24
23   33   7   45.66
23   34   3   22.43
23   34   4   36.3
23   34   5   43.96
23   34   6   50.61
23   34   7   52.37
23   35   3   20.38
23   35   4   28.44
23   35   5   21.64
23   35   6   32.94
23   36   3   23.14
23   36   4   28.41
23   36   5   2.67
23   37   2   2.06
23   37   3   27.85
23   37   4   39.79
23   37   5   45.94
23   38   3   24.17
23   38   4   41.82
23   38   5   54.33
23   38   6   61.06
23   38   7   23.41
23   38   19   20.6
23   38   20   49.04
23   38   21   77.93
23   38   22   101.03
23   38   23   104.29
23   38   24   71.98
23   38   29   87.45
23   38   30   138.14
23   38   31   137.95
23   39   3   7.49
23   39   4   34.17
23   39   5   47.85
23   39   6   54.43
23   39   7   35.65
23   39   17   22.02
23   39   18   36.23
23   39   19   48.12
23   39   20   59.12
23   39   21   68.85
23   39   22   78.32
23   39   23   93.85
23   39   24   114.51
23   39   25   121.94
23   39   26   101.71
23   39   27   43.89
23   39   28   11.27
23   39   29   73.21
23   39   30   108.01
23   39   31   119.05
23   39   32   131.96
23   40   4   21.93
23   40   5   38.61
23   40   6   47.09
23   40   7   18.79
23   40   17   22.72
23   40   18   37.45
23   40   19   46.94
23   40   20   55.7
23   40   21   66.94
23   40   22   79.83
23   40   23   94.86
23   40   24   109.24
23   40   25   122.72
23   40   26   129.08
23   40   27   119.39
23   40   28   98.65
23   40   29   95.33
23   40   30   111.54
23   40   31   122.53
23   40   32   115.76
23   41   5   18.59
23   41   6   6.34
23   41   15   31.96
23   41   16   64.26
23   41   17   85.9
23   41   18   97.47
23   41   19   100.45
23   41   20   95.68
23   41   21   88.87
23   41   22   85.38
23   41   23   87.74
23   41   24   97.51
23   41   25   113.45
23   41   26   128.06
23   41   27   127.51
23   41   28   106.87
23   41   29   94.47
23   41   30   103.63
23   41   31   123.33
23   41   32   134.86
23   41   33   127.63
23   41   34   81.32
23   42   5   8.23
23   42   6   29.79
23   42   7   40.34
23   42   8   38.12
23   42   9   25.25
23   42   13   27.66
23   42   14   44.49
23   42   15   65.94
23   42   16   92.28
23   42   17   109.08
23   42   18   117.13
23   42   19   119.38
23   42   20   119.54
23   42   21   119.35
23   42   22   118.98
23   42   23   119.32
23   42   24   122.25
23   42   25   127.4
23   42   26   133.36
23   42   27   136.21
23   42   28   129.16
23   42   29   120.75
23   42   30   122.8
23   42   31   134.54
23   42   32   149.13
23   42   33   157.89
23   42   34   157.01
23   42   35   141.26
23   43   6   22.74
23   43   7   39.15
23   43   8   51.39
23   43   9   60.6
23   43   10   66.29
23   43   11   72.51
23   43   12   81.29
23   43   13   91.24
23   43   14   101
23   43   15   110.65
23   43   16   119.32
23   43   17   121.4
23   43   18   111.1
23   43   19   90.59
23   43   20   77.1
23   43   21   76.79
23   43   22   85.43
23   43   23   96.57
23   43   24   109.08
23   43   25   123.04
23   43   26   136.97
23   43   27   146.26
23   43   28   148.63
23   43   29   146.27
23   43   30   147.08
23   43   31   152.32
23   43   32   162.45
23   43   33   169.68
23   43   34   162.27
23   43   35   118.87
23   44   6   16.51
23   44   7   32.86
23   44   8   45.16
23   44   9   58.41
23   44   10   69.88
23   44   11   78.64
23   44   12   86.14
23   44   13   95.47
23   44   14   107.22
23   44   15   116.91
23   44   16   119.73
23   44   17   108.11
23   44   18   74.06
23   44   19   36.13
23   44   20   27.85
23   44   21   43.29
23   44   22   61.19
23   44   23   76.67
23   44   24   90.47
23   44   25   104.43
23   44   26   120.41
23   44   27   135.49
23   44   28   145.73
23   44   29   151.21
23   44   30   156.34
23   44   31   164.37
23   44   32   174.09
23   44   33   180.66
23   44   34   178.83
23   44   35   167.04
23   45   10   31.62
23   45   11   49.65
23   45   12   67.67
23   45   13   85.99
23   45   14   102.31
23   45   15   114.23
23   45   16   120.75
23   45   17   116.29
23   45   18   96.06
23   45   19   65.21
23   45   20   52.29
23   45   21   61.04
23   45   22   74.36
23   45   23   86.14
23   45   24   97.1
23   45   25   107.83
23   45   26   118.44
23   45   27   129.6
23   45   28   140.11
23   45   29   149.66
23   45   30   158.68
23   45   31   166.81
23   45   32   174.21
23   45   33   177.93
23   45   34   176.61
23   45   35   151.81
23   46   13   51.17
23   46   14   76.36
23   46   15   90.91
23   46   16   94.3
23   46   17   72.72
23   46   18   18.01
23   46   21   25.16
23   46   22   59.52
23   46   23   75.79
23   46   24   82.94
23   46   25   90.62
23   46   26   102.6
23   46   27   117.36
23   46   28   127.94
23   46   29   133.96
23   46   30   144.17
23   46   31   160.86
23   46   32   170.88
23   46   33   159.67
23   46   34   64.88
23   47   21   10.49
23   47   22   52.64
23   47   23   72.89
23   47   24   84.58
23   47   25   87.61
23   47   26   89.79
23   47   27   95.9
23   47   28   78.69
23   47   29   43.17
23   47   30   43.81
23   47   31   40.7
23   48   21   31.28
23   48   22   62.52
23   48   23   75.74
23   48   24   80.22
23   48   25   81.05
23   48   26   78.18
23   48   27   52.03
23   49   21   27.14
23   49   22   51.49
23   49   23   61.78
23   49   24   67.14
23   49   25   73.02
23   49   26   79.73
23   49   27   83.12
23   49   28   57.44
23   49   31   6.58
23   49   32   55.09
23   49   33   26.27
23   50   21   24.46
23   50   22   33.68
23   50   23   34.24
23   50   24   38.66
23   50   25   50.57
23   50   26   66.04
23   50   27   83.64
23   50   28   95.71
23   50   29   94.29
23   50   30   91.35
23   50   31   102.18
23   50   32   124.86
23   50   33   142.62
23   50   34   156.72
23   50   35   173.81
23   51   23   0.95
23   51   24   19.03
23   51   25   36.65
23   51   26   57.69
23   51   27   82.49
23   51   28   106.39
23   51   29   121.04
23   51   30   129.78
23   51   31   139.4
23   51   32   148.45
23   51   33   154.76
23   51   34   143.65
23   52   24   28.65
23   52   25   50.93
23   52   26   74.33
23   52   27   104.26
23   52   28   125.16
23   52   29   134.02
23   52   30   140.44
23   52   31   132.6
23   52   32   92.76
23   53   22   19.06
23   53   23   38.1
23   53   24   56.99
23   53   25   70.96
23   53   26   83.43
23   53   27   99.75
23   53   28   110.01
23   53   29   93.11
23   53   30   41.94
23   60   24   39.06
23   60   25   54.09
23   60   26   6.46
23   61   23   8.35
23   61   24   59.28
23   61   25   82.85
23   61   26   93.71
23   61   27   103.04
23   61   28   111.7
23   61   29   119.94
23   62   24   36.58
23   62   25   82.26
23   62   26   101.8
23   62   27   114.28
23   62   28   115.9
23   62   29   110.25
23   63   24   27.82
23   63   25   56.84
23   63   26   79.3
23   63   27   95.62
23   63   28   90.83
23   63   29   19.22
23   64   3   11.07
23   64   4   9.63
23   64   25   24.75
23   64   26   71.82
23   64   27   96.21
23   64   28   103.82
23   64   29   83.15
23   64   30   20.89
23   65   4   0.95
23   65   26   73.43
23   65   27   98.45
23   65   28   100.04
23   65   29   87.56
23   65   30   26.66
23   66   3   17.07
23   66   4   6.13
23   66   26   1.27
23   66   27   71.85
23   66   28   120.28
23   66   29   121.94
23   67   3   27.27
23   67   4   43.02
23   67   5   43.86
23   67   6   23.95
23   68   3   19.75
23   68   4   39.44
23   68   5   51.36
23   68   6   47.52
23   68   7   8.76
23   69   3   10.45
23   69   4   33.02
23   69   5   47.29
23   69   6   51.67
23   69   7   43.62
23   70   4   22.46
23   70   5   45.13
23   70   6   54.9
23   70   7   52.41
23   71   5   28.65
23   71   6   48.3
23   71   7   52.24
23   72   5   5.64
23   72   6   45.78
23   72   7   62.4
23   73   6   37.37
23   73   7   64.75
23   74   6   36.79
23   74   7   42.97
23   74   8   26.9
23   75   6   21.34
23   75   7   21.99
23   94   3   9.54
23   94   4   27.92
23   94   5   26.04
23   94   6   30.34
23   95   3   16.63
23   95   4   39.52
23   95   5   55.86
23   95   6   61.27
23   95   7   50.65
23   96   3   8.39
23   96   4   29.47
23   96   5   39.39
23   96   6   48.82
23   96   7   53.15
23   96   8   22.74
23   97   3   17.52
23   97   4   33.41
23   97   5   39.87
23   97   6   42.71
23   97   7   39.66
23   98   3   11.11
23   98   4   23.76
23   98   5   11.31
23   99   3   13.82
23   99   4   20.1
23   100   3   14.73
23   100   4   20.38
24   1   3   18.53
24   1   4   33.77
24   1   5   38.81
24   1   6   41.91
24   1   7   29.6
24   2   3   10.24
24   2   4   23.87
24   2   5   18.28
24   2   6   21.28
24   3   3   9.01
24   3   4   18.04
24   3   10   6.42
24   3   11   39.85
24   3   12   24.02
24   4   3   13.12
24   4   4   20.14
24   4   10   19.18
24   4   11   32.62
24   4   12   13.66
24   5   3   10.57
24   5   4   23.29
24   22   3   12.42
24   22   4   1.73
24   23   3   25.97
24   23   4   39.76
24   23   5   29.07
24   27   4   0.99
24   27   5   10.9
24   28   3   19.84
24   28   4   36.75
24   28   5   44.18
24   28   6   40.13
24   29   4   18.96
24   29   5   36.97
24   29   6   51.95
24   30   3   0.41
24   30   4   7.36
24   30   5   5.51
24   30   6   21.38
24   31   3   12.38
24   31   4   26.77
24   31   5   17.63
24   32   3   19.97
24   32   4   33.84
24   32   5   38.58
24   32   6   21.68
24   33   3   23.99
24   33   4   38.22
24   33   5   46.12
24   33   6   47.66
24   33   7   23.25
24   34   3   21.21
24   34   4   33.3
24   34   5   42.07
24   34   6   46.74
24   34   7   20.24
24   35   3   14.77
24   35   4   15.67
24   35   5   21.27
24   36   3   14.89
24   36   4   4.4
24   37   2   3.7
24   37   3   24.06
24   37   4   34.42
24   38   2   1.23
24   38   3   25.92
24   38   4   36.18
24   38   5   35.93
24   38   17   8.43
24   38   18   18.56
24   38   19   20.3
24   38   20   20.83
24   38   21   37.16
24   38   22   64.28
24   38   23   77.39
24   38   24   67.35
24   38   25   43.64
24   38   28   50
24   38   29   106.08
24   38   30   134.64
24   38   31   146.46
24   39   3   19.63
24   39   4   35.31
24   39   5   41.16
24   39   17   18.21
24   39   18   40.88
24   39   19   55.21
24   39   20   66.85
24   39   21   78.37
24   39   22   89.98
24   39   23   101.01
24   39   24   114.67
24   39   25   123.53
24   39   26   112.48
24   39   27   88.27
24   39   28   88.46
24   39   29   108.48
24   39   30   129.41
24   39   31   135.96
24   39   32   144.93
24   40   3   5.88
24   40   4   31.87
24   40   5   41.08
24   40   20   8.72
24   40   21   36.03
24   40   22   59.7
24   40   23   80.93
24   40   24   99.08
24   40   25   114.12
24   40   26   125.67
24   40   27   131.89
24   40   28   131.97
24   40   29   135.2
24   40   30   141.71
24   40   31   142.91
24   40   32   129.38
24   41   4   23.3
24   41   5   29.25
24   41   13   3.58
24   41   14   52.95
24   41   15   69.57
24   41   16   72.83
24   41   17   67.82
24   41   18   58.81
24   41   19   42.89
24   41   20   25.41
24   41   21   24.52
24   41   22   41.95
24   41   23   64.05
24   41   24   85.7
24   41   25   105.47
24   41   26   121.62
24   41   27   129.89
24   41   28   127.26
24   41   29   128.17
24   41   30   135.29
24   41   31   142
24   41   32   135.58
24   41   33   95.29
24   42   4   18.14
24   42   5   37.47
24   42   6   44.9
24   42   7   42.5
24   42   8   33.94
24   42   9   8.02
24   42   14   54.33
24   42   15   80.77
24   42   16   94.8
24   42   17   96.37
24   42   18   91.73
24   42   19   86.63
24   42   20   79.09
24   42   21   70.89
24   42   22   68.7
24   42   23   75.89
24   42   24   90.86
24   42   25   108.51
24   42   26   124.48
24   42   27   135.47
24   42   28   141.61
24   42   29   145
24   42   30   149.4
24   42   31   155.18
24   42   32   158.72
24   42   33   160.36
24   42   34   162.9
24   42   35   133.02
24   43   4   7.32
24   43   5   35.95
24   43   6   51.71
24   43   7   63.09
24   43   8   71.34
24   43   9   76.31
24   43   10   77.75
24   43   11   80.19
24   43   12   83.68
24   43   13   89.43
24   43   14   99.82
24   43   15   109.46
24   43   16   111.56
24   43   17   97.36
24   43   18   66.87
24   43   19   51.25
24   43   20   60.55
24   43   21   73.17
24   43   22   83.06
24   43   23   92.95
24   43   24   103.88
24   43   25   115.74
24   43   26   128.5
24   43   27   141.52
24   43   28   152.73
24   43   29   160.68
24   43   30   166.94
24   43   31   173.55
24   43   32   180.69
24   43   33   182.59
24   43   34   173.26
24   43   35   152.08
24   44   4   5.68
24   44   5   29.04
24   44   6   41.31
24   44   7   51.12
24   44   8   61.58
24   44   9   73.76
24   44   10   85.33
24   44   11   95.25
24   44   12   103.71
24   44   13   111.3
24   44   14   118.27
24   44   15   121.68
24   44   16   115.04
24   44   17   86.09
24   44   18   33.38
24   44   20   21.49
24   44   21   51.2
24   44   22   70.5
24   44   23   84.86
24   44   24   97.82
24   44   25   110.36
24   44   26   123.03
24   44   27   135.9
24   44   28   148.28
24   44   29   159.42
24   44   30   169
24   44   31   177.57
24   44   32   185.85
24   44   33   187.88
24   44   34   180.15
24   44   35   175.49
24   45   9   16.67
24   45   10   45.53
24   45   11   68.19
24   45   12   87.44
24   45   13   103.25
24   45   14   116.35
24   45   15   124.89
24   45   16   125.11
24   45   17   112.71
24   45   18   91.16
24   45   19   56.15
24   45   20   21.19
24   45   21   27.53
24   45   22   53.78
24   45   23   75.61
24   45   24   92.1
24   45   25   106.6
24   45   26   120.28
24   45   27   131.66
24   45   28   142.1
24   45   29   153.38
24   45   30   162.57
24   45   31   170.01
24   45   32   176.82
24   45   33   175.07
24   45   34   174.53
24   45   35   46.52
24   46   11   6.29
24   46   12   49.39
24   46   13   78.81
24   46   14   100.02
24   46   15   114.4
24   46   16   121.64
24   46   17   113.36
24   46   18   75.26
24   46   19   9.67
24   46   22   46.05
24   46   23   70.78
24   46   24   88.08
24   46   25   105.89
24   46   26   120.57
24   46   27   118.84
24   46   28   113.98
24   46   29   127.96
24   46   30   150.63
24   46   31   170.22
24   46   32   179.45
24   46   33   180.85
24   47   13   23.3
24   47   14   65.15
24   47   15   79.57
24   47   16   68.95
24   47   21   21.56
24   47   22   56.95
24   47   23   72.34
24   47   24   84.16
24   47   25   96.93
24   47   26   98.65
24   47   27   52.41
24   47   29   35.36
24   47   30   75.49
24   47   31   57.16
24   48   21   55.74
24   48   22   84.74
24   48   23   90.95
24   48   24   92.75
24   48   25   97.73
24   48   26   82.77
24   49   21   73.02
24   49   22   92.31
24   49   23   99.68
24   49   24   103.54
24   49   25   106.42
24   49   26   107.89
24   49   27   89.85
24   49   31   64.1
24   49   32   109.82
24   49   33   127.58
24   49   34   122.25
24   49   35   20.63
24   50   20   56.75
24   50   21   69.7
24   50   22   77.43
24   50   23   86.86
24   50   24   97.19
24   50   25   107.48
24   50   26   116.31
24   50   27   121.9
24   50   28   115.03
24   50   29   96.99
24   50   30   94.19
24   50   31   116.05
24   50   32   135.64
24   50   33   146.65
24   50   34   151.89
24   50   35   134.89
24   50   36   55.43
24   51   19   3
24   51   20   25.55
24   51   21   32.88
24   51   22   41.66
24   51   23   54.76
24   51   24   69.91
24   51   25   85.95
24   51   26   103.91
24   51   27   121.25
24   51   28   133.64
24   51   29   139.71
24   51   30   142.59
24   51   31   150.14
24   51   32   155.79
24   51   33   156.81
24   51   34   159.7
24   51   35   155.29
24   52   22   35.52
24   52   23   58.83
24   52   24   77.61
24   52   25   93.98
24   52   26   109.33
24   52   27   123.12
24   52   28   133.48
24   52   29   142.6
24   52   30   151.12
24   52   31   153.9
24   52   32   144.15
24   52   33   103.87
24   53   21   6.05
24   53   22   37
24   53   23   55.95
24   53   24   74.06
24   53   25   90.36
24   53   26   105.24
24   53   27   114.31
24   53   28   113.72
24   53   29   104.8
24   53   30   86.18
24   53   31   32.37
24   54   21   1.03
24   55   20   7.03
24   55   21   31.71
24   60   25   5.47
24   60   26   0.29
24   61   21   29.01
24   61   22   48.28
24   61   23   67.74
24   61   24   81.47
24   61   25   85.58
24   61   26   80.35
24   61   27   80.77
24   61   28   95.81
24   61   29   118.09
24   61   30   121.5
24   61   31   63.29
24   62   23   2.14
24   62   24   47.18
24   62   25   76.14
24   62   26   96.21
24   62   27   109.89
24   62   28   116.95
24   62   29   116.93
24   62   30   121.77
24   63   25   46.05
24   63   26   77.45
24   63   27   96.86
24   63   28   105.66
24   63   29   110.47
24   64   25   48.84
24   64   26   81.03
24   64   27   97.52
24   64   28   105.65
24   64   29   54.31
24   65   26   39.3
24   65   27   62.2
24   65   28   38.56
24   66   2   9.54
24   66   3   26.04
24   66   4   27.63
24   66   27   33.92
24   66   28   89.05
24   66   29   156.63
24   67   3   24.74
24   67   4   38.73
24   67   5   39.95
24   67   6   26.27
24   68   3   23.98
24   68   4   38.64
24   68   5   45.27
24   68   6   43.91
24   69   3   18.76
24   69   4   35.78
24   69   5   45.94
24   69   6   45.16
24   69   7   32.21
24   70   4   28.29
24   70   5   45.09
24   70   6   49.41
24   70   7   47.71
24   71   4   9.54
24   71   5   38.13
24   71   6   46.59
24   71   7   22.99
24   72   5   35.6
24   72   6   44.66
24   72   7   23.18
24   73   5   31.68
24   73   6   55.15
24   73   7   22.22
24   74   5   24.93
24   74   6   50.28
24   74   7   42.48
24   75   5   2.18
24   75   6   31.85
24   94   3   12.18
24   94   4   27.17
24   94   5   26.81
24   95   3   19.24
24   95   4   40.8
24   95   5   53.33
24   95   6   54.41
24   96   3   8.02
24   96   4   27.92
24   96   5   38.56
24   96   6   48.17
24   96   7   47.73
24   97   3   18.53
24   97   4   33.77
24   97   5   38.81
24   97   6   41.91
24   97   7   29.6
24   98   3   10.24
24   98   4   23.87
24   98   5   18.28
24   98   6   21.28
24   99   3   9.01
24   99   4   18.04
24   99   10   6.42
24   99   11   39.85
24   99   12   24.02
24   100   3   13.12
24   100   4   20.14
24   100   10   19.18
24   100   11   32.62
24   100   12   13.66
25   1   3   16.55
25   1   4   31.96
25   1   5   39.03
25   1   6   46.79
25   1   7   46.94
25   1   8   26.94
25   2   3   6.99
25   2   4   21.47
25   2   5   22.57
25   2   6   32.97
25   2   7   35.26
25   2   8   12.05
25   2   9   16.34
25   2   10   38.66
25   2   11   61.67
25   2   12   51.63
25   3   3   0.86
25   3   4   8.23
25   3   8   17.63
25   3   9   41.61
25   3   10   61.94
25   3   11   74.69
25   3   12   76.42
25   4   3   3.66
25   4   4   12.84
25   4   8   7.28
25   4   9   37.61
25   4   10   51.85
25   4   11   62.52
25   4   12   66.6
25   5   3   1.73
25   5   4   19.1
25   5   5   10.9
25   6   4   1.85
25   22   4   1.65
25   23   3   21.81
25   23   4   34.73
25   23   5   27.63
25   27   5   16.18
25   28   3   5.92
25   28   4   24.74
25   28   5   27.69
25   29   4   9.01
25   29   5   32.67
25   29   6   42.86
25   30   6   22.74
25   31   4   5.31
25   32   3   15.3
25   32   4   25.86
25   32   5   17.45
25   33   3   18.87
25   33   4   31.9
25   33   5   40.45
25   33   6   25
25   34   3   9.3
25   34   4   27.5
25   34   5   41.7
25   35   3   0.62
25   37   3   12.92
25   37   24   20.17
25   37   25   21.61
25   37   26   30.49
25   37   27   32.48
25   37   28   13.99
25   38   3   21.18
25   38   4   35.24
25   38   15   23.29
25   38   16   40
25   38   17   22.65
25   38   20   15.14
25   38   21   33.25
25   38   22   50.72
25   38   23   61.96
25   38   24   66.94
25   38   25   67.9
25   38   26   69.23
25   38   27   79.52
25   38   28   107.93
25   38   29   133.44
25   38   30   127.36
25   39   3   24.85
25   39   4   38.12
25   39   5   46.96
25   39   16   21.09
25   39   17   32.18
25   39   18   21.31
25   39   19   6.38
25   39   20   22.13
25   39   21   45.66
25   39   22   69.19
25   39   23   87.4
25   39   24   103.72
25   39   25   119.42
25   39   26   127.12
25   39   27   123.74
25   39   28   126.46
25   39   29   134.94
25   39   30   142.58
25   39   31   145.92
25   40   3   22.31
25   40   4   40.11
25   40   5   49.17
25   40   6   9.91
25   40   22   25.35
25   40   23   59.72
25   40   24   82.42
25   40   25   103.58
25   40   26   121.18
25   40   27   134.12
25   40   28   142.54
25   40   29   147.74
25   40   30   134.59
25   40   31   50.71
25   41   3   20.99
25   41   4   40.95
25   41   5   51.31
25   41   6   59.9
25   41   12   31.1
25   41   13   51.79
25   41   14   46.78
25   41   15   19.65
25   41   22   21.75
25   41   23   48.97
25   41   24   75.49
25   41   25   100.65
25   41   26   116.92
25   41   27   131.48
25   41   28   143.41
25   41   29   148.71
25   41   30   130.13
25   41   31   90.13
25   41   32   26.97
25   42   3   16.09
25   42   4   38.08
25   42   5   51.85
25   42   6   59.96
25   42   7   47.59
25   42   8   28.26
25   42   9   2.88
25   42   13   49.22
25   42   14   72.14
25   42   15   79.18
25   42   16   67.24
25   42   17   22.31
25   42   21   23.68
25   42   22   53.5
25   42   23   82.26
25   42   24   107.07
25   42   25   121.79
25   42   26   131.46
25   42   27   140.54
25   42   28   147.7
25   42   29   152.96
25   42   30   154.83
25   42   31   163.34
25   42   32   178.56
25   42   33   180.77
25   42   34   76.39
25   43   3   11.93
25   43   4   35.98
25   43   5   48.19
25   43   6   56.44
25   43   7   63.13
25   43   8   67.94
25   43   9   70.15
25   43   10   67.24
25   43   11   64.26
25   43   12   69.91
25   43   13   84.55
25   43   14   95.96
25   43   15   95.24
25   43   16   79.37
25   43   17   30.63
25   43   19   16.99
25   43   20   42.09
25   43   21   60.32
25   43   22   79.56
25   43   23   102.31
25   43   24   120.31
25   43   25   132.67
25   43   26   142.96
25   43   27   153.26
25   43   28   161.64
25   43   29   168.64
25   43   30   175.84
25   43   31   184.9
25   43   32   193.01
25   43   33   191.64
25   43   34   158.13
25   44   3   6.71
25   44   4   12.84
25   44   5   13.66
25   44   6   20.8
25   44   7   32.1
25   44   8   46.68
25   44   9   60.3
25   44   10   72.69
25   44   11   83.69
25   44   12   94.19
25   44   13   105.04
25   44   14   112.65
25   44   15   109.95
25   44   16   89.83
25   44   20   25.13
25   44   21   66.71
25   44   22   86.47
25   44   23   97.56
25   44   24   104.81
25   44   25   112.65
25   44   26   122.27
25   44   27   134.37
25   44   28   149.02
25   44   29   161.71
25   44   30   170.75
25   44   31   178.88
25   44   32   185.74
25   44   33   181.65
25   44   34   133.87
25   45   10   37
25   45   11   62
25   45   12   81.98
25   45   13   98.17
25   45   14   109.98
25   45   15   112.92
25   45   16   103.28
25   45   17   78.81
25   45   18   45.83
25   45   21   30.27
25   45   22   59.96
25   45   23   74.81
25   45   24   87.36
25   45   25   98.14
25   45   26   105.2
25   45   27   114.21
25   45   28   128.11
25   45   29   145.61
25   45   30   158.6
25   45   31   167.27
25   45   32   172.17
25   45   33   172.3
25   46   11   38.91
25   46   12   66.11
25   46   13   86.53
25   46   14   102.6
25   46   15   111.44
25   46   16   109.78
25   46   17   91.38
25   46   18   25.74
25   46   22   45.06
25   46   23   70.94
25   46   24   94.51
25   46   25   101.42
25   46   26   83.23
25   46   27   76.86
25   46   28   96.4
25   46   29   126.77
25   46   30   160.19
25   46   31   179.6
25   46   32   144.19
25   47   11   18.32
25   47   12   56.13
25   47   13   77.17
25   47   14   83.85
25   47   15   73.23
25   47   16   41.95
25   47   21   35.24
25   47   22   62.02
25   47   23   85.58
25   47   24   95.82
25   47   25   76
25   48   21   80.24
25   48   22   89.05
25   48   23   94.5
25   48   24   98.53
25   48   25   78.28
25   49   21   99.06
25   49   22   101.21
25   49   23   102.28
25   49   24   106.01
25   49   25   104.05
25   49   26   82.36
25   49   27   28.01
25   49   31   39.03
25   49   32   125.89
25   49   33   89.55
25   50   20   50.36
25   50   21   78.23
25   50   22   91.41
25   50   23   101.85
25   50   24   109.09
25   50   25   114.54
25   50   26   114.62
25   50   27   106.6
25   50   28   89.68
25   50   29   79.64
25   50   30   84.85
25   50   31   115.95
25   50   32   140.94
25   50   33   152.11
25   50   34   164.8
25   50   35   186.38
25   51   19   27.34
25   51   20   54.55
25   51   21   58.68
25   51   22   64.56
25   51   23   74.99
25   51   24   88.34
25   51   25   101.13
25   51   26   112.02
25   51   27   119.81
25   51   28   123.66
25   51   29   124.91
25   51   30   129.29
25   51   31   145.1
25   51   32   156.72
25   51   33   159.06
25   51   34   158.3
25   51   35   141.26
25   52   19   5.35
25   52   20   31.28
25   52   21   46.39
25   52   22   63.89
25   52   23   76.71
25   52   24   89.55
25   52   25   100.18
25   52   26   108.45
25   52   27   116.33
25   52   28   125.37
25   52   29   137.28
25   52   30   151.02
25   52   31   163.07
25   52   32   160.11
25   52   33   123.75
25   53   20   19.32
25   53   21   37.81
25   53   22   46.48
25   53   23   45.09
25   53   24   49.91
25   53   25   70.73
25   53   26   85.25
25   53   27   94.46
25   53   28   99.88
25   53   29   100.93
25   53   30   83.47
25   61   18   2.06
25   61   19   31.82
25   61   20   48.55
25   61   21   60.6
25   61   22   68.12
25   61   23   66.45
25   61   24   51.95
25   61   25   10.45
25   62   23   38.92
25   62   24   59.4
25   62   25   65.13
25   62   26   70.75
25   62   27   81.91
25   62   28   90.13
25   62   29   68.18
25   63   3   0.49
25   63   4   3.04
25   63   23   11.77
25   63   24   49.52
25   63   25   69.52
25   63   26   82.59
25   63   27   89.64
25   63   28   90.65
25   64   23   25.32
25   64   24   64.85
25   64   25   74.85
25   64   26   62.74
25   64   27   0.49
25   66   2   0.74
25   66   3   26.15
25   66   4   34.66
25   66   5   25.97
25   67   3   18.66
25   67   4   38.5
25   67   5   46.21
25   67   6   16.05
25   68   3   11.11
25   68   4   30.43
25   68   5   40.1
25   68   6   45.18
25   69   3   21.71
25   69   4   38.31
25   69   5   44.11
25   69   6   47.03
25   70   3   18.14
25   70   4   38.21
25   70   5   41.06
25   70   6   42.01
25   71   3   15.84
25   71   4   41.94
25   71   5   40.7
25   71   6   20.79
25   72   4   34.49
25   72   5   36.31
25   72   6   20.99
25   73   4   22.04
25   73   5   32.94
25   73   6   24.28
25   74   5   23.17
25   93   4   4.28
25   94   3   10.04
25   94   4   31.28
25   94   5   41.2
25   94   6   40.39
25   95   3   18.62
25   95   4   36.35
25   95   5   46.79
25   95   6   53.4
25   95   7   50.02
25   96   3   6.29
25   96   4   29.16
25   96   5   41.17
25   96   6   50.21
25   96   7   50.78
25   96   8   32.26
25   97   3   16.55
25   97   4   31.96
25   97   5   39.03
25   97   6   46.79
25   97   7   46.94
25   97   8   26.94
25   98   3   6.99
25   98   4   21.47
25   98   5   22.57
25   98   6   32.97
25   98   7   35.26
25   98   8   12.05
25   98   9   16.34
25   98   10   38.66
25   98   11   61.67
25   98   12   51.63
25   99   3   0.86
25   99   4   8.23
25   99   8   17.63
25   99   9   41.61
25   99   10   61.94
25   99   11   74.69
25   99   12   76.42
25   100   3   3.66
25   100   4   12.84
25   100   8   7.28
25   100   9   37.61
25   100   10   51.85
25   100   11   62.52
25   100   12   66.6
26   1   3   17.26
26   1   4   31.13
26   1   5   38.47
26   1   6   48.95
26   1   7   59.09
26   1   8   62.38
26   1   9   60.99
26   1   10   64.83
26   1   11   72.99
26   2   3   0.99
26   2   4   17.78
26   2   5   24.01
26   2   6   33.77
26   2   7   46.72
26   2   8   54.27
26   2   9   64.6
26   2   10   75.81
26   2   11   85.42
26   2   12   99.17
26   3   3   6.71
26   3   4   12.67
26   3   7   20.17
26   3   8   43.86
26   3   9   63.93
26   3   10   76.78
26   3   11   79.75
26   3   12   78.28
26   4   3   12.75
26   4   4   25.48
26   4   8   15.55
26   4   9   44.83
26   4   10   60.71
26   4   11   62.56
26   4   12   34.91
26   5   3   16.34
26   5   4   18.7
26   22   3   12.59
26   22   4   16.71
26   23   2   2.26
26   23   3   37.81
26   23   4   51.57
26   23   5   49.35
26   24   4   21.56
26   24   5   38.86
26   24   6   32.56
26   25   5   20.93
26   28   3   2.35
26   28   4   23.75
26   28   5   18.74
26   29   4   19.1
26   29   5   34.07
26   29   6   44.4
26   30   5   22.55
26   30   6   33.71
26   33   4   16.01
26   34   3   3
26   37   3   7.41
26   37   12   31.62
26   37   13   22.08
26   37   24   51.98
26   37   25   65.65
26   37   26   75.84
26   37   27   76.61
26   37   28   70.33
26   38   2   8.43
26   38   3   33.68
26   38   4   23.53
26   38   13   7.41
26   38   14   17.75
26   38   22   18.53
26   38   23   57.95
26   38   24   72.98
26   38   25   82.25
26   38   26   92.87
26   38   27   106.81
26   38   28   127.85
26   38   29   151.51
26   39   2   5.14
26   39   3   32.1
26   39   4   47.04
26   39   23   45.5
26   39   24   76.61
26   39   25   101.85
26   39   26   120.73
26   39   27   131.08
26   39   28   135.7
26   39   29   134.41
26   39   30   32.97
26   40   2   0.41
26   40   3   26.11
26   40   4   37.05
26   40   23   25.24
26   40   24   55.14
26   40   25   86.87
26   40   26   114.36
26   40   27   126.45
26   40   28   109.65
26   40   29   60.44
26   41   2   2.55
26   41   3   25.82
26   41   4   34.97
26   41   5   44.9
26   41   11   16.09
26   41   12   32.7
26   41   13   10.49
26   41   24   46.67
26   41   25   78.51
26   41   26   86.65
26   41   27   82.29
26   41   28   58.2
26   42   3   22.38
26   42   4   24.1
26   42   5   28.32
26   42   6   26
26   42   12   43.24
26   42   13   62.18
26   42   14   34.36
26   42   22   38.89
26   42   23   70.16
26   42   24   90.99
26   42   25   100.69
26   42   26   105.82
26   42   27   106.79
26   42   28   101.44
26   42   29   90.1
26   42   30   79.66
26   42   31   66.47
26   42   32   22.89
26   43   3   25.3
26   43   4   33.51
26   43   5   36.43
26   43   6   38.89
26   43   7   41.01
26   43   8   42.42
26   43   9   42.11
26   43   10   46.97
26   43   11   59.74
26   43   12   73.78
26   43   13   83.17
26   43   14   74.78
26   43   20   15.76
26   43   21   54.89
26   43   22   86.46
26   43   23   114.57
26   43   24   134.18
26   43   25   144.54
26   43   26   154.6
26   43   27   162.57
26   43   28   167.64
26   43   29   164.67
26   43   30   151.08
26   43   31   128.5
26   43   32   102.1
26   44   7   24.8
26   44   8   39.26
26   44   9   51.28
26   44   10   63.45
26   44   11   75.14
26   44   12   85.53
26   44   13   94.07
26   44   14   94.17
26   44   15   76.69
26   44   21   60.26
26   44   22   100.78
26   44   23   116.56
26   44   24   124.25
26   44   25   131.54
26   44   26   140.46
26   44   27   152.01
26   44   28   163.68
26   44   29   165.32
26   44   30   144.31
26   44   31   98.6
26   44   32   35.23
26   45   9   21.81
26   45   10   46.9
26   45   11   64.11
26   45   12   78.62
26   45   13   90.29
26   45   14   93.92
26   45   15   82.42
26   45   16   49.76
26   45   21   69.32
26   45   22   88.24
26   45   23   90.34
26   45   24   96.18
26   45   25   106.63
26   45   26   118.84
26   45   27   132.35
26   45   28   146.08
26   45   29   155.49
26   45   30   147
26   45   31   105.49
26   46   10   20.2
26   46   11   52.06
26   46   12   73.19
26   46   13   87.77
26   46   14   93.46
26   46   15   80.58
26   46   16   12.63
26   46   21   68.97
26   46   22   75.08
26   46   23   78.67
26   46   24   84.73
26   46   25   83.9
26   46   26   89.58
26   46   27   109.57
26   46   28   110.83
26   46   29   94.37
26   46   30   62.42
26   47   11   33.17
26   47   12   57.18
26   47   13   68.28
26   47   14   59.28
26   47   20   48.46
26   47   21   74
26   47   22   72.18
26   47   23   55.9
26   48   20   53.22
26   48   21   98.1
26   48   22   98.08
26   48   23   84.55
26   48   24   54.14
26   49   21   100.11
26   49   22   110.05
26   49   23   106.66
26   49   24   100.14
26   49   25   87.58
26   49   26   62.52
26   49   27   17.37
26   50   21   53.15
26   50   22   106.86
26   50   23   114.34
26   50   24   120.24
26   50   25   123.71
26   50   26   124.09
26   50   27   118.65
26   50   28   111.3
26   50   29   112.83
26   50   30   125.16
26   50   31   150.4
26   50   32   166.99
26   50   33   150.34
26   50   34   87.63
26   51   20   21.93
26   51   21   58.52
26   51   22   73.96
26   51   23   89.4
26   51   24   103.78
26   51   25   118.48
26   51   26   129.09
26   51   27   135.73
26   51   28   141.17
26   51   29   147.8
26   51   30   156.95
26   51   31   167.96
26   51   32   175.53
26   51   33   168.34
26   52   21   31.65
26   52   22   51.66
26   52   23   75.89
26   52   24   96.71
26   52   25   118.01
26   52   26   137.94
26   52   27   153.49
26   52   28   164.78
26   52   29   172.69
26   52   30   175.28
26   52   31   159.72
26   52   32   107.41
26   53   27   25.68
26   53   28   34.58
26   53   29   23.99
26   61   17   12.18
26   61   18   32.72
26   61   19   45.62
26   61   20   58.81
26   61   21   65.43
26   61   22   55.79
26   62   22   31.85
26   62   23   48.59
26   62   24   27.75
26   63   3   1.6
26   63   4   24.95
26   63   22   26.67
26   63   23   30.09
26   64   22   37.09
26   64   23   59.08
26   64   24   15.55
26   66   3   13
26   66   4   9.17
26   67   3   22.72
26   67   4   38.32
26   67   5   34.25
26   68   3   23.02
26   68   4   34.69
26   68   5   39.62
26   69   3   26.83
26   69   4   33.51
26   69   5   37.86
26   70   3   27.89
26   70   4   26.11
26   70   5   27.63
26   70   6   3.37
26   71   3   30.18
26   72   3   23.56
26   72   4   13.7
26   73   4   4.07
26   74   4   15.51
26   75   4   26.56
26   93   3   17.49
26   93   4   36.55
26   93   5   31.79
26   94   3   13.74
26   94   4   33.97
26   94   5   46.81
26   94   6   55.6
26   94   7   43.94
26   95   3   16.34
26   95   4   33.45
26   95   5   45.8
26   95   6   54.43
26   95   7   58.41
26   95   8   41.88
26   96   4   26.6
26   96   5   42.51
26   96   6   55.2
26   96   7   59.92
26   96   8   53.71
26   96   9   31.51
26   97   3   17.26
26   97   4   31.13
26   97   5   38.47
26   97   6   48.95
26   97   7   59.09
26   97   8   62.38
26   97   9   60.99
26   97   10   64.83
26   97   11   72.99
26   98   3   0.99
26   98   4   17.78
26   98   5   24.01
26   98   6   33.77
26   98   7   46.72
26   98   8   54.27
26   98   9   64.6
26   98   10   75.81
26   98   11   85.42
26   98   12   99.17
26   99   3   6.71
26   99   4   12.67
26   99   7   20.17
26   99   8   43.86
26   99   9   63.93
26   99   10   76.78
26   99   11   79.75
26   99   12   78.28
26   100   3   12.75
26   100   4   25.48
26   100   8   15.55
26   100   9   44.83
26   100   10   60.71
26   100   11   62.56
26   100   12   34.91
27   1   3   18.89
27   1   4   33.25
27   1   5   42.48
27   1   6   54.35
27   1   7   66.71
27   1   8   74.27
27   1   9   76.24
27   1   10   79.12
27   1   11   92.67
27   2   4   20.92
27   2   5   27.6
27   2   6   38.61
27   2   7   56.62
27   2   8   70.23
27   2   9   77.44
27   2   10   80.12
27   2   11   84.46
27   2   12   98.49
27   3   7   33.56
27   3   8   54.45
27   3   9   62.26
27   3   10   67.74
27   3   11   73.94
27   3   12   84.34
27   4   8   19.26
27   4   9   37.6
27   4   10   36.41
27   23   3   26.9
27   23   4   39.85
27   24   3   22.99
27   24   4   41.58
27   24   5   21.43
27   25   4   34.68
27   25   5   30.31
27   26   4   18.35
27   26   5   15.55
27   29   3   26.53
27   29   4   40.55
27   29   5   49.33
27   30   3   17.22
27   30   4   39.06
27   30   5   44.78
27   30   6   43.32
27   31   5   4.48
27   36   10   20.54
27   37   24   51.41
27   37   25   99.85
27   37   26   106.48
27   37   27   88.64
27   38   2   4.9
27   38   3   9.87
27   38   23   15.59
27   38   24   71.37
27   38   25   94.67
27   38   26   110.31
27   38   27   121.86
27   38   28   134.12
27   38   29   144.06
27   39   2   7.41
27   39   3   26.76
27   39   4   4.07
27   39   23   26.36
27   39   24   62.08
27   39   25   91.24
27   39   26   114.56
27   39   27   123.39
27   39   28   115.13
27   40   3   13.78
27   40   4   16.3
27   40   24   4.28
27   40   25   62.42
27   40   26   67.54
27   40   27   30.75
27   41   4   12.67
27   41   11   60.1
27   41   12   78.46
27   41   13   80.74
27   42   2   0.04
27   42   3   12.67
27   42   11   42.73
27   42   12   67.35
27   42   13   78.19
27   42   14   69.27
27   43   3   20.44
27   43   4   26.32
27   43   5   23.65
27   43   6   15.88
27   43   7   14.6
27   43   8   24.54
27   43   9   41.32
27   43   10   61.62
27   43   11   79.19
27   43   12   87.3
27   43   13   85.58
27   43   14   51.3
27   43   22   7.24
27   43   23   54.26
27   43   24   73.82
27   43   25   80.88
27   43   26   79.02
27   43   27   65.91
27   43   28   30.64
27   44   5   10.2
27   44   6   22.72
27   44   7   34.44
27   44   8   47.29
27   44   9   60.73
27   44   10   73.65
27   44   11   82.56
27   44   12   85.58
27   44   13   82.5
27   44   14   53.1
27   44   22   54.25
27   44   23   89.42
27   44   24   102.35
27   44   25   105.78
27   44   26   98.35
27   44   27   73.32
27   45   7   10.74
27   45   8   37.88
27   45   9   55.94
27   45   10   70.18
27   45   11   77.79
27   45   12   82.3
27   45   13   81.87
27   45   14   57.57
27   45   21   65.24
27   45   22   106.22
27   45   23   113.1
27   45   24   113.61
27   45   25   113.63
27   45   26   117.81
27   45   27   108.74
27   45   28   74.99
27   46   9   23.6
27   46   10   40.57
27   46   11   59.12
27   46   12   75.08
27   46   13   78.12
27   46   14   44.11
27   46   21   55.06
27   46   22   65.87
27   46   23   63.91
27   46   24   52.94
27   46   25   23.35
27   47   11   35.37
27   47   12   65.2
27   47   13   65.11
27   47   14   32.4
27   47   20   5.43
27   47   21   12.79
27   48   20   3.09
27   48   21   41.1
27   49   21   73.1
27   49   22   100.78
27   49   23   102.14
27   49   24   95.82
27   49   25   78.99
27   49   26   50.06
27   50   21   28.56
27   50   22   101.46
27   50   23   129.98
27   50   24   137.93
27   50   25   138.61
27   50   26   129.01
27   50   27   121.14
27   50   28   109.19
27   50   29   88.47
27   50   30   60.02
27   51   22   19.55
27   51   23   96.23
27   51   24   127.71
27   51   25   140.86
27   51   26   145.94
27   51   27   149.15
27   51   28   149.09
27   51   29   144.58
27   51   30   128.23
27   51   31   72.69
27   52   24   31.48
27   52   25   73.61
27   52   26   92
27   52   27   101.41
27   52   28   104.87
27   52   29   97.28
27   52   30   46.41
27   61   16   2.47
27   61   17   31.65
27   61   18   43.51
27   61   19   47.68
27   61   20   45.04
27   61   21   9.42
27   62   19   9.05
27   62   20   43.49
27   62   21   73.96
27   62   22   91.01
27   62   23   66.16
27   63   3   6.25
27   63   19   20.6
27   63   20   37.48
27   63   21   60.85
27   63   22   64.43
27   66   3   16.95
27   67   3   24.27
27   67   4   19.84
27   68   3   1.69
27   68   4   9.01
27   69   4   4.98
27   74   3   9.87
27   92   3   0.41
27   93   4   44.59
27   93   5   51.66
27   93   6   15.02
27   94   4   22.99
27   94   5   45.94
27   94   6   61.9
27   94   7   47.03
27   95   3   26.36
27   95   4   40.34
27   95   5   46.54
27   95   6   51.6
27   95   7   57.09
27   95   8   35.08
27   96   4   32.51
27   96   5   51.26
27   96   6   61.9
27   96   7   65.2
27   96   8   60.52
27   96   9   50.88
27   96   10   45.3
27   97   3   18.89
27   97   4   33.25
27   97   5   42.48
27   97   6   54.35
27   97   7   66.71
27   97   8   74.27
27   97   9   76.24
27   97   10   79.12
27   97   11   92.67
27   98   4   20.92
27   98   5   27.6
27   98   6   38.61
27   98   7   56.62
27   98   8   70.23
27   98   9   77.44
27   98   10   80.12
27   98   11   84.46
27   98   12   98.49
27   99   7   33.56
27   99   8   54.45
27   99   9   62.26
27   99   10   67.74
27   99   11   73.94
27   99   12   84.34
27   100   8   19.26
27   100   9   37.6
27   100   10   36.41
28   1   3   12.75
28   1   4   28.26
28   1   5   40.96
28   1   6   55.05
28   1   7   67.66
28   1   8   73.3
28   1   9   75.29
28   1   10   81.17
28   1   11   79.92
28   2   4   3.99
28   2   5   18.92
28   2   6   36.48
28   2   7   55.17
28   2   8   65.77
28   2   9   70.57
28   2   10   78.58
28   2   11   76.45
28   3   7   25.19
28   3   8   43.24
28   3   9   58.52
28   3   10   77.61
28   3   11   90.62
28   25   3   32.29
28   25   4   24.07
28   26   3   23.41
28   26   4   33.38
28   30   3   18.49
28   30   4   0.08
28   30   5   10.24
28   35   7   19
28   37   24   45.94
28   37   25   62.32
28   37   26   41.26
28   38   23   37.87
28   38   24   72.29
28   38   25   86.49
28   38   26   88.55
28   38   27   94.85
28   38   28   66.09
28   39   23   8.06
28   39   24   12.79
28   39   25   6.38
28   40   11   27.94
28   40   12   33.22
28   40   13   3.46
28   41   10   58.22
28   41   11   79.8
28   41   12   91.85
28   41   13   95.16
28   41   14   53.85
28   42   9   0.04
28   42   10   51.61
28   42   11   72.95
28   42   12   83.83
28   42   13   87.01
28   42   14   75.61
28   43   3   15.18
28   43   4   18.22
28   43   5   6.71
28   43   7   4.32
28   43   8   34.14
28   43   9   57.93
28   43   10   77.02
28   43   11   89.97
28   43   12   92
28   43   13   82.91
28   43   14   19.26
28   44   3   16.09
28   44   4   28.68
28   44   5   38.46
28   44   6   45.39
28   44   7   53.76
28   44   8   65
28   44   9   76.97
28   44   10   88
28   44   11   94.33
28   44   12   90.1
28   44   13   78.72
28   45   5   18
28   45   6   36.23
28   45   7   52.32
28   45   8   67.93
28   45   9   80.41
28   45   10   88.47
28   45   11   88.92
28   45   12   84.01
28   45   13   84.99
28   46   6   2.39
28   46   7   33.87
28   46   8   56.15
28   46   9   67.88
28   46   10   67.21
28   46   11   65.02
28   46   12   76.02
28   46   13   71.56
28   47   9   12.3
28   47   10   9.54
28   47   11   25.46
28   47   12   64.12
28   47   13   71.81
28   47   14   48.86
28   50   23   5.59
28   60   16   5.31
28   61   16   22.77
28   61   17   49.5
28   61   18   69.14
28   62   18   17.26
28   62   19   46.33
28   62   20   30.46
28   63   19   35.49
28   63   20   34.92
28   73   2   22.31
28   92   2   8.23
28   93   3   27.98
28   93   4   54.02
28   93   5   43.98
28   94   4   3.7
28   94   5   48.71
28   94   6   55.59
28   95   3   16.09
28   95   4   24.97
28   95   5   33.49
28   95   6   43.1
28   95   7   47.68
28   96   3   15.3
28   96   4   37.01
28   96   5   50.21
28   96   6   58.52
28   96   7   60.81
28   96   8   60.28
28   96   9   63.74
28   96   10   59.82
28   97   3   12.75
28   97   4   28.26
28   97   5   40.96
28   97   6   55.05
28   97   7   67.66
28   97   8   73.3
28   97   9   75.29
28   97   10   81.17
28   97   11   79.92
28   98   4   3.99
28   98   5   18.92
28   98   6   36.48
28   98   7   55.17
28   98   8   65.77
28   98   9   70.57
28   98   10   78.58
28   98   11   76.45
28   99   7   25.19
28   99   8   43.24
28   99   9   58.52
28   99   10   77.61
28   99   11   90.62
29   1   4   16.47
29   1   5   32.59
29   1   6   43.91
29   1   7   54.93
29   1   8   66.84
29   1   9   80.85
29   1   10   75.83
29   2   6   29.44
29   2   7   48.73
29   2   8   63.49
29   2   9   76.43
29   2   10   63.91
29   3   7   40.88
29   3   8   61.12
29   3   9   70.11
29   3   10   62.88
29   26   2   11.97
29   26   3   19.91
29   37   24   35.93
29   37   25   12.38
29   38   22   12.14
29   38   23   45.64
29   38   24   63.29
29   38   25   73.36
29   38   26   60.48
29   40   9   35.88
29   40   10   60.3
29   40   11   70.06
29   40   12   71.22
29   40   13   61.86
29   41   9   43.07
29   41   10   66.73
29   41   11   80.44
29   41   12   90.47
29   41   13   95.77
29   41   14   92.68
29   42   8   21.38
29   42   9   52.97
29   42   10   70.51
29   42   11   81.95
29   42   12   88.85
29   42   13   92.34
29   42   14   81.82
29   43   3   23.64
29   43   4   33.67
29   43   5   34.87
29   43   6   35.34
29   43   7   44.01
29   43   8   59.07
29   43   9   73.51
29   43   10   84.68
29   43   11   91.54
29   43   12   92.37
29   43   13   88.51
29   43   14   62.52
29   44   3   19.67
29   44   4   36.87
29   44   5   50.04
29   44   6   60.73
29   44   7   70.61
29   44   8   80.5
29   44   9   89.47
29   44   10   95.66
29   44   11   96.77
29   44   12   90.31
29   44   13   77.39
29   45   3   1.15
29   45   4   26.52
29   45   5   41.95
29   45   6   55.48
29   45   7   68.29
29   45   8   80.22
29   45   9   89.55
29   45   10   93.37
29   45   11   89.78
29   45   12   78.53
29   45   13   65.99
29   46   4   1.23
29   46   5   28.77
29   46   6   46.1
29   46   7   61.8
29   46   8   75.81
29   46   9   84.56
29   46   10   85.23
29   46   11   73.54
29   46   12   72.71
29   46   13   74.38
29   46   14   42.63
29   47   6   26.43
29   47   7   43.79
29   47   8   65.2
29   47   9   80.68
29   47   10   68.7
29   47   11   20.17
29   47   12   10.82
29   47   13   43.44
29   47   14   31.39
29   57   16   20.83
29   57   17   27.53
29   57   18   31.34
29   57   19   24.62
29   58   15   19.06
29   58   16   37.25
29   58   17   44.94
29   58   18   46.26
29   58   19   53.12
29   58   20   73.76
29   58   21   89.2
29   58   22   90.1
29   59   16   16.22
29   59   17   22.18
29   59   18   16.59
29   59   19   23.76
29   59   20   43.87
29   59   21   81.25
29   59   22   109.79
29   59   23   115.26
29   59   24   99.41
29   60   22   19.59
29   60   23   19.29
29   61   16   5.59
29   61   17   3.74
29   93   3   25.83
29   93   4   25.44
29   94   4   20.44
29   94   5   33.58
29   95   4   2.3
29   95   5   24.31
29   95   6   32.67
29   95   7   3.99
29   96   3   8.31
29   96   4   28.35
29   96   5   38.94
29   96   6   45.92
29   96   7   55.37
29   96   8   67.33
29   96   9   60.32
29   97   4   16.47
29   97   5   32.59
29   97   6   43.91
29   97   7   54.93
29   97   8   66.84
29   97   9   80.85
29   97   10   75.83
29   98   6   29.44
29   98   7   48.73
29   98   8   63.49
29   98   9   76.43
29   98   10   63.91
29   99   7   40.88
29   99   8   61.12
29   99   9   70.11
29   99   10   62.88
30   1   5   13.78
30   1   6   36.58
30   1   7   59.36
30   1   8   72.69
30   1   9   54.46
30   2   6   36.23
30   2   7   57.66
30   2   8   63.64
30   2   9   27.27
30   3   6   3.25
30   3   7   22.6
30   38   9   2.88
30   38   10   6.01
30   38   22   55.59
30   38   23   96.94
30   38   24   104.98
30   38   25   96.68
30   38   26   60.57
30   39   8   14.15
30   39   9   44.99
30   39   10   60.4
30   39   11   68
30   39   12   65.19
30   39   21   27.98
30   39   22   39.65
30   39   23   44.42
30   39   24   49.89
30   39   25   40.34
30   40   8   32.85
30   40   9   55.29
30   40   10   69.01
30   40   11   79.18
30   40   12   87.11
30   40   13   90.93
30   40   14   10.33
30   41   7   1.23
30   41   8   42.35
30   41   9   59.1
30   41   10   69.29
30   41   11   78.12
30   41   12   87.9
30   41   13   94.32
30   41   14   96.62
30   42   3   19.76
30   42   4   17.56
30   42   7   33.53
30   42   8   52.46
30   42   9   63.66
30   42   10   70.64
30   42   11   76.78
30   42   12   84.44
30   42   13   90.88
30   42   14   79.16
30   42   15   11.73
30   43   3   23.02
30   43   4   38.09
30   43   5   47.09
30   43   6   53.82
30   43   7   62.12
30   43   8   71.22
30   43   9   79.19
30   43   10   84.24
30   43   11   84.6
30   43   12   85.19
30   43   13   85.77
30   43   14   70.45
30   43   15   16.22
30   44   3   17.97
30   44   4   37.37
30   44   5   51.86
30   44   6   64.03
30   44   7   74.76
30   44   8   84.1
30   44   9   90.91
30   44   10   93.62
30   44   11   91.45
30   44   12   85.09
30   44   13   78.12
30   44   14   45.44
30   44   15   31.28
30   45   3   1.19
30   45   4   29.33
30   45   5   45.64
30   45   6   59.26
30   45   7   71.77
30   45   8   82.74
30   45   9   91.43
30   45   10   95.32
30   45   11   92.19
30   45   12   82.86
30   45   13   76.24
30   45   14   46.27
30   45   15   66.73
30   46   4   19.1
30   46   5   38.47
30   46   6   54.59
30   46   7   69.05
30   46   8   81.47
30   46   9   89.57
30   46   10   89.82
30   46   11   78.48
30   46   12   65.24
30   46   13   76.09
30   46   14   77.23
30   47   5   18.83
30   47   6   43.14
30   47   7   59.78
30   47   8   76.07
30   47   9   90.06
30   47   10   93.73
30   47   11   80.57
30   48   8   11.15
30   48   9   24.75
30   48   10   5.18
30   57   14   3.04
30   57   15   37.38
30   57   16   52.18
30   57   17   61.41
30   57   18   73.82
30   57   19   84
30   57   20   84.37
30   57   21   74.87
30   57   22   59.88
30   57   23   31.51
30   58   12   0.62
30   58   13   34.73
30   58   14   54.89
30   58   15   72.46
30   58   16   86.82
30   58   17   98.28
30   58   18   107.83
30   58   19   116.61
30   58   20   125.96
30   58   21   133.67
30   58   22   140.17
30   58   23   142.48
30   58   24   134.59
30   58   25   70.94
30   59   12   11.97
30   59   13   30.18
30   59   14   43.37
30   59   15   57.65
30   59   16   73.85
30   59   17   85.89
30   59   18   95.96
30   59   19   104.63
30   59   20   113.47
30   59   21   128.34
30   59   22   140.88
30   59   23   146.56
30   59   24   141.57
30   59   25   122.72
30   60   16   6.34
30   60   17   22.01
30   60   18   27.54
30   60   19   42.99
30   60   20   56.77
30   60   21   84.94
30   60   22   121.9
30   60   23   135.73
30   60   24   132.87
30   94   3   11.35
30   94   4   17.67
30   95   4   18.46
30   95   5   25.14
30   96   4   11.64
30   96   5   28.35
30   96   6   49.74
30   96   7   62.4
30   96   8   37.86
30   97   5   13.78
30   97   6   36.58
30   97   7   59.36
30   97   8   72.69
30   97   9   54.46
30   98   6   36.23
30   98   7   57.66
30   98   8   63.64
30   98   9   27.27
30   99   6   3.25
30   99   7   22.6
31   1   5   33.35
31   1   6   53.22
31   1   7   53.6
31   2   5   27.82
31   2   6   38.3
31   2   7   27.56
31   37   7   11.77
31   37   8   19.13
31   37   9   8.43
31   38   7   43.87
31   38   8   63.13
31   38   9   75.01
31   38   10   77.96
31   38   11   69.57
31   38   12   38.04
31   39   7   18.39
31   39   8   41.17
31   39   9   55.72
31   39   10   69.47
31   39   11   79.8
31   39   12   81.61
31   39   13   66.29
31   39   22   54.63
31   39   23   67.15
31   39   24   66.74
31   39   25   67.66
31   39   26   61.59
31   40   7   30.49
31   40   8   46.41
31   40   9   56.13
31   40   10   66.62
31   40   11   76.83
31   40   12   83.84
31   40   13   83.9
31   40   14   57.42
31   40   23   3.62
31   41   6   16.26
31   41   7   32.75
31   41   8   39.61
31   41   9   48.37
31   41   10   62.36
31   41   11   75.61
31   41   12   83.5
31   41   13   89.64
31   41   14   106.19
31   42   3   16.99
31   42   4   30.36
31   42   5   34.83
31   42   6   40.57
31   42   7   43.84
31   42   8   48.5
31   42   9   53.8
31   42   10   60.75
31   42   11   75.82
31   42   12   85.6
31   42   13   90.44
31   42   14   86.29
31   42   15   54.02
31   43   3   16.91
31   43   4   34.71
31   43   5   47.24
31   43   6   56.95
31   43   7   65.01
31   43   8   71.29
31   43   9   73.47
31   43   10   69.9
31   43   11   71.81
31   43   12   88.48
31   43   13   96.03
31   43   14   94.03
31   43   15   89.98
31   44   3   14.19
31   44   4   35.03
31   44   5   50.1
31   44   6   62.68
31   44   7   73.65
31   44   8   82.42
31   44   9   87.76
31   44   10   87.59
31   44   11   78.83
31   44   12   79.54
31   44   13   92.86
31   44   14   87.54
31   44   15   78
31   45   3   4.32
31   45   4   30.69
31   45   5   46.85
31   45   6   60.42
31   45   7   72.57
31   45   8   83.25
31   45   9   91.62
31   45   10   94.31
31   45   11   88.9
31   45   12   75.83
31   45   13   79.02
31   45   14   79.33
31   45   15   13.99
31   46   4   14.89
31   46   5   37.06
31   46   6   53.65
31   46   7   68.31
31   46   8   81.22
31   46   9   90.7
31   46   10   94.31
31   46   11   87.78
31   46   12   68.91
31   46   13   46.39
31   47   5   26.24
31   47   6   47.29
31   47   7   63.78
31   47   8   76.14
31   47   9   87.9
31   47   10   96.68
31   47   11   91.45
31   47   12   30.28
31   48   6   20.84
31   48   7   30.99
31   48   8   26.15
31   48   9   16.3
31   57   16   3.29
31   57   17   38.24
31   57   18   65.79
31   57   19   85.06
31   57   20   96.03
31   57   21   96.99
31   57   22   65.02
31   58   13   34.32
31   58   14   63.6
31   58   15   81.77
31   58   16   93.63
31   58   17   103.31
31   58   18   113.13
31   58   19   122.28
31   58   20   129.51
31   58   21   136.1
31   58   22   142.26
31   58   23   146.83
31   58   24   139.03
31   59   3   5.22
31   59   12   22.85
31   59   13   59.14
31   59   14   79.54
31   59   15   93.85
31   59   16   106.22
31   59   17   116.11
31   59   18   123.65
31   59   19   128.72
31   59   20   133.16
31   59   21   140.66
31   59   22   146.35
31   59   23   147.09
31   59   24   139.69
31   59   25   119.52
31   60   12   46.37
31   60   13   62.88
31   60   14   67.8
31   60   15   70.34
31   60   16   76.92
31   60   17   79.68
31   60   18   76.8
31   60   19   75.12
31   60   20   82.39
31   60   21   105.27
31   60   22   126.03
31   60   23   130.31
31   60   24   110.8
31   61   11   30.42
31   61   12   43.24
31   61   13   34.68
31   62   10   25.27
31   62   11   41.82
31   62   12   51.59
31   62   13   51.67
31   63   12   17.49
31   63   13   35.39
31   63   14   38.78
31   95   3   15.47
31   95   4   33.02
31   95   5   17.22
31   96   4   5.68
31   96   5   45.66
31   96   6   58.14
31   96   7   34.66
31   97   5   33.35
31   97   6   53.22
31   97   7   53.6
31   98   5   27.82
31   98   6   38.3
31   98   7   27.56
32   36   5   17.22
32   36   6   24.24
32   36   7   21.88
32   37   5   33.59
32   37   6   56.7
32   37   7   67.86
32   37   8   72.38
32   37   9   70.68
32   37   10   65.94
32   37   11   45.94
32   38   6   26.04
32   38   7   44.64
32   38   8   58.54
32   38   9   70.17
32   38   10   80.12
32   38   11   86.72
32   38   12   81.4
32   39   6   5.88
32   39   7   24.69
32   39   8   37.37
32   39   9   49.6
32   39   10   62.76
32   39   11   77.57
32   39   12   88.46
32   39   13   82.98
32   40   7   6.95
32   40   8   29.82
32   40   9   50.74
32   40   10   65.82
32   40   11   77.23
32   40   12   90.31
32   40   13   99.46
32   41   8   0.08
32   41   9   40.55
32   41   10   70.09
32   41   11   87.03
32   41   12   95.46
32   41   13   92.19
32   41   14   54.39
32   42   3   13.25
32   42   4   26.15
32   42   5   21.38
32   42   6   20.27
32   42   7   22.27
32   42   8   18.39
32   42   9   24.17
32   42   10   50.6
32   42   11   79.52
32   42   12   93.46
32   42   13   94.25
32   42   14   83.38
32   43   3   8.15
32   43   4   31.36
32   43   5   44.52
32   43   6   54.59
32   43   7   60.77
32   43   8   59.48
32   43   9   45.41
32   43   10   33.07
32   43   11   42.08
32   43   12   70.56
32   43   13   80.29
32   43   14   66.86
32   44   3   13.37
32   44   4   34.25
32   44   5   49.26
32   44   6   61.92
32   44   7   72.8
32   44   8   80.99
32   44   9   84.61
32   44   10   76.64
32   44   11   41.15
32   44   12   22.1
32   44   13   44.92
32   44   14   25.25
32   45   3   3.99
32   45   4   30.73
32   45   5   46.83
32   45   6   60.26
32   45   7   72.38
32   45   8   82.79
32   45   9   90.11
32   45   10   90.51
32   45   11   79.07
32   45   12   39.98
32   46   4   1.52
32   46   5   32.21
32   46   6   50.25
32   46   7   66.31
32   46   8   80.04
32   46   9   89.74
32   46   10   93.79
32   46   11   89.15
32   46   12   75.93
32   47   5   23.84
32   47   6   46.33
32   47   7   63.89
32   47   8   75.65
32   47   9   83.57
32   47   10   89.87
32   47   11   88.51
32   48   6   35.39
32   48   7   50.49
32   48   8   43.98
32   48   9   14.07
32   57   19   18.73
32   58   13   43.19
32   58   14   73.06
32   58   15   88.97
32   58   16   97.17
32   58   17   102.34
32   58   18   107.68
32   58   19   109.22
32   58   20   108.29
32   58   21   104.1
32   58   22   82.63
32   58   23   32.07
32   59   3   25.27
32   59   4   25.57
32   59   11   29.22
32   59   12   52.71
32   59   13   76.52
32   59   14   94.37
32   59   15   107.37
32   59   16   116.38
32   59   17   121.86
32   59   18   124.32
32   59   19   123.61
32   59   20   118.2
32   59   21   117.18
32   59   22   120.37
32   59   23   108.57
32   59   24   43.72
32   60   3   6.34
32   60   4   16.99
32   60   10   13.9
32   60   11   45.67
32   60   12   70.25
32   60   13   84.51
32   60   14   90.88
32   60   15   93
32   60   16   93.03
32   60   17   89.05
32   60   18   79.57
32   60   19   76.09
32   60   20   78.48
32   60   21   102.03
32   60   22   111.7
32   60   23   16.75
32   61   10   26.28
32   61   11   51.71
32   61   12   63.95
32   61   13   52.54
32   62   9   20.27
32   62   10   43.39
32   62   11   53.74
32   62   12   55.21
32   62   13   27.3
32   63   10   16.55
32   63   11   15.97
32   63   12   21.22
32   63   13   25.11
32   63   14   34.36
32   96   4   23.17
32   96   5   29.78
33   36   3   15.14
33   36   4   42.11
33   36   5   48.66
33   36   6   49.95
33   36   7   45.78
33   36   8   35.18
33   37   5   29.04
33   37   6   42.53
33   37   7   56.35
33   37   8   71.44
33   37   9   82.79
33   37   10   66.11
33   38   6   6.29
33   38   7   26.66
33   38   8   44.13
33   38   9   65.04
33   38   10   86.3
33   38   11   83.41
33   39   7   16.18
33   39   8   41.93
33   39   9   60.94
33   39   10   79.19
33   39   11   85.55
33   39   12   60.32
33   40   8   36.38
33   40   9   67.88
33   40   10   82.28
33   40   11   83.47
33   40   12   69.24
33   41   9   27.3
33   41   10   50.21
33   41   11   57.01
33   41   12   47.21
33   42   11   13.95
33   42   12   24.42
33   43   3   10.12
33   43   4   31.59
33   43   5   44.54
33   43   6   53.74
33   43   7   56.2
33   43   8   42.55
33   44   3   16.51
33   44   4   35.13
33   44   5   49.39
33   44   6   61.35
33   44   7   71.49
33   44   8   79.32
33   44   9   80.74
33   44   10   61.98
33   45   4   28.16
33   45   5   45.2
33   45   6   59.5
33   45   7   71.91
33   45   8   82.26
33   45   9   89.07
33   45   10   89.05
33   45   11   76.81
33   46   5   29.39
33   46   6   49.52
33   46   7   66
33   46   8   79.4
33   46   9   88.7
33   46   10   91.22
33   46   11   84.06
33   46   12   62
33   47   5   21.36
33   47   6   44.06
33   47   7   61.69
33   47   8   74.06
33   47   9   79.21
33   47   10   79.51
33   47   11   16.26
33   48   6   40.72
33   48   7   59.1
33   48   8   57.81
33   48   9   41.1
33   49   7   37.69
33   49   8   11.07
33   58   12   3.29
33   58   13   45.04
33   58   14   66.55
33   58   15   74.8
33   58   16   81.29
33   58   17   87.53
33   58   18   76.49
33   58   19   36.45
33   59   2   7.57
33   59   3   26.86
33   59   8   13.49
33   59   9   35.5
33   59   10   48.03
33   59   11   55.8
33   59   12   64.7
33   59   13   78.49
33   59   14   92.12
33   59   15   101.54
33   59   16   107.83
33   59   17   111.1
33   59   18   112.87
33   59   19   105.38
33   59   20   69.39
33   60   4   16.87
33   60   9   10.82
33   60   10   43.01
33   60   11   62.88
33   60   12   77.56
33   60   13   88.04
33   60   14   93.07
33   60   15   92.39
33   60   16   89.19
33   60   17   85.85
33   60   18   79.56
33   60   19   57.7
33   61   9   12.18
33   61   10   39.71
33   61   11   57.61
33   61   12   65.99
33   61   13   56.35
33   61   14   35.9
33   62   8   26.83
33   62   9   41.15
33   62   10   49.54
33   62   11   48.12
33   62   12   19.26
33   63   7   11.11
33   63   8   4.32
34   35   3   5.1
34   36   4   18.86
34   36   5   34.14
34   36   6   42.59
34   36   7   33.62
34   37   6   33.38
34   37   7   64.28
34   37   8   71.34
34   37   9   22.13
34   38   6   13.29
34   38   7   39.81
34   38   8   59.68
34   38   9   58.06
34   38   10   5.84
34   39   7   36.87
34   39   8   47.62
34   39   9   44.85
34   39   10   20.83
34   43   3   4.98
34   43   4   26.93
34   43   5   41.55
34   43   6   53.88
34   43   7   56.79
34   43   8   41.94
34   44   3   16.83
34   44   4   34.87
34   44   5   49.24
34   44   6   61.77
34   44   7   73.11
34   44   8   82.44
34   44   9   84.6
34   44   10   69.65
34   45   3   1.73
34   45   4   29.5
34   45   5   46.33
34   45   6   60.71
34   45   7   73.5
34   45   8   83.34
34   45   9   88.56
34   45   10   87.88
34   45   11   80.86
34   46   4   3.74
34   46   5   31.9
34   46   6   50.19
34   46   7   66.6
34   46   8   79.16
34   46   9   85.77
34   46   10   84.6
34   46   11   80.94
34   47   5   23.14
34   47   6   43.39
34   47   7   61.88
34   47   8   74.51
34   47   9   76.89
34   47   10   80.22
34   48   6   39.15
34   48   7   60.83
34   48   8   67.33
34   48   9   74.72
34   49   7   50.34
34   49   8   35.16
34   52   4   0.25
34   58   6   0.66
34   58   7   22.77
34   58   8   37.52
34   58   9   40.65
34   58   12   11.44
34   58   13   37.37
34   58   14   42.08
34   58   15   34.35
34   58   16   14.65
34   59   8   14.52
34   59   9   29.72
34   59   10   34.33
34   59   11   51.32
34   59   12   73.52
34   59   13   90.64
34   59   14   102.37
34   59   15   107.41
34   59   16   97.8
34   59   17   65.76
34   59   18   42.32
34   60   9   35.03
34   60   10   53.69
34   60   11   68.47
34   60   12   80.21
34   60   13   88.29
34   60   14   91.62
34   60   15   83.94
34   60   16   57.01
34   61   9   29.01
34   61   10   49.41
34   61   11   61.2
34   61   12   59.18
34   61   13   52.51
34   61   14   42.3
34   62   8   25.14
34   62   9   35.23
34   62   10   40.34
34   62   11   32.07
35   36   5   22.22
35   37   6   20.74
35   43   4   32.12
35   43   5   52.11
35   43   6   65.89
35   43   7   69.01
35   43   8   57.08
35   44   3   13.66
35   44   4   34.46
35   44   5   49.08
35   44   6   61.37
35   44   7   72.5
35   44   8   81.95
35   44   9   85.42
35   44   10   67.78
35   45   3   4.94
35   45   4   30.54
35   45   5   45.94
35   45   6   58.24
35   45   7   67.74
35   45   8   75.22
35   45   9   80.6
35   45   10   83.12
35   45   11   63.11
35   46   4   11.81
35   46   5   35.92
35   46   6   53.75
35   46   7   67.5
35   46   8   76.76
35   46   9   81.27
35   46   10   79.92
35   46   11   42.03
35   47   4   4.07
35   47   5   29.54
35   47   6   49.5
35   47   7   65.68
35   47   8   75.01
35   47   9   76.05
35   47   10   62.32
35   48   3   2.3
35   48   5   19.42
35   48   6   39.98
35   48   7   59.18
35   48   8   74.4
35   48   9   85.79
35   52   4   14.77
35   53   4   0.49
35   57   6   7.28
35   58   7   19.4
35   59   10   17.03
35   59   11   47.82
35   59   12   61.78
35   59   13   61.6
35   59   14   40.68
35   60   8   8.23
35   60   9   31.65
35   60   10   54.19
35   60   11   73.82
35   60   12   85.6
35   60   13   84.02
35   60   14   58.37
35   61   8   10.82
35   61   9   30.52
35   61   10   44.15
35   61   11   53.73
35   61   12   57.19
35   61   13   47.34
35   64   17   34.04
35   64   18   61.13
35   64   19   56.61
35   64   20   10.33
35   65   18   51.44
35   65   19   71.6
35   65   20   59.78
36   42   3   22.01
36   42   4   28.74
36   42   5   7.78
36   43   3   25.68
36   43   4   48.59
36   43   5   63.45
36   43   6   70.55
36   43   7   67.19
36   43   8   31.22
36   44   4   21.99
36   44   5   40.34
36   44   6   58.79
36   44   7   75.61
36   44   8   85.89
36   44   9   75.49
36   45   3   0.9
36   45   4   26.53
36   45   5   40.32
36   45   6   51.92
36   45   7   63.52
36   45   8   76.12
36   45   9   77.73
36   45   10   53.76
36   46   4   24.69
36   46   5   45.3
36   46   6   60.04
36   46   7   70.52
36   46   8   76.66
36   46   9   70.71
36   47   4   16.22
36   47   5   38.23
36   47   6   55.15
36   47   7   67.68
36   47   8   73.15
36   47   9   48.88
36   48   4   3.87
36   48   5   20.58
36   48   6   36.72
36   48   7   52.87
36   48   8   49.39
36   51   4   2.3
36   52   4   19.97
36   58   6   3.41
36   58   7   12.05
36   60   11   4.16
36   60   17   0.78
36   60   18   35.6
36   61   7   16.09
36   61   8   25.13
36   61   9   25.57
36   61   10   6.99
36   61   16   26.46
36   61   17   92.39
36   61   18   110.14
36   61   19   107.35
36   61   20   84.89
36   62   16   53.58
36   62   17   91.96
36   62   18   111.48
36   62   19   116.54
36   62   20   101.49
36   62   21   53.22
36   63   16   52.37
36   63   17   93.74
36   63   18   111.81
36   63   19   114.04
36   63   20   104.64
36   63   21   85.33
36   63   22   53.48
36   64   16   19.48
36   64   17   77.06
36   64   18   109.85
36   64   19   113.81
36   64   20   93.62
36   64   21   45.39
36   65   17   38.39
36   65   18   98.95
36   65   19   127.89
36   65   20   129.6
36   65   21   109.27
36   66   18   48.07
36   66   19   68.15
36   66   20   60.83
36   67   14   17.34
36   67   15   15.39
36   68   15   32.88
36   68   16   48.53
36   68   17   52.85
36   68   18   54.15
36   68   19   36.67
36   68   20   3.66
36   69   17   1.19
37   42   2   15.55
37   43   2   18.35
37   43   3   41.29
37   43   4   50.87
37   43   5   44.11
37   43   6   32.29
37   44   4   29.25
37   44   5   53.4
37   44   6   65.85
37   44   7   57.85
37   45   4   23.6
37   45   5   38.72
37   45   6   53.05
37   45   7   60.3
37   45   8   33.59
37   46   3   8.6
37   46   4   34.61
37   46   5   48.01
37   46   6   54.09
37   46   7   51.03
37   46   8   19.57
37   47   4   22.72
37   47   5   35.98
37   47   6   42.68
37   47   7   45.3
37   48   4   12.51
37   48   5   1.36
37   51   4   12.67
37   52   4   21.92
37   59   17   39.63
37   59   18   36.43
37   60   15   6.21
37   60   16   96.35
37   60   17   123.33
37   60   18   131.7
37   60   19   122.62
37   60   20   93.07
37   61   15   59.8
37   61   16   100.49
37   61   17   125.22
37   61   18   139.63
37   61   19   148.84
37   61   20   149.82
37   61   21   142.98
37   62   14   8.85
37   62   15   67.53
37   62   16   99.48
37   62   17   118.68
37   62   18   133.4
37   62   19   146.85
37   62   20   156.77
37   62   21   157.01
37   62   22   143.92
37   63   14   25.33
37   63   15   60.38
37   63   16   88.33
37   63   17   110.22
37   63   18   126.21
37   63   19   137.72
37   63   20   149.05
37   63   21   159.88
37   63   22   159.19
37   63   23   135.68
37   64   13   7.12
37   64   14   44.09
37   64   15   62.36
37   64   16   77.57
37   64   17   94.11
37   64   18   114.28
37   64   19   127.1
37   64   20   129.35
37   64   21   116.11
37   64   22   76.98
37   65   13   40.49
37   65   14   60.34
37   65   15   65.43
37   65   16   63.62
37   65   17   74.2
37   65   18   101.63
37   65   19   122.55
37   65   20   125.37
37   65   21   109.78
37   65   22   97.94
37   66   13   49.39
37   66   14   62.68
37   66   15   44.69
37   66   16   21.31
37   66   17   47.22
37   66   18   90.85
37   66   19   105.5
37   66   20   104.29
37   66   21   86.42
37   66   22   7.49
37   67   13   37.6
37   67   14   43.24
37   68   13   20.1
37   68   14   50.95
37   68   15   43.06
37   68   16   39.25
37   68   17   47.33
37   68   18   38.36
37   69   15   21.25
37   69   16   36.41
37   69   17   42.45
37   69   18   40.89
37   69   31   21.09
37   69   32   39.52
37   70   29   10.28
37   70   30   69.42
37   70   31   94.93
37   70   32   107.62
37   70   33   106.66
37   70   34   69.91
37   71   28   7.94
37   71   29   55.27
37   71   30   67.68
37   71   31   68.1
37   71   32   52.28
37   72   29   38.7
37   72   30   59.07
37   72   31   49.89
38   43   3   6.79
38   44   4   17.11
38   44   5   15.02
38   45   4   4.9
38   45   5   0.54
38   46   3   14.6
38   46   4   27.44
38   46   5   19.93
38   47   3   2.1
38   47   4   21.34
38   47   5   19.5
38   48   3   5.43
38   48   4   20.92
38   48   5   0.86
38   49   3   2.92
38   49   4   19.63
38   50   4   15.97
38   51   4   19.06
38   52   4   21.59
38   53   3   3.17
38   56   22   15.02
38   56   23   1.4
38   57   22   2.22
38   57   23   19.91
38   58   16   31.73
38   58   17   71.62
38   58   18   73.36
38   58   19   43.87
38   59   15   39.71
38   59   16   107.25
38   59   17   119.28
38   59   18   118.65
38   59   19   98.47
38   59   20   39.38
38   60   15   56.53
38   60   16   87.57
38   60   17   109.21
38   60   18   128.11
38   60   19   137.97
38   60   20   125.49
38   60   21   64.03
38   61   14   11.64
38   61   15   67.81
38   61   16   96.24
38   61   17   116.48
38   61   18   131.46
38   61   19   139.98
38   61   20   138.82
38   61   21   122.18
38   61   22   70.23
38   62   14   38.31
38   62   15   72.38
38   62   16   96.4
38   62   17   115.28
38   62   18   131.54
38   62   19   144.83
38   62   20   151.3
38   62   21   146.91
38   62   22   124.89
38   62   23   50.99
38   63   13   31.68
38   63   14   59.58
38   63   15   83.47
38   63   16   103.64
38   63   17   119.97
38   63   18   133.62
38   63   19   145
38   63   20   153.7
38   63   21   156
38   63   22   144.02
38   63   23   115.3
38   64   10   11.64
38   64   11   33.33
38   64   12   51.17
38   64   13   68.43
38   64   14   85.24
38   64   15   98.75
38   64   16   108.89
38   64   17   117.21
38   64   18   127.09
38   64   19   137.76
38   64   20   147.07
38   64   21   152.39
38   64   22   140.6
38   64   23   94.89
38   65   9   11.81
38   65   10   30.15
38   65   11   46.25
38   65   12   62.68
38   65   13   77.44
38   65   14   86.48
38   65   15   88.02
38   65   16   84.75
38   65   17   91.25
38   65   18   111.71
38   65   19   127.32
38   65   20   138.51
38   65   21   146.55
38   65   22   141.14
38   65   23   132.83
38   66   12   38.13
38   66   13   61.23
38   66   14   60.36
38   66   15   36.94
38   66   16   16.59
38   66   17   55.95
38   66   18   123.51
38   66   19   139.16
38   66   20   146.61
38   66   21   144.88
38   66   22   127.79
38   67   13   42.16
38   67   20   9.63
38   68   12   5.27
38   68   13   50.21
38   68   14   43.01
38   69   12   27.43
38   69   13   61.73
38   69   14   66.55
38   69   15   70.25
38   69   16   82.2
38   69   17   80.07
38   69   18   66.76
38   69   30   39.39
38   69   31   119.92
38   69   32   117.77
38   69   33   79.5
38   70   13   29.44
38   70   14   36.93
38   70   15   32.15
38   70   16   2.22
38   70   29   12.67
38   70   30   71.96
38   70   31   93.6
38   70   32   110.92
38   70   33   123.38
38   70   34   150.07
38   70   35   193.83
38   71   29   27.63
38   71   30   62.04
38   71   31   89.61
38   71   32   101.96
38   71   33   104.21
38   71   34   111.16
38   71   35   83.84
38   72   29   41.1
38   72   30   66.86
38   72   31   78.02
38   72   32   57.81
38   73   28   39.54
38   73   29   66.64
38   73   30   65.03
39   47   3   6.21
39   47   4   15.39
39   48   3   14.52
39   48   4   19.42
39   49   3   11.23
39   49   4   21.19
39   50   4   18.49
39   51   4   20.7
39   52   3   6.09
39   52   4   18.28
39   53   3   1.4
39   55   19   53.91
39   55   20   97.31
39   55   21   123.11
39   55   22   134.85
39   55   23   124.71
39   55   24   73.29
39   56   18   47.57
39   56   19   89
39   56   20   107.39
39   56   21   123.33
39   56   22   143.42
39   56   23   160.15
39   56   24   151.6
39   56   25   52.29
39   57   17   80.8
39   57   18   108.27
39   57   19   120.62
39   57   20   118.04
39   57   21   112.13
39   57   22   121.58
39   57   23   140.46
39   57   24   153.84
39   57   25   136.91
39   58   5   21.19
39   58   6   23.87
39   58   16   80.78
39   58   17   107.67
39   58   18   120.79
39   58   19   129.28
39   58   20   110.63
39   58   21   69.72
39   58   22   62.08
39   58   23   83.72
39   58   24   91.35
39   58   25   59.54
39   59   5   3.17
39   59   15   19.61
39   59   16   63.78
39   59   17   87.75
39   59   18   115.86
39   59   19   128.79
39   59   20   102.54
39   59   21   25.11
39   60   15   29.79
39   60   16   69.2
39   60   17   104.98
39   60   18   131.51
39   60   19   144.33
39   60   20   141.71
39   60   21   111.3
39   61   14   27.17
39   61   15   62.36
39   61   16   91.2
39   61   17   114.15
39   61   18   132.74
39   61   19   146.89
39   61   20   152.67
39   61   21   141.83
39   61   22   104.6
39   62   11   14.03
39   62   12   31.56
39   62   13   51.28
39   62   14   71.18
39   62   15   90
39   62   16   107.8
39   62   17   123.85
39   62   18   137.45
39   62   19   148.89
39   62   20   156.77
39   62   21   156.55
39   62   22   139.43
39   62   23   89.53
39   63   8   17.22
39   63   9   31.19
39   63   10   43.2
39   63   11   54.46
39   63   12   66.26
39   63   13   78.97
39   63   14   91.73
39   63   15   104.23
39   63   16   116.13
39   63   17   126.73
39   63   18   137.43
39   63   19   148.42
39   63   20   156.58
39   63   21   156.49
39   63   22   136.32
39   63   23   52.11
39   64   8   21.12
39   64   9   35.18
39   64   10   47.89
39   64   11   60.26
39   64   12   72.31
39   64   13   84.03
39   64   14   95.32
39   64   15   104.67
39   64   16   111.69
39   64   17   118.92
39   64   18   129.37
39   64   19   142.29
39   64   20   152.37
39   64   21   153.3
39   64   22   132.34
39   64   23   100.83
39   65   9   12.55
39   65   10   33.38
39   65   11   49.47
39   65   12   64.24
39   65   13   76.98
39   65   14   84.53
39   65   15   84.9
39   65   16   82.96
39   65   17   90.49
39   65   18   114.02
39   65   19   132.56
39   65   20   145.46
39   65   21   149.25
39   65   22   132.63
39   65   23   93.78
39   66   11   26.42
39   66   12   49.22
39   66   13   56.21
39   66   14   43.74
39   66   17   34.79
39   66   18   127.42
39   66   19   153.31
39   66   20   151.37
39   66   21   131.18
39   66   22   88.19
39   67   12   27.54
39   67   19   8.52
39   67   20   24.06
39   67   32   49.34
39   67   33   64.24
39   68   12   9.71
39   68   13   0.82
39   68   31   56.77
39   68   32   51.54
39   69   30   43.14
39   69   31   54.57
39   69   32   19.34
39   70   12   5.43
39   70   13   28.07
39   70   14   44.47
39   70   15   57.69
39   70   16   55.2
39   70   17   27.43
39   70   30   45.98
39   70   31   81.75
39   70   32   89.05
39   70   33   89
39   70   34   68.35
39   70   35   21.12
39   71   11   13.7
39   71   12   33.28
39   71   13   9.42
39   71   30   61.41
39   71   31   77.55
39   71   32   81.27
39   71   33   83.38
39   71   34   75.29
39   71   35   28.71
39   72   29   36.79
39   72   30   62.82
39   72   31   57.72
39   72   32   15.67
39   73   29   33.38
39   73   30   57.85
39   73   31   50.57
39   74   28   10.16
39   74   29   40.75
39   74   30   60.58
39   74   31   66.67
39   74   32   39.54
39   75   30   7.86
40   47   3   1.44
40   48   4   11.73
40   49   4   17.93
40   50   4   20
40   51   3   3.41
40   51   4   26.36
40   52   3   12.51
40   52   4   8.19
40   53   2   6.5
40   53   3   22.17
40   53   21   17.93
40   53   22   14.56
40   54   3   19.84
40   54   18   7.73
40   54   19   91
40   54   20   127.55
40   54   21   143.82
40   54   22   145.87
40   54   23   125.06
40   54   24   72.7
40   55   18   83.35
40   55   19   120.21
40   55   20   142.23
40   55   21   156.31
40   55   22   166.35
40   55   23   171.84
40   55   24   163.12
40   55   25   119.44
40   56   9   21.09
40   56   10   15.51
40   56   17   63.47
40   56   18   106.66
40   56   19   125.49
40   56   20   136.98
40   56   21   148.47
40   56   22   156.99
40   56   23   162.75
40   56   24   164.25
40   56   25   156.7
40   56   26   92.46
40   57   5   23.88
40   57   8   21.99
40   57   9   34.47
40   57   10   34.51
40   57   11   19.59
40   57   17   70.25
40   57   18   96.97
40   57   19   119.17
40   57   20   140.25
40   57   21   152.72
40   57   22   155.27
40   57   23   157.91
40   57   24   161.98
40   57   25   157.57
40   57   26   140.39
40   58   5   30.09
40   58   6   41.59
40   58   7   42.81
40   58   8   30.99
40   58   9   7.53
40   58   16   29.97
40   58   17   65.03
40   58   18   92.92
40   58   19   122.69
40   58   20   141.62
40   58   21   141.37
40   58   22   120.26
40   58   23   117.41
40   58   24   136.38
40   58   25   144.51
40   58   26   85.45
40   59   5   26.38
40   59   6   41.29
40   59   7   41.44
40   59   8   28.1
40   59   15   30.64
40   59   16   65.47
40   59   17   97.5
40   59   18   123.44
40   59   19   141.6
40   59   20   147.47
40   59   21   133.1
40   59   22   83.2
40   59   23   51.2
40   59   24   68.19
40   59   25   49.91
40   60   6   23.99
40   60   7   32.23
40   60   8   30.18
40   60   9   22.99
40   60   10   14.81
40   60   11   10.57
40   60   12   16.05
40   60   13   30.03
40   60   14   49.37
40   60   15   72.48
40   60   16   98.09
40   60   17   121.43
40   60   18   139.21
40   60   19   151.73
40   60   20   155.96
40   60   21   147.32
40   60   22   117.82
40   61   7   22.11
40   61   8   33.62
40   61   9   41.05
40   61   10   46.59
40   61   11   52.41
40   61   12   59.34
40   61   13   69.81
40   61   14   83.51
40   61   15   98.35
40   61   16   113.65
40   61   17   127.91
40   61   18   140.8
40   61   19   152.09
40   61   20   159.64
40   61   21   158.93
40   61   22   144.92
40   61   23   105.89
40   62   7   4.77
40   62   8   26.24
40   62   9   40.18
40   62   10   52.35
40   62   11   63.76
40   62   12   74.64
40   62   13   85.53
40   62   14   96.54
40   62   15   107.4
40   62   16   117.85
40   62   17   128.47
40   62   18   138.87
40   62   19   149.74
40   62   20   159.16
40   62   21   163.43
40   62   22   156.5
40   62   23   130.9
40   62   24   44.35
40   63   8   1.52
40   63   9   26.57
40   63   10   42.01
40   63   11   55.92
40   63   12   69.14
40   63   13   82.03
40   63   14   94.5
40   63   15   106.42
40   63   16   117.2
40   63   17   127.09
40   63   18   137.18
40   63   19   148.46
40   63   20   158.69
40   63   21   163.32
40   63   22   157.6
40   63   23   134.79
40   63   24   44.16
40   64   10   0.04
40   64   11   29.39
40   64   12   50.28
40   64   13   68.51
40   64   14   84.9
40   64   15   98.11
40   64   16   108.62
40   64   17   118.77
40   64   18   130.89
40   64   19   144.46
40   64   20   156.49
40   64   21   162.83
40   64   22   158.67
40   64   23   134.8
40   64   24   88.98
40   65   11   14.27
40   65   12   44.8
40   65   13   58.89
40   65   14   64.54
40   65   15   67.33
40   65   16   73.54
40   65   17   89.5
40   65   18   116.18
40   65   19   135.51
40   65   20   148.49
40   65   21   155.37
40   65   22   151.57
40   65   23   133.28
40   65   24   80.61
40   66   12   7.53
40   66   17   29.45
40   66   18   117.06
40   66   19   149.61
40   66   20   161.79
40   66   21   155.64
40   66   22   132.83
40   66   23   90.31
40   67   32   27.66
40   67   33   61.57
40   67   34   61.9
40   67   35   42.45
40   68   31   24.97
40   68   32   27.24
40   69   31   38.06
40   69   32   47.31
40   70   31   41.23
40   70   32   73.38
40   70   33   79.19
40   71   30   43.86
40   71   31   66.65
40   71   32   77.68
40   71   33   80.38
40   71   34   44.69
40   72   29   37.01
40   72   30   59.05
40   72   31   57.65
40   72   32   19.91
40   73   28   19.44
40   73   29   45.89
40   73   30   53.75
40   74   28   18.96
40   74   29   40.85
40   74   30   54.57
40   74   31   23.29
40   75   29   39.04
40   75   30   62.34
40   75   31   77.86
40   75   32   79.12
40   75   33   101.15
41   48   3   17.75
41   49   3   25.33
41   49   4   18.83
41   50   3   28.11
41   50   4   31.02
41   51   3   26.03
41   51   4   29.22
41   52   3   2.3
41   52   21   39.05
41   52   22   53.72
41   52   23   28.56
41   53   19   89.15
41   53   20   129.76
41   53   21   148.68
41   53   22   157.76
41   53   23   157.32
41   53   24   136.37
41   53   25   71.21
41   54   17   10.9
41   54   18   100.01
41   54   19   135.38
41   54   20   149.25
41   54   21   155.7
41   54   22   160.54
41   54   23   163.76
41   54   24   161.1
41   54   25   144.61
41   54   26   84.87
41   55   10   40.75
41   55   11   53.69
41   55   12   0.82
41   55   17   51.94
41   55   18   105.7
41   55   19   127.2
41   55   20   138.95
41   55   21   148.62
41   55   22   160.12
41   55   23   167.86
41   55   24   166.46
41   55   25   151.3
41   55   26   125.98
41   56   9   42.33
41   56   10   62.38
41   56   11   74.97
41   56   12   77.52
41   56   13   62.42
41   56   14   30.27
41   56   15   2.35
41   56   16   23.94
41   56   17   59.86
41   56   18   90.33
41   56   19   111.09
41   56   20   128.42
41   56   21   148.26
41   56   22   166.51
41   56   23   176.76
41   56   24   176.56
41   56   25   157.46
41   56   26   111.77
41   57   9   31.19
41   57   10   54.83
41   57   11   70.75
41   57   12   80.23
41   57   13   82.5
41   57   14   76.81
41   57   15   69.38
41   57   16   71.86
41   57   17   84.99
41   57   18   102.42
41   57   19   121.04
41   57   20   141.32
41   57   21   158.1
41   57   22   168.7
41   57   23   172.15
41   57   24   170.98
41   57   25   156.29
41   57   26   105.64
41   58   4   4.24
41   58   5   29.56
41   58   6   32.8
41   58   7   32.32
41   58   8   37.24
41   58   9   44.52
41   58   10   54.02
41   58   11   63.85
41   58   12   71.04
41   58   13   75.75
41   58   14   79.45
41   58   15   85.7
41   58   16   96.4
41   58   17   111.26
41   58   18   128.15
41   58   19   144.62
41   58   20   157.74
41   58   21   164.91
41   58   22   162.57
41   58   23   155.07
41   58   24   153.53
41   58   25   139.87
41   58   26   78.34
41   59   4   10.41
41   59   5   37.31
41   59   6   51.55
41   59   7   59.68
41   59   8   64.39
41   59   9   67.22
41   59   10   70.43
41   59   11   75.05
41   59   12   79.61
41   59   13   84.41
41   59   14   91.45
41   59   15   101.75
41   59   16   115
41   59   17   129.26
41   59   18   142.54
41   59   19   153.96
41   59   20   161.38
41   59   21   159.92
41   59   22   143.45
41   59   23   121.28
41   59   24   125.16
41   59   25   128.02
41   60   5   25.46
41   60   6   43.09
41   60   7   56.35
41   60   8   66.25
41   60   9   73.8
41   60   10   80
41   60   11   85.8
41   60   12   91.49
41   60   13   97.69
41   60   14   105.58
41   60   15   115.28
41   60   16   126.2
41   60   17   137.34
41   60   18   147.98
41   60   19   157.31
41   60   20   162.48
41   60   21   157.53
41   60   22   133.58
41   60   23   71.23
41   61   5   16.3
41   61   6   31.76
41   61   7   46.3
41   61   8   59.38
41   61   9   70.73
41   61   10   80.8
41   61   11   89.92
41   61   12   98.15
41   61   13   106.34
41   61   14   115.14
41   61   15   123.82
41   61   16   132.6
41   61   17   141.08
41   61   18   149.56
41   61   19   158.62
41   61   20   165.05
41   61   21   164.54
41   61   22   148.2
41   61   23   106.03
41   62   6   12.22
41   62   7   36.08
41   62   8   51.99
41   62   9   63.51
41   62   10   72.42
41   62   11   80.71
41   62   12   89.76
41   62   13   99.68
41   62   14   110.85
41   62   15   122.25
41   62   16   132.75
41   62   17   142.06
41   62   18   151.03
41   62   19   160.27
41   62   20   167.7
41   62   21   170.5
41   62   22   162.29
41   62   23   133.75
41   62   24   54.51
41   63   8   17.26
41   63   9   25.78
41   63   10   28.01
41   63   11   35.73
41   63   12   48.79
41   63   13   64.81
41   63   14   82.54
41   63   15   100.28
41   63   16   117.2
41   63   17   131.95
41   63   18   145.23
41   63   19   157.52
41   63   20   167.71
41   63   21   173.15
41   63   22   168.29
41   63   23   145.26
41   63   24   92.24
41   64   13   37.45
41   64   14   63.79
41   64   15   84.11
41   64   16   101.18
41   64   17   117.29
41   64   18   133.56
41   64   19   149.42
41   64   20   162.55
41   64   21   169.06
41   64   22   162.03
41   64   23   133.26
41   64   24   83.04
41   65   13   2.55
41   65   14   29.97
41   65   15   48.26
41   65   16   66.27
41   65   17   91.78
41   65   18   121.17
41   65   19   140.61
41   65   20   153.84
41   65   21   160.47
41   65   22   159.78
41   65   23   148.93
41   65   24   119.02
41   65   25   34.22
41   66   17   55.76
41   66   18   106.66
41   66   19   136.82
41   66   20   156.27
41   66   21   158.95
41   66   22   140.42
41   66   23   92.78
41   68   33   2.51
41   69   33   43.37
41   69   34   32.45
41   70   31   28.35
41   70   32   52.68
41   70   33   75.28
41   70   34   51.83
41   71   29   19.26
41   71   30   48.82
41   71   31   51.05
41   71   32   35.7
41   72   29   1.98
41   75   31   23.46
41   75   32   40.8
41   76   29   6.21
42   49   2   7.57
42   50   2   20.38
42   50   3   20.67
42   52   19   89.2
42   52   20   123.87
42   52   21   143.64
42   52   22   151.79
42   52   23   147.45
42   52   24   119.73
42   52   25   34.95
42   53   18   100.09
42   53   19   133.71
42   53   20   150.54
42   53   21   162.04
42   53   22   172.19
42   53   23   182.42
42   53   24   190.61
42   53   25   190.05
42   53   26   157.56
42   54   17   47.29
42   54   18   105.46
42   54   19   125.55
42   54   20   136.46
42   54   21   145.79
42   54   22   156.44
42   54   23   166.96
42   54   24   175.38
42   54   25   180.06
42   54   26   181.01
42   54   27   163.3
42   54   28   45.5
42   55   9   39.14
42   55   10   60.24
42   55   11   72.67
42   55   12   81.17
42   55   13   78.55
42   55   14   61.03
42   55   15   35.24
42   55   16   28.32
42   55   17   52.92
42   55   18   82.64
42   55   19   106.63
42   55   20   125.79
42   55   21   144.03
42   55   22   163.64
42   55   23   179.1
42   55   24   188.38
42   55   25   191.12
42   55   26   185.09
42   55   27   165.29
42   55   28   90.13
42   56   9   38.79
42   56   10   66.39
42   56   11   85.79
42   56   12   100.05
42   56   13   108.27
42   56   14   109.44
42   56   15   104.76
42   56   16   99.47
42   56   17   101.22
42   56   18   111.42
42   56   19   126.49
42   56   20   143.48
42   56   21   160.6
42   56   22   173.51
42   56   23   182.11
42   56   24   186.88
42   56   25   186.81
42   56   26   181.83
42   56   27   164.07
42   56   28   88.02
42   57   9   16.91
42   57   10   50.97
42   57   11   75.28
42   57   12   93.39
42   57   13   107.01
42   57   14   117.1
42   57   15   123.91
42   57   16   128.76
42   57   17   134.8
42   57   18   143.92
42   57   19   154.62
42   57   20   165.32
42   57   21   173.79
42   57   22   179.15
42   57   23   180.73
42   57   24   179.31
42   57   25   171.71
42   57   26   155.85
42   57   27   127.98
42   58   4   24.06
42   58   5   32.67
42   58   6   30.43
42   58   7   29.25
42   58   8   36.65
42   58   9   49.13
42   58   10   62.92
42   58   11   77.29
42   58   12   91.41
42   58   13   103.87
42   58   14   114.57
42   58   15   124.38
42   58   16   134.17
42   58   17   143.2
42   58   18   151.8
42   58   19   159.62
42   58   20   166.65
42   58   21   172
42   58   22   173.55
42   58   23   168.73
42   58   24   164.97
42   58   25   156.07
42   58   26   129.76
42   59   3   18.11
42   59   4   35.67
42   59   5   49.97
42   59   6   61.57
42   59   7   70.51
42   59   8   78.12
42   59   9   85.21
42   59   10   92.17
42   59   11   99.14
42   59   12   106.2
42   59   13   113.33
42   59   14   120.94
42   59   15   129.17
42   59   16   137.84
42   59   17   146.61
42   59   18   155.35
42   59   19   163.38
42   59   20   170.23
42   59   21   173
42   59   22   167.59
42   59   23   150.73
42   59   24   141.19
42   59   25   140.02
42   59   26   84.04
42   60   3   17.9
42   60   4   33.79
42   60   5   47.01
42   60   6   59.09
42   60   7   70.21
42   60   8   80.77
42   60   9   90.28
42   60   10   98.82
42   60   11   106.98
42   60   12   114.89
42   60   13   122.79
42   60   14   131.13
42   60   15   139.48
42   60   16   147.44
42   60   17   155.34
42   60   18   162.58
42   60   19   169.47
42   60   20   174.11
42   60   21   172.15
42   60   22   157.9
42   60   23   120.5
42   60   24   65.35
42   61   3   17.63
42   61   4   34.19
42   61   5   47.18
42   61   6   58.5
42   61   7   68.01
42   61   8   75.98
42   61   9   81.6
42   61   10   86.68
42   61   11   93.01
42   61   12   102.35
42   61   13   112.93
42   61   14   124.82
42   61   15   136.9
42   61   16   148.18
42   61   17   157.95
42   61   18   165.26
42   61   19   171.42
42   61   20   174.53
42   61   21   170.72
42   61   22   152.82
42   61   23   107.8
42   62   4   22.8
42   62   5   39.3
42   62   6   52.22
42   62   7   58.74
42   62   8   56.18
42   62   9   46.14
42   62   10   39.39
42   62   11   41.88
42   62   12   54.46
42   62   13   70.85
42   62   14   89.05
42   62   15   107.98
42   62   16   125.86
42   62   17   142.87
42   62   18   156.48
42   62   19   165.82
42   62   20   170.89
42   62   21   170.14
42   62   22   158.71
42   62   23   127.89
42   62   24   14.48
42   63   5   3.79
42   63   6   31.19
42   63   7   36.33
42   63   13   26.57
42   63   14   58.83
42   63   15   83.17
42   63   16   103.34
42   63   17   122.01
42   63   18   139.78
42   63   19   153.69
42   63   20   164.52
42   63   21   169.48
42   63   22   164.52
42   63   23   142.59
42   63   24   69.47
42   64   13   17.3
42   64   14   57.83
42   64   15   81.29
42   64   16   98.46
42   64   17   113.7
42   64   18   128.35
42   64   19   142.59
42   64   20   156.57
42   64   21   164.28
42   64   22   161.39
42   64   23   142.56
42   64   24   96.04
42   65   15   51.3
42   65   16   81.54
42   65   17   105.87
42   65   18   124.5
42   65   19   138.24
42   65   20   149.29
42   65   21   156.83
42   65   22   157.77
42   65   23   143.67
42   65   24   84.54
42   66   16   40.89
42   66   17   91.8
42   66   18   126.21
42   66   19   150.98
42   66   20   163.65
42   66   21   160.89
42   66   22   130.9
42   66   23   14.44
42   70   31   14.32
42   70   32   40.7
42   70   33   39.44
42   71   31   0.62
43   51   19   26.03
43   51   20   62.16
43   51   21   74.02
43   51   22   63.6
43   52   17   36.7
43   52   18   99.82
43   52   19   135.87
43   52   20   155.96
43   52   21   167.35
43   52   22   172.22
43   52   23   166.83
43   52   24   142.24
43   52   25   98.89
43   53   17   67.24
43   53   18   108.62
43   53   19   128.64
43   53   20   140.16
43   53   21   150.26
43   53   22   160.95
43   53   23   170.78
43   53   24   177.82
43   53   25   178.44
43   53   26   161.87
43   53   27   104
43   54   9   44.03
43   54   10   66.86
43   54   11   69.68
43   54   12   46.79
43   54   16   33.17
43   54   17   67.79
43   54   18   95.14
43   54   19   114.8
43   54   20   131.38
43   54   21   147.54
43   54   22   163.65
43   54   23   175.78
43   54   24   183.2
43   54   25   185.65
43   54   26   180.43
43   54   27   163.88
43   54   28   127.38
43   55   8   38.78
43   55   9   65.65
43   55   10   83.73
43   55   11   95.17
43   55   12   100.83
43   55   13   103.72
43   55   14   106.82
43   55   15   108.85
43   55   16   110.75
43   55   17   115.96
43   55   18   124.55
43   55   19   134.95
43   55   20   147.3
43   55   21   161.01
43   55   22   173.67
43   55   23   183.79
43   55   24   191.42
43   55   25   195.74
43   55   26   192.9
43   55   27   173.79
43   55   28   137.19
43   56   8   41.59
43   56   9   67.96
43   56   10   86.9
43   56   11   100.37
43   56   12   109.98
43   56   13   117.35
43   56   14   123.65
43   56   15   129.27
43   56   16   134.41
43   56   17   139.99
43   56   18   146.98
43   56   19   154.83
43   56   20   163.32
43   56   21   171.64
43   56   22   179.14
43   56   23   185.18
43   56   24   189.49
43   56   25   191.35
43   56   26   187.91
43   56   27   172.96
43   56   28   141.55
43   57   8   28.86
43   57   9   54.57
43   57   10   75.77
43   57   11   91.96
43   57   12   104.09
43   57   13   113.25
43   57   14   120.59
43   57   15   126.46
43   57   16   132.2
43   57   17   138.24
43   57   18   144.61
43   57   19   151.19
43   57   20   158.58
43   57   21   166.76
43   57   22   173.73
43   57   23   178.14
43   57   24   179.8
43   57   25   176.07
43   57   26   163.25
43   57   27   133.24
43   57   28   4.48
43   58   3   20.07
43   58   4   34.02
43   58   5   38.97
43   58   6   38.08
43   58   7   41.85
43   58   8   51.72
43   58   9   64.96
43   58   10   78.92
43   58   11   92.69
43   58   12   104.92
43   58   13   115.32
43   58   14   124.24
43   58   15   131.86
43   58   16   137.61
43   58   17   142.84
43   58   18   148.02
43   58   19   153.91
43   58   20   161.15
43   58   21   167.9
43   58   22   171.52
43   58   23   170.37
43   58   24   169
43   58   25   162.84
43   58   26   140.8
43   58   27   87.05
43   59   2   3.83
43   59   3   29.44
43   59   4   44.38
43   59   5   56.37
43   59   6   65.93
43   59   7   73.5
43   59   8   80.99
43   59   9   89.24
43   59   10   97.68
43   59   11   105.87
43   59   12   113.61
43   59   13   121.39
43   59   14   129.37
43   59   15   137.02
43   59   16   143.83
43   59   17   150.44
43   59   18   156.58
43   59   19   162.16
43   59   20   167.77
43   59   21   170.66
43   59   22   167.31
43   59   23   153.58
43   59   24   147.91
43   59   25   146.71
43   59   26   114.8
43   60   3   26.94
43   60   4   43.09
43   60   5   55.94
43   60   6   67.06
43   60   7   76.85
43   60   8   84.24
43   60   9   88.63
43   60   10   90.54
43   60   11   92.42
43   60   12   97.73
43   60   13   105.63
43   60   14   116.1
43   60   15   126.8
43   60   16   136.11
43   60   17   144.8
43   60   18   152.31
43   60   19   160.04
43   60   20   166.14
43   60   21   166.13
43   60   22   151.35
43   60   23   112.84
43   60   24   81.47
43   60   25   19.48
43   61   3   22.77
43   61   4   39.89
43   61   5   50.95
43   61   6   58.39
43   61   7   62.12
43   61   8   53.65
43   61   9   30.54
43   61   10   15.51
43   61   11   20.96
43   61   12   39.41
43   61   13   60.36
43   61   14   81.7
43   61   15   100.47
43   61   16   118.08
43   61   17   134.74
43   61   18   147.33
43   61   19   158.18
43   61   20   164.49
43   61   21   161.11
43   61   22   134.29
43   61   23   50.7
43   62   4   22.79
43   62   5   18.57
43   62   13   29.66
43   62   14   62.24
43   62   15   84.68
43   62   16   103.76
43   62   17   122.34
43   62   18   140.38
43   62   19   155.12
43   62   20   163.9
43   62   21   162.67
43   62   22   138.28
43   62   23   45.34
43   63   13   30.96
43   63   14   71.51
43   63   15   92.91
43   63   16   108.1
43   63   17   122.05
43   63   18   136.68
43   63   19   151.35
43   63   20   162.48
43   63   21   165.12
43   63   22   145
43   63   23   63.49
43   64   4   14.98
43   64   14   60.6
43   64   15   94.65
43   64   16   114.12
43   64   17   128.35
43   64   18   140.99
43   64   19   153.07
43   64   20   162.87
43   64   21   165.95
43   64   22   152.99
43   64   23   111.47
43   65   15   58.99
43   65   16   98.57
43   65   17   125.37
43   65   18   142.24
43   65   19   155.27
43   65   20   163.01
43   65   21   160.57
43   65   22   136.24
43   65   23   56.52
43   66   16   47.89
43   66   17   88.09
43   66   18   104.29
43   66   19   107.95
43   66   20   97.94
43   66   21   69.06
44   51   17   39.85
44   51   18   89.57
44   51   19   112.03
44   51   20   122.12
44   51   21   121
44   51   22   108.29
44   51   23   82.01
44   52   16   24.43
44   52   17   91.41
44   52   18   120.98
44   52   19   138.66
44   52   20   152.16
44   52   21   164.49
44   52   22   173.77
44   52   23   175.48
44   52   24   157.29
44   52   25   89.05
44   53   7   4.2
44   53   8   12.42
44   53   9   12.96
44   53   10   11.64
44   53   16   50.12
44   53   17   84.47
44   53   18   108.45
44   53   19   124.74
44   53   20   138.13
44   53   21   151.05
44   53   22   163.17
44   53   23   172.98
44   53   24   177.74
44   53   25   175.74
44   53   26   153.26
44   53   27   45.55
44   54   6   20.76
44   54   7   40.24
44   54   8   57.22
44   54   9   73.06
44   54   10   87.5
44   54   11   97.31
44   54   12   99.7
44   54   13   94.09
44   54   14   84.39
44   54   15   80.41
44   54   16   85.5
44   54   17   97.04
44   54   18   112.64
44   54   19   129.54
44   54   20   145.18
44   54   21   160.9
44   54   22   174.29
44   54   23   183.37
44   54   24   188.12
44   54   25   186.73
44   54   26   176.98
44   54   27   151.88
44   54   28   69.75
44   55   5   26.06
44   55   6   44.85
44   55   7   61.29
44   55   8   75.79
44   55   9   87.36
44   55   10   95.33
44   55   11   100.58
44   55   12   105.64
44   55   13   111.65
44   55   14   118.1
44   55   15   125
44   55   16   132.76
44   55   17   141.41
44   55   18   150.35
44   55   19   159.65
44   55   20   168.22
44   55   21   176.25
44   55   22   183.18
44   55   23   189.21
44   55   24   194.12
44   55   25   196.45
44   55   26   191.28
44   55   27   170.17
44   55   28   125.74
44   56   5   21.86
44   56   6   41.2
44   56   7   59.07
44   56   8   74.72
44   56   9   85.92
44   56   10   92.02
44   56   11   93.76
44   56   12   94.92
44   56   13   98.71
44   56   14   104.58
44   56   15   112.59
44   56   16   122.28
44   56   17   132.62
44   56   18   142.76
44   56   19   152.36
44   56   20   161.19
44   56   21   169.72
44   56   22   177.6
44   56   23   184.29
44   56   24   189.74
44   56   25   192.37
44   56   26   187.61
44   56   27   167.77
44   56   28   126.15
44   57   4   8.31
44   57   5   21.92
44   57   6   37.38
44   57   7   54.12
44   57   8   69.54
44   57   9   80.77
44   57   10   87.06
44   57   11   89.57
44   57   12   90.51
44   57   13   93.4
44   57   14   99.3
44   57   15   106.66
44   57   16   115.26
44   57   17   125.55
44   57   18   136.75
44   57   19   148.16
44   57   20   158.52
44   57   21   167.57
44   57   22   175.03
44   57   23   180.74
44   57   24   185.04
44   57   25   186.19
44   57   26   178.78
44   57   27   151.33
44   57   28   90.57
44   58   3   18.66
44   58   4   33.04
44   58   5   41.71
44   58   6   50.4
44   58   7   61.27
44   58   8   73
44   58   9   83.66
44   58   10   92.13
44   58   11   97.77
44   58   12   101.33
44   58   13   104.23
44   58   14   108.67
44   58   15   114.56
44   58   16   121.21
44   58   17   128.57
44   58   18   137.28
44   58   19   147.54
44   58   20   157.75
44   58   21   165.74
44   58   22   170.67
44   58   23   172.49
44   58   24   174.36
44   58   25   173.74
44   58   26   163.37
44   58   27   139.6
44   59   3   27.14
44   59   4   42.46
44   59   5   54.04
44   59   6   63.66
44   59   7   72.72
44   59   8   81.17
44   59   9   86.57
44   59   10   87.45
44   59   11   85.89
44   59   12   87.25
44   59   13   93.12
44   59   14   102.45
44   59   15   112.44
44   59   16   121.7
44   59   17   131.28
44   59   18   140.19
44   59   19   148.75
44   59   20   156.71
44   59   21   161.3
44   59   22   159.9
44   59   23   155.58
44   59   24   155.64
44   59   25   154.41
44   59   26   132.28
44   60   3   26.6
44   60   4   43.12
44   60   5   56.06
44   60   6   65.65
44   60   7   69.86
44   60   8   66.8
44   60   9   52.39
44   60   10   30.99
44   60   11   23.83
44   60   12   37.37
44   60   13   58.77
44   60   14   80.04
44   60   15   98.46
44   60   16   114.31
44   60   17   128.22
44   60   18   140.15
44   60   19   149.92
44   60   20   154.43
44   60   21   146.83
44   60   22   129.13
44   60   23   113.67
44   60   24   101.41
44   60   25   54.81
44   61   3   19.84
44   61   4   34.54
44   61   5   45.11
44   61   6   44.13
44   61   13   41.61
44   61   14   71.21
44   61   15   92.93
44   61   16   111.7
44   61   17   128.27
44   61   18   142.23
44   61   19   149.88
44   61   20   143.64
44   61   21   111.61
44   61   22   61.88
44   62   13   34.02
44   62   14   75.51
44   62   15   98.42
44   62   16   116.23
44   62   17   131.88
44   62   18   144.37
44   62   19   149.19
44   62   20   138.27
44   62   21   100.65
44   62   22   17.82
44   63   14   69.07
44   63   15   98.82
44   63   16   119.45
44   63   17   133.46
44   63   18   141.67
44   63   19   141.36
44   63   20   126.24
44   63   21   79.11
44   64   15   71
44   64   16   104.45
44   64   17   126.05
44   64   18   136.82
44   64   19   137.68
44   64   20   126.28
44   64   21   90.65
44   64   22   12.79
44   65   17   60.42
44   65   18   85.84
44   65   19   96.57
44   65   20   91.56
44   65   21   60.85
45   51   16   44.87
45   51   17   92.56
45   51   18   122.61
45   51   19   138.56
45   51   20   142.28
45   51   21   132.14
45   51   22   107.83
45   51   23   69.07
45   52   15   43.27
45   52   16   81.37
45   52   17   109.66
45   52   18   128.26
45   52   19   141.13
45   52   20   151.98
45   52   21   162.51
45   52   22   170.23
45   52   23   170.98
45   52   24   157.92
45   52   25   110.7
45   53   5   19.8
45   53   6   36.65
45   53   7   48.12
45   53   8   56.99
45   53   9   64.26
45   53   10   66.88
45   53   11   62.86
45   53   12   54.75
45   53   13   50.28
45   53   14   53.95
45   53   15   65.91
45   53   16   82.45
45   53   17   99.24
45   53   18   115.71
45   53   19   130.72
45   53   20   144.65
45   53   21   157.06
45   53   22   167.08
45   53   23   173.51
45   53   24   174.24
45   53   25   168.57
45   53   26   150.36
45   54   4   21.46
45   54   5   38.04
45   54   6   51.72
45   54   7   64.43
45   54   8   75.83
45   54   9   85.6
45   54   10   94.66
45   54   11   103.54
45   54   12   111.44
45   54   13   116.78
45   54   14   120.16
45   54   15   122.7
45   54   16   126.19
45   54   17   131.35
45   54   18   139.66
45   54   19   150.14
45   54   20   160.65
45   54   21   170.38
45   54   22   178.28
45   54   23   183.66
45   54   24   184.25
45   54   25   177.35
45   54   26   160.57
45   54   27   134
45   55   4   27.46
45   55   5   46.19
45   55   6   61.51
45   55   7   72.65
45   55   8   78.74
45   55   9   80.14
45   55   10   81.4
45   55   11   86.34
45   55   12   94.57
45   55   13   104.17
45   55   14   114.34
45   55   15   124.03
45   55   16   132.94
45   55   17   141.5
45   55   18   149.84
45   55   19   157.72
45   55   20   164.75
45   55   21   171.4
45   55   22   177.78
45   55   23   183.48
45   55   24   187.1
45   55   25   186.21
45   55   26   176.6
45   55   27   150.24
45   55   28   64.75
45   56   3   4.61
45   56   4   31.19
45   56   5   48.26
45   56   6   61.92
45   56   7   71.16
45   56   8   73.34
45   56   9   68.12
45   56   10   62.9
45   56   11   64.39
45   56   12   73.08
45   56   13   85.38
45   56   14   98.74
45   56   15   111.26
45   56   16   122.89
45   56   17   133.3
45   56   18   143.1
45   56   19   152.29
45   56   20   160.85
45   56   21   169.3
45   56   22   177.09
45   56   23   183.39
45   56   24   187.7
45   56   25   187.62
45   56   26   179.57
45   56   27   157.09
45   56   28   109.95
45   57   3   10.2
45   57   4   32.1
45   57   5   47.48
45   57   6   60.4
45   57   7   69.09
45   57   8   70.92
45   57   9   64.12
45   57   10   51.07
45   57   11   42.06
45   57   12   44.94
45   57   13   59.44
45   57   14   79.49
45   57   15   99.03
45   57   16   115.93
45   57   17   129.62
45   57   18   141.43
45   57   19   152
45   57   20   161.33
45   57   21   169.74
45   57   22   177.18
45   57   23   183.34
45   57   24   188.06
45   57   25   188.51
45   57   26   179.54
45   57   27   152.5
45   57   28   96.23
45   58   3   17.34
45   58   4   34.95
45   58   5   48.68
45   58   6   61.17
45   58   7   71.54
45   58   8   77.73
45   58   9   77.44
45   58   10   68.85
45   58   11   58.97
45   58   12   57.18
45   58   13   64.86
45   58   14   80.04
45   58   15   98.59
45   58   16   116.08
45   58   17   130.5
45   58   18   142.54
45   58   19   152.61
45   58   20   160.95
45   58   21   167.52
45   58   22   172.17
45   58   23   176.08
45   58   24   179.9
45   58   25   179.3
45   58   26   167.68
45   58   27   141.35
45   58   28   58.18
45   59   3   23.76
45   59   4   40.05
45   59   5   52.9
45   59   6   63.87
45   59   7   72.21
45   59   8   74.51
45   59   9   66.71
45   59   10   49.46
45   59   11   34.87
45   59   12   37.49
45   59   13   56.44
45   59   14   79.37
45   59   15   98.86
45   59   16   114.67
45   59   17   127.9
45   59   18   138.81
45   59   19   147.23
45   59   20   152.55
45   59   21   155.53
45   59   22   157.64
45   59   23   160.35
45   59   24   161.51
45   59   25   157.82
45   59   26   143.92
45   59   27   88.8
45   60   3   25.86
45   60   4   41.5
45   60   5   52.92
45   60   6   59.18
45   60   7   57.51
45   60   8   40.44
45   60   13   60.63
45   60   14   89.24
45   60   15   106.63
45   60   16   119.24
45   60   17   128.91
45   60   18   134.78
45   60   19   134.35
45   60   20   126.68
45   60   21   121.29
45   60   22   123.29
45   60   23   139
45   60   24   136.01
45   60   25   102.49
45   61   3   17.07
45   61   4   29.33
45   61   5   27.98
45   61   13   30.87
45   61   14   66.07
45   61   15   87.91
45   61   16   102.63
45   61   17   111.21
45   61   18   110.25
45   61   19   97.08
45   61   20   74.51
45   61   21   52.08
45   61   22   40.11
45   61   23   22.82
45   62   15   49.33
45   62   16   71.97
45   62   17   82.44
45   62   18   79.88
45   62   19   60.85
45   63   16   19.44
45   63   17   40.78
45   63   18   36.6
45   69   34   35.13
45   69   35   33.43
45   73   19   32.48
46   50   17   15.51
46   50   18   35.39
46   50   19   33.38
46   51   14   48.07
46   51   15   80.6
46   51   16   103.55
46   51   17   119.96
46   51   18   132.36
46   51   19   141.4
46   51   20   142.67
46   51   21   126.66
46   51   22   92.23
46   51   23   13.78
46   52   13   33.41
46   52   14   60
46   52   15   83.83
46   52   16   103.7
46   52   17   119.38
46   52   18   132.12
46   52   19   143.39
46   52   20   153.41
46   52   21   161.35
46   52   22   164.54
46   52   23   157.49
46   52   24   138.67
46   53   4   9.5
46   53   5   30.75
46   53   6   46.03
46   53   7   59.8
46   53   8   72.18
46   53   9   80.97
46   53   10   84.2
46   53   11   83.17
46   53   12   81.83
46   53   13   83.64
46   53   14   89.6
46   53   15   98.06
46   53   16   108.61
46   53   17   120.14
46   53   18   131.57
46   53   19   143.4
46   53   20   153.92
46   53   21   162.55
46   53   22   168.68
46   53   23   169.17
46   53   24   162.67
46   53   25   149.63
46   53   26   25.6
46   54   4   29.69
46   54   5   46.81
46   54   6   59.54
46   54   7   69.12
46   54   8   77.27
46   54   9   85.47
46   54   10   93.2
46   54   11   99.31
46   54   12   104.36
46   54   13   111.26
46   54   14   119.68
46   54   15   127.28
46   54   16   134.94
46   54   17   143.05
46   54   18   150.79
46   54   19   158.71
46   54   20   165.85
46   54   21   172.11
46   54   22   177.37
46   54   23   178.9
46   54   24   173.49
46   54   25   161.62
46   54   26   142.08
46   55   3   14.56
46   55   4   37.94
46   55   5   53.87
46   55   6   64.08
46   55   7   68.08
46   55   8   69.72
46   55   9   74.13
46   55   10   77.64
46   55   11   77.13
46   55   12   76.26
46   55   13   80.28
46   55   14   89.33
46   55   15   100.52
46   55   16   112.48
46   55   17   124.58
46   55   18   135.9
46   55   19   146.37
46   55   20   155.96
46   55   21   164.52
46   55   22   171.73
46   55   23   176.11
46   55   24   176.39
46   55   25   173.15
46   55   26   161.35
46   55   27   105.67
46   56   3   25.13
46   56   4   42.53
46   56   5   54.45
46   56   6   59.82
46   56   7   54.21
46   56   8   40.26
46   56   9   39.15
46   56   10   50.86
46   56   11   59.4
46   56   12   62.3
46   56   13   66.87
46   56   14   77.98
46   56   15   93.91
46   56   16   110.22
46   56   17   125.38
46   56   18   138.77
46   56   19   150.07
46   56   20   159.62
46   56   21   167.76
46   56   22   174.69
46   56   23   179.89
46   56   24   182.92
46   56   25   183.35
46   56   26   179.42
46   56   27   154.93
46   56   28   40.26
46   57   3   22.82
46   57   4   40.6
46   57   5   53.29
46   57   6   60.42
46   57   7   57.16
46   57   8   31.79
46   57   13   36.87
46   57   14   67.1
46   57   15   93.6
46   57   16   115.28
46   57   17   132.09
46   57   18   144.77
46   57   19   154.77
46   57   20   162.83
46   57   21   169.98
46   57   22   176.56
46   57   23   182.15
46   57   24   186.72
46   57   25   188.13
46   57   26   183.24
46   57   27   163.4
46   57   28   88.72
46   58   3   19.38
46   58   4   37.86
46   58   5   52.22
46   58   6   62.2
46   58   7   65.01
46   58   8   54.33
46   58   9   5.97
46   58   13   35.5
46   58   14   74.13
46   58   15   103.66
46   58   16   122.84
46   58   17   135.47
46   58   18   144.6
46   58   19   151.46
46   58   20   157.7
46   58   21   163.76
46   58   22   169.83
46   58   23   176.03
46   58   24   181.1
46   58   25   181.96
46   58   26   175.41
46   58   27   157.31
46   58   28   70.87
46   59   3   23.37
46   59   4   39.76
46   59   5   52.63
46   59   6   63.11
46   59   7   67.9
46   59   8   61.31
46   59   9   33.59
46   59   13   28.53
46   59   14   77.1
46   59   15   103.03
46   59   16   117.98
46   59   17   126.88
46   59   18   132.66
46   59   19   135.64
46   59   20   138.86
46   59   21   144.78
46   59   22   152.67
46   59   23   160.44
46   59   24   165.46
46   59   25   166.47
46   59   26   163.46
46   59   27   120.87
46   60   3   23.99
46   60   4   38.84
46   60   5   48.68
46   60   6   53.75
46   60   7   47.94
46   60   13   21.02
46   60   14   65.16
46   60   15   88.8
46   60   16   100.57
46   60   17   105.63
46   60   18   106.21
46   60   19   104.14
46   60   20   104.23
46   60   21   113.18
46   60   22   131.51
46   60   23   149.42
46   60   24   152.31
46   60   25   118.41
46   61   3   12.59
46   61   4   22.99
46   61   5   11.27
46   61   15   13.58
46   61   16   38.55
46   61   17   49.8
46   61   18   51.97
46   61   19   51.66
46   61   20   58.41
46   61   21   69.12
46   61   22   67.18
46   61   23   43.37
46   62   6   10.86
46   68   32   21.43
46   68   33   52.1
46   68   34   40.7
46   69   32   43.17
46   69   33   72.91
46   69   34   65.54
46   71   21   21.62
46   71   22   21.55
46   72   18   3.87
46   72   19   51.43
46   72   20   61.8
46   72   21   71.38
46   72   22   76.64
46   72   23   31.08
46   72   29   2.88
46   72   30   3.54
46   72   31   19.61
46   72   32   19.61
46   73   16   5.47
46   73   17   21.42
46   73   18   29.16
46   73   19   23.99
47   50   14   12.51
47   50   15   34.36
47   50   16   40.18
47   50   17   40.62
47   50   18   36.28
47   50   19   24.52
47   51   12   41.42
47   51   13   68.84
47   51   14   89.98
47   51   15   106.45
47   51   16   119.02
47   51   17   127.91
47   51   18   133.76
47   51   19   137.48
47   51   20   135.24
47   51   21   111.83
47   51   22   48.97
47   52   4   27.47
47   52   5   34.58
47   52   6   18.89
47   52   11   23.57
47   52   12   46.17
47   52   13   65.33
47   52   14   82.84
47   52   15   99.01
47   52   16   113.13
47   52   17   125.43
47   52   18   135.86
47   52   19   145.14
47   52   20   152.39
47   52   21   156.34
47   52   22   154.2
47   52   23   137.82
47   52   24   18.96
47   53   4   14.93
47   53   5   39.15
47   53   6   57.2
47   53   7   70.89
47   53   8   80.41
47   53   9   85.08
47   53   10   86.13
47   53   11   87.33
47   53   12   90.26
47   53   13   95.44
47   53   14   102.52
47   53   15   110.21
47   53   16   118.32
47   53   17   127.12
47   53   18   136.38
47   53   19   145.7
47   53   20   153.7
47   53   21   159.75
47   53   22   161.34
47   53   23   157.14
47   53   24   148.79
47   53   25   24.62
47   54   4   27.98
47   54   5   43.62
47   54   6   54.9
47   54   7   64.74
47   54   8   73.47
47   54   9   78.83
47   54   10   77.29
47   54   11   69.36
47   54   12   62.82
47   54   13   67.04
47   54   14   80.94
47   54   15   95.54
47   54   16   110.05
47   54   17   124.65
47   54   18   137.06
47   54   19   148.33
47   54   20   157.72
47   54   21   164.59
47   54   22   167.79
47   54   23   165.56
47   54   24   152.76
47   54   25   97.9
47   55   3   24.49
47   55   4   42.87
47   55   5   55.41
47   55   6   62.66
47   55   7   67.36
47   55   8   70.36
47   55   9   65.7
47   55   10   40.65
47   55   14   44.35
47   55   15   76.12
47   55   16   100.39
47   55   17   120.07
47   55   18   134.93
47   55   19   146.35
47   55   20   155.28
47   55   21   161.66
47   55   22   165.5
47   55   23   165.82
47   55   24   156.32
47   55   25   119.86
47   55   26   28.47
47   56   2   1.03
47   56   3   30
47   56   4   44.76
47   56   5   52.58
47   56   6   51.12
47   56   7   43.12
47   56   8   45.89
47   56   9   52.1
47   56   10   37.31
47   56   14   29.57
47   56   15   80.38
47   56   16   107.16
47   56   17   124.51
47   56   18   137.61
47   56   19   148.27
47   56   20   157.24
47   56   21   165.03
47   56   22   171.23
47   56   23   175.49
47   56   24   173.8
47   56   25   158
47   56   26   109.43
47   56   27   17.41
47   57   3   22.51
47   57   4   39.31
47   57   5   49.37
47   57   6   47.15
47   57   7   3.7
47   57   14   44.64
47   57   15   87.99
47   57   16   110.79
47   57   17   129.8
47   57   18   143.74
47   57   19   154.55
47   57   20   163.37
47   57   21   170.64
47   57   22   177.11
47   57   23   182.87
47   57   24   186.05
47   57   25   183.07
47   57   26   158.62
47   57   27   66.28
47   58   3   22.08
47   58   4   39.73
47   58   5   51.01
47   58   6   51.84
47   58   7   23.41
47   58   14   35.37
47   58   15   82.27
47   58   16   111.69
47   58   17   132.6
47   58   18   146.04
47   58   19   155.56
47   58   20   163.32
47   58   21   170.71
47   58   22   178.45
47   58   23   186
47   58   24   190.21
47   58   25   187.38
47   58   26   165.19
47   58   27   95.59
47   59   3   23.48
47   59   4   40.1
47   59   5   53.28
47   59   6   60.73
47   59   7   59.2
47   59   8   32.26
47   59   14   14.81
47   59   15   72.01
47   59   16   104.81
47   59   17   124.03
47   59   18   135.47
47   59   19   143.83
47   59   20   151.78
47   59   21   160.56
47   59   22   170.45
47   59   23   178.81
47   59   24   182.88
47   59   25   174.97
47   59   26   118.78
47   60   3   23.29
47   60   4   37.66
47   60   5   47.54
47   60   6   53.18
47   60   7   50.68
47   60   8   10.33
47   60   15   49.48
47   60   16   73.41
47   60   17   88.7
47   60   18   100.41
47   60   19   111.92
47   60   20   126.88
47   60   21   145.19
47   60   22   160.41
47   60   23   157.38
47   60   24   111.49
47   61   3   12.26
47   61   4   21.86
47   61   5   19.48
47   61   6   23.46
47   61   19   35.78
47   61   20   57.31
47   61   21   62.26
47   61   22   39.73
47   62   4   19.42
47   62   5   29.13
47   62   6   41.84
47   63   4   22.08
47   63   5   32.9
47   63   6   44.25
47   70   21   38.32
47   70   22   45.5
47   70   23   4.48
47   71   18   4.16
47   71   19   55.35
47   71   20   74.14
47   71   21   85.89
47   71   22   86.5
47   71   23   48.71
47   72   18   46.65
47   72   19   71.85
47   72   20   57.21
47   72   21   51.46
47   72   22   62.54
47   72   29   16.09
47   72   30   42.45
47   72   31   25.96
47   73   13   25.6
47   73   14   47.41
47   73   15   58.62
47   73   16   66.16
47   73   17   70.27
47   73   18   63.81
47   73   19   15.02
47   73   29   11.4
47   73   30   46.63
47   73   31   41.85
47   74   13   37.14
47   74   14   62.06
47   74   15   77.93
47   74   16   84.14
47   74   17   49.17
48   50   10   20.73
48   50   11   49.91
48   50   12   70.75
48   50   13   84.66
48   50   14   89.95
48   50   15   85.11
48   50   16   69.39
48   50   17   47.96
48   51   10   36.7
48   51   11   62.06
48   51   12   80.29
48   51   13   94.61
48   51   14   106.17
48   51   15   115.67
48   51   16   122.87
48   51   17   126.57
48   51   18   125.09
48   51   19   119.07
48   51   20   104.32
48   51   21   56.49
48   52   3   9.91
48   52   4   1.77
48   52   10   18.22
48   52   11   46.33
48   52   12   64.9
48   52   13   79.71
48   52   14   92.68
48   52   15   104.47
48   52   16   115.47
48   52   17   125.85
48   52   18   134.01
48   52   19   139.49
48   52   20   142.9
48   52   21   145.5
48   52   22   136.57
48   53   3   4.36
48   53   4   31.53
48   53   5   46.05
48   53   6   55.33
48   53   7   61.63
48   53   8   66.09
48   53   9   70.39
48   53   10   73.67
48   53   11   73.14
48   53   12   73.83
48   53   13   80.75
48   53   14   92.05
48   53   15   104.24
48   53   16   115.71
48   53   17   126.16
48   53   18   135.23
48   53   19   143.23
48   53   20   149.02
48   53   21   151.6
48   53   22   146.75
48   53   23   125.07
48   54   4   18.76
48   54   5   36.38
48   54   6   49.41
48   54   7   60.53
48   54   8   67.24
48   54   9   62.7
48   54   10   37.45
48   54   14   41.69
48   54   15   75.89
48   54   16   100.2
48   54   17   116.92
48   54   18   128.29
48   54   19   137.3
48   54   20   146.2
48   54   21   152.35
48   54   22   148.26
48   54   23   115.71
48   55   3   17.71
48   55   4   34.85
48   55   5   46.03
48   55   6   54.79
48   55   7   61.29
48   55   8   59.76
48   55   9   36.46
48   55   14   4.85
48   55   15   55.5
48   55   16   81.62
48   55   17   102.58
48   55   18   120.1
48   55   19   135.01
48   55   20   145.74
48   55   21   147.39
48   55   22   133.34
48   55   23   100.21
48   55   24   2.3
48   56   2   7.41
48   56   3   32.59
48   56   4   45.3
48   56   5   51.34
48   56   6   52.96
48   56   7   53.45
48   56   8   55.03
48   56   9   39.92
48   56   16   67.06
48   56   17   97.69
48   56   18   117.35
48   56   19   130.85
48   56   20   137.05
48   56   21   132.35
48   56   22   118.7
48   56   23   94.61
48   56   24   52.81
48   57   3   21.36
48   57   4   37.6
48   57   5   43.24
48   57   6   27.98
48   57   16   57.2
48   57   17   86.15
48   57   18   107.84
48   57   19   125.18
48   57   20   138.51
48   57   21   145.05
48   57   22   143.9
48   57   23   140.06
48   57   24   129.58
48   57   25   81.73
48   58   3   25.92
48   58   4   39.33
48   58   5   41.45
48   58   6   12.14
48   58   16   58.24
48   58   17   93.23
48   58   18   117.28
48   58   19   134.65
48   58   20   148.42
48   58   21   156.45
48   58   22   158.66
48   58   23   154.19
48   58   24   143.59
48   58   25   102.74
48   59   3   27.24
48   59   4   42.53
48   59   5   51.86
48   59   6   53.62
48   59   7   28.04
48   59   16   25.55
48   59   17   80.12
48   59   18   106.26
48   59   19   124.35
48   59   20   139.29
48   59   21   143.53
48   59   22   135.03
48   59   23   114.51
48   59   24   92.75
48   60   3   23.65
48   60   4   37.9
48   60   5   47.59
48   60   6   47.73
48   60   7   29.45
48   60   17   19.1
48   60   18   56.57
48   60   19   75.88
48   60   20   87.37
48   60   21   89.74
48   60   22   75.44
48   61   3   16.09
48   61   4   26.22
48   61   5   30.42
48   61   6   33.99
48   62   3   12.18
48   62   4   31.05
48   62   5   40.45
48   62   6   43.52
48   62   7   42.79
48   63   3   10.7
48   63   4   31.87
48   63   5   43.76
48   63   6   48.14
48   63   7   46.33
48   64   4   20.69
48   64   5   29.88
48   64   6   34.02
48   64   7   32.32
48   64   8   45.8
48   70   19   32.32
48   70   20   53.95
48   70   21   69.21
48   70   22   79.4
48   70   23   83.99
48   70   24   58.06
48   71   17   5.92
48   71   18   53.58
48   71   19   74.29
48   71   20   77.48
48   71   21   68.21
48   71   22   63.03
48   71   23   17.6
48   72   13   0.04
48   72   14   22.48
48   72   15   29.85
48   72   16   29.69
48   72   17   44.76
48   72   18   75.17
48   72   19   91.06
48   72   20   83.12
48   72   21   37.62
48   72   22   24.74
48   73   12   19.97
48   73   13   39.39
48   73   14   49.17
48   73   15   58.1
48   73   16   71.54
48   73   17   80.24
48   73   18   85.57
48   73   19   83.92
48   73   20   40.03
48   74   12   55.88
48   74   13   65.02
48   74   14   72.97
48   74   15   78.85
48   74   16   69.03
48   74   17   30.19
48   75   12   7.78
48   75   13   29.88
48   75   14   24.8
49   49   9   14.73
49   49   10   27.85
49   49   11   33.14
49   49   12   37.09
49   49   13   33.69
49   49   14   16.22
49   50   8   26.22
49   50   9   58.14
49   50   10   76.19
49   50   11   89.54
49   50   12   99.94
49   50   13   107.28
49   50   14   108.27
49   50   15   95.85
49   50   16   64.86
49   50   17   16.83
49   51   9   30.33
49   51   10   54.23
49   51   11   68.74
49   51   12   79.69
49   51   13   89.92
49   51   14   100.39
49   51   15   109.21
49   51   16   113.04
49   51   17   110.75
49   51   18   96.43
49   51   19   64.83
49   52   9   10.86
49   52   10   41.7
49   52   11   55.11
49   52   12   65.3
49   52   13   76.67
49   52   14   88.69
49   52   15   100.59
49   52   16   111.87
49   52   17   119.45
49   52   18   122.17
49   52   19   120.9
49   52   20   110.75
49   52   21   75.19
49   53   6   13.62
49   53   7   34.43
49   53   8   52.12
49   53   9   60.6
49   53   10   52.09
49   53   11   35.23
49   53   12   32.83
49   53   13   49.89
49   53   14   72.76
49   53   15   90.31
49   53   16   103.89
49   53   17   116.73
49   53   18   127.14
49   53   19   132.14
49   53   20   128.27
49   53   21   104.2
49   53   22   56.5
49   54   5   25.38
49   54   6   43.89
49   54   7   57.18
49   54   8   61.39
49   54   9   48.55
49   54   14   8.23
49   54   15   55.27
49   54   16   80.43
49   54   17   98.03
49   54   18   108.07
49   54   19   107.62
49   54   20   96.37
49   54   21   65.17
49   55   4   14.65
49   55   5   32.34
49   55   6   47.57
49   55   7   58.64
49   55   8   61.13
49   55   9   45.66
49   55   16   8.39
49   55   17   41.77
49   55   18   58.31
49   55   19   66.04
49   55   20   64.88
49   55   21   43.49
49   56   2   5.72
49   56   3   28.71
49   56   4   39.04
49   56   5   47.01
49   56   6   54.88
49   56   7   62.22
49   56   8   67.22
49   56   9   58.71
49   56   10   18.79
49   56   20   10.74
49   57   3   23.67
49   57   4   37.04
49   57   5   40.32
49   57   6   32.29
49   57   7   31.99
49   57   8   48.46
49   57   20   9.42
49   57   21   10.7
49   58   3   22.31
49   58   4   30.55
49   58   5   23.92
49   58   20   24.66
49   58   21   26.56
49   59   2   2.76
49   59   3   26.86
49   59   4   37.37
49   59   5   40.67
49   60   3   25.27
49   60   4   38.55
49   60   5   42.4
49   60   6   32.88
49   61   3   18.42
49   61   4   33.3
49   61   5   38.81
49   61   6   42.42
49   62   3   9.01
49   62   4   33.43
49   62   5   45.09
49   62   6   49.17
49   62   7   56.06
49   63   4   30.69
49   63   5   45.6
49   63   6   51.87
49   63   7   60.62
49   64   4   22.67
49   64   5   35.52
49   64   6   42.06
49   64   7   40.52
49   64   8   18.39
49   68   18   29.01
49   68   19   39.92
49   68   20   46.43
49   68   21   25.25
49   69   20   10.78
49   69   21   29.16
49   69   22   43.87
49   69   23   88.78
49   70   18   15.02
49   70   19   35.29
49   70   20   49.3
49   70   21   61.96
49   70   22   80
49   70   23   83.73
49   70   24   73.61
49   71   16   4.69
49   71   17   34.01
49   71   18   51.72
49   71   19   56.75
49   71   20   39.85
49   72   12   5.14
49   72   13   29.13
49   72   14   33.35
49   72   15   40.32
49   72   16   51.31
49   72   17   61.6
49   72   18   71.86
49   72   19   73.52
49   72   20   57.11
49   73   12   15.55
49   73   13   22.82
49   73   14   37.31
49   73   15   55.52
49   73   16   71.91
49   73   17   80.51
49   73   18   86.32
49   73   19   79.16
49   73   20   53.69
49   74   11   38.32
49   74   12   38.94
49   74   13   41.39
49   74   14   60.62
49   74   15   81.57
49   74   16   91.73
49   74   17   86.48
49   74   18   60.28
49   75   11   26.24
49   75   12   51.69
49   75   13   54.81
49   75   14   48.05
49   75   15   34.51
50   49   7   45.55
50   49   8   66.16
50   49   9   78.57
50   49   10   84.97
50   49   11   83.95
50   49   12   73.89
50   49   13   55.35
50   49   14   30.24
50   50   7   9.01
50   50   8   40.85
50   50   9   56.08
50   50   10   66.84
50   50   11   77.86
50   50   12   89.93
50   50   13   98.67
50   50   14   100.41
50   50   15   84.18
50   50   16   7.57
50   51   9   33.69
50   51   10   48.32
50   51   11   58.1
50   51   12   69.41
50   51   13   83.35
50   51   14   94.95
50   51   15   99.81
50   51   16   91.37
50   51   17   50.49
50   52   9   22.72
50   52   10   26.67
50   52   11   37.04
50   52   12   53.55
50   52   13   71.33
50   52   14   87.54
50   52   15   98.41
50   52   16   95.1
50   52   17   70.22
50   52   18   42.42
50   53   7   34.81
50   53   8   43.57
50   53   13   27.66
50   53   14   58.06
50   53   15   63.97
50   53   16   59.84
50   53   17   59.68
50   53   18   55.73
50   53   19   30.58
50   54   5   21.74
50   54   6   43.89
50   54   7   52.54
50   54   8   50.32
50   55   5   31.82
50   55   6   49.76
50   55   7   59.3
50   55   8   60.42
50   55   9   36.23
50   56   3   12.63
50   56   4   29.57
50   56   5   44.97
50   56   6   57.85
50   56   7   66.44
50   56   8   66.3
50   56   9   47.62
50   57   3   25.71
50   57   4   37.86
50   57   5   44.9
50   57   6   48.32
50   57   7   49.48
50   57   8   58.39
50   58   3   19.93
50   58   4   27.75
50   58   5   28.32
50   58   6   11.23
50   59   3   24.75
50   59   4   31.54
50   59   5   37.38
50   60   3   24.02
50   60   4   36
50   60   5   36.18
50   61   3   12.14
50   61   4   32.53
50   61   5   34.58
50   61   6   34.69
50   62   4   29.75
50   62   5   42.73
50   62   6   50.36
50   62   7   61.61
50   63   4   21.93
50   63   5   42.94
50   63   6   53.84
50   63   7   65.46
50   64   4   0.33
50   64   5   36.35
50   64   6   47.45
50   64   7   52.83
50   64   8   58.87
50   68   18   26.57
50   68   19   50.23
50   68   20   52.13
50   69   16   10.45
50   69   17   26.22
50   69   18   30.49
50   69   19   38.44
50   69   20   55.99
50   69   21   75.98
50   69   22   89.98
50   69   23   34.94
50   70   18   22.1
50   70   19   44.01
50   70   20   64.12
50   70   21   84.56
50   70   22   86.69
50   70   23   18.42
50   71   16   14.36
50   71   17   36.48
50   71   18   40.03
50   71   19   20.54
50   72   13   20.96
50   72   14   28.83
50   72   15   34.47
50   72   16   46.41
50   72   17   55.47
50   72   18   52.94
50   72   19   40.21
50   73   14   20.03
50   73   15   40.21
50   73   16   60.02
50   73   17   72.63
50   73   18   64.22
50   74   10   25.75
50   74   11   23.64
50   74   12   8.23
50   74   13   27.44
50   74   14   55.01
50   74   15   78.37
50   74   16   81.11
50   74   17   57.89
50   75   11   37.97
50   75   12   49.78
50   75   13   51.66
50   75   14   43.96
50   75   15   16.47
51   48   5   19.82
51   48   6   41.19
51   48   7   51.04
51   48   8   47.01
51   48   9   33.99
51   48   10   5.39
51   49   6   28.26
51   49   7   47.04
51   49   8   62.7
51   49   9   75.63
51   49   10   84.3
51   49   11   81.07
51   49   12   53.08
51   50   7   1.93
51   50   8   27.1
51   50   9   42.08
51   50   10   59.38
51   50   11   77.47
51   50   12   89.25
51   50   13   85.43
51   50   14   46.78
51   51   8   23.83
51   51   9   34.47
51   51   10   46.07
51   51   11   61.41
51   51   12   75.63
51   51   13   79.68
51   51   14   61.29
51   51   15   23.06
51   52   11   28.47
51   52   12   45.76
51   52   13   45.9
51   52   14   25.97
51   53   6   13.95
51   53   7   25.66
51   54   5   25.13
51   54   6   38.09
51   54   7   46.55
51   55   4   12.38
51   55   5   36.78
51   55   6   49.39
51   55   7   56.48
51   55   8   65.82
51   56   3   0.37
51   56   4   31.62
51   56   5   49.06
51   56   6   60.32
51   56   7   64.73
51   56   8   59.42
51   57   3   24.69
51   57   4   38.53
51   57   5   47.15
51   57   6   53.76
51   57   7   61.19
51   58   3   22.74
51   58   4   31.08
51   58   5   36.67
51   58   6   39.12
51   59   3   21.55
51   59   4   26.93
51   59   5   36.1
51   60   3   17.86
51   60   4   29.16
51   60   5   27.17
51   61   3   0.86
51   61   4   25.96
51   61   5   25.74
51   61   6   25.86
51   62   4   26.53
51   62   5   41.72
51   62   6   53.8
51   62   7   69.03
51   63   4   14.03
51   63   5   38.18
51   63   6   53.1
51   63   7   59.3
51   63   8   44.66
51   64   5   27.4
51   64   6   48.66
51   64   7   57.72
51   64   8   64.45
51   65   6   5.43
51   65   7   22.31
51   65   8   21.59
51   69   16   27.47
51   69   17   47.89
51   69   18   59.8
51   69   19   68.82
51   69   20   69.52
51   69   21   56.97
51   70   16   21.27
51   70   17   38.44
51   70   18   53.18
51   70   19   61.13
51   70   20   53.19
51   70   21   33.27
51   71   14   12.22
51   71   15   29.5
51   71   16   35.73
51   71   17   25.24
51   72   13   25.86
51   72   14   38.41
51   72   15   46.68
51   72   16   54.53
51   72   17   52.88
51   73   14   22.57
51   73   15   44.13
51   73   16   68.29
51   73   17   76.85
51   74   9   24.35
51   74   10   24.52
51   74   11   5.27
51   74   12   17.78
51   74   13   38.22
51   74   14   60.94
51   74   15   79.32
51   74   16   72.34
51   75   10   1.27
51   75   11   26.67
51   75   12   39.71
51   75   13   46.96
51   75   14   39.25
52   48   4   25.78
52   48   5   39
52   48   6   48.44
52   48   7   40.39
52   49   5   1.81
52   49   6   34.95
52   49   7   57.21
52   49   8   72.18
52   49   9   73.8
52   49   10   59.88
52   50   6   5.22
52   50   7   22.84
52   50   8   41.12
52   50   9   62.26
52   50   10   71.43
52   50   11   55.76
52   50   12   16.01
52   51   6   9.13
52   51   7   2.55
52   51   8   8.72
52   51   9   29.27
52   51   10   43.74
52   51   11   34.32
52   53   5   1.93
52   53   6   24.61
52   54   4   0.04
52   54   5   27.4
52   54   6   46.28
52   54   7   0.17
52   55   4   25.97
52   55   5   39.95
52   55   6   50.23
52   55   7   64.88
52   56   3   17.93
52   56   4   38.24
52   56   5   50.36
52   56   6   56.16
52   56   7   61.53
52   57   3   24.25
52   57   4   37.62
52   57   5   46.43
52   57   6   53.62
52   57   7   55.64
52   58   3   21.25
52   58   4   30.64
52   58   5   38.23
52   58   6   46.39
52   59   3   11.02
52   59   4   21.71
52   59   5   35.78
52   60   3   4.77
52   60   4   20.41
52   60   5   21.71
52   61   4   20.3
52   61   5   20.8
52   61   6   18.66
52   62   4   26.73
52   62   5   42.43
52   62   6   54.63
52   62   7   64.85
52   62   8   59.84
52   63   4   19.42
52   63   5   37.17
52   63   6   52.67
52   63   7   58.68
52   63   8   49.87
52   64   5   27.4
52   64   6   49.21
52   64   7   58.79
52   64   8   53.23
52   65   6   28.07
52   65   7   40.24
52   65   8   37.99
52   70   16   4.07
52   70   17   9.63
52   73   13   43.72
52   73   14   47.29
52   73   15   27.5
52   74   8   4.77
52   74   9   27.07
52   74   10   34.35
52   74   11   45.27
52   74   12   56.35
52   74   13   54.77
52   74   14   33.36
53   48   4   28.17
53   48   5   33.3
53   49   5   20
53   49   6   35
53   49   7   21.02
53   49   8   8.43
53   50   6   13.82
53   50   7   29.21
53   50   8   31.16
53   50   9   1.98
53   51   4   6.09
53   54   4   7.36
53   54   5   32.26
53   54   6   29.87
53   55   3   4.94
53   55   4   25.01
53   55   5   37.83
53   55   6   52.67
53   55   7   1.81
53   56   3   23.83
53   56   4   38.33
53   56   5   45.78
53   56   6   50.34
53   56   7   32.45
53   57   3   23.38
53   57   4   36.43
53   57   5   44.42
53   57   6   50.97
53   58   3   17.96
53   58   4   30.34
53   58   5   40.68
53   58   6   36.06
53   59   3   6.21
53   59   4   25.38
53   59   5   38.91
53   60   4   21.53
53   60   5   29.75
53   60   6   24.24
53   61   4   22.63
53   61   5   31.22
53   61   6   33.45
53   61   7   39.79
53   62   3   0.25
53   62   4   27.79
53   62   5   45.3
53   62   6   57.78
53   62   7   64.51
53   62   8   67.65
53   62   9   36.33
53   63   4   23.73
53   63   5   39.78
53   63   6   55.39
53   63   7   63.72
53   63   8   63.62
53   63   9   50.3
53   63   10   0.29
53   64   4   13.33
53   64   5   33.68
53   64   6   52.74
53   64   7   63.7
53   64   8   64.56
53   64   9   48.03
53   64   10   31.28
53   65   5   12.55
53   65   6   37.4
53   65   7   52.08
53   65   8   58.12
53   65   9   40
53   73   10   20.2
53   73   11   32.04
53   73   12   23.69
54   54   4   0.29
54   54   5   23.33
54   55   4   19.12
54   55   5   34.49
54   55   6   40.55
54   56   3   17.34
54   56   4   29.27
54   56   5   36.55
54   56   6   43.99
54   57   3   17.75
54   57   4   29.41
54   57   5   39.03
54   57   6   15.02
54   58   3   7.36
54   58   4   26.07
54   58   5   39.33
54   59   3   2.18
54   59   4   24.89
54   59   5   39.2
54   60   3   1.93
54   60   4   24.67
54   60   5   34.57
54   60   6   36.48
54   60   7   0.82
54   61   3   1.81
54   61   4   28.35
54   61   5   39.09
54   61   6   44.52
54   61   7   51.26
54   61   8   59.1
54   62   3   3.99
54   62   4   30.93
54   62   5   46.65
54   62   6   56.9
54   62   7   64.22
54   62   8   68.72
54   62   9   78.53
54   63   3   2.06
54   63   4   28.04
54   63   5   43.47
54   63   6   56.57
54   63   7   66.3
54   63   8   71.83
54   63   9   70.22
54   63   10   61.29
54   64   4   23.53
54   64   5   39.09
54   64   6   54.93
54   64   7   65.63
54   64   8   66.74
54   64   9   77.89
54   65   5   25.96
54   65   6   46.1
54   65   7   58.6
54   65   8   63.87
54   65   9   66.84
54   66   7   18.73
54   66   8   6.09
54   73   7   13.78
54   73   8   16.34
55   55   4   7.03
55   55   5   25.35
55   56   3   5.97
55   56   4   18.53
55   56   5   29.97
55   57   3   7.9
55   57   4   21.25
55   57   5   26.04
55   58   4   18.66
55   58   5   24.49
55   59   4   21.34
55   59   5   28.53
55   59   6   16.91
55   60   3   1.6
55   60   4   25.85
55   60   5   38.24
55   60   6   43.74
55   60   7   37.38
55   61   3   5.47
55   61   4   27.75
55   61   5   42.08
55   61   6   52.34
55   61   7   57.76
55   61   8   45.87
55   62   3   5.76
55   62   4   29.54
55   62   5   44.2
55   62   6   57.34
55   62   7   67.04
55   62   8   70.01
55   62   9   21.95
55   63   3   2.67
55   63   4   28.32
55   63   5   42.96
55   63   6   56.64
55   63   7   68.88
55   63   8   74.15
55   63   9   75.51
55   64   4   24.85
55   64   5   40.67
55   64   6   55.44
55   64   7   66.24
55   64   8   66.07
55   65   4   4.53
55   65   5   31.87
55   65   6   52.4
55   65   7   59.44
55   65   8   58.7
55   65   9   55.89
55   66   5   10.2
55   66   6   37.7
55   66   7   47.36
55   66   8   34.29
56   53   4   3.25
56   54   4   7.32
56   55   4   5.72
56   55   5   19.34
56   56   3   4.57
56   56   4   16.99
56   56   5   29.47
56   57   3   8.64
56   57   4   21.02
56   57   5   24.21
56   58   3   2.18
56   58   4   19.93
56   58   5   19.53
56   58   6   14.93
56   59   4   20.3
56   59   5   22.77
56   59   6   17.15
56   60   4   25.68
56   60   5   34.79
56   60   6   33.4
56   60   7   16.91
56   61   4   27.63
56   61   5   42.89
56   61   6   48.55
56   61   7   46.61
56   62   4   28.35
56   62   5   46.74
56   62   6   59.68
56   62   7   65.65
56   62   8   71.85
56   63   4   26.56
56   63   5   44.99
56   63   6   60.02
56   63   7   67.53
56   63   8   61.17
56   63   9   59.36
56   64   4   22.85
56   64   5   42.4
56   64   6   56.84
56   64   7   56.09
56   64   8   55.01
56   65   4   6.38
56   65   5   41.58
56   65   6   57.24
56   65   7   49.26
56   65   8   34.68
56   65   9   33.53
56   66   5   26.97
56   66   6   46.81
56   66   7   74.9
56   66   8   89.18
57   53   3   11.48
57   54   3   4.69
57   54   4   28.62
57   55   4   28.26
57   56   4   21.64
57   56   5   22.2
57   57   4   20.27
57   57   5   32.23
57   58   4   19.28
57   58   5   23.64
57   58   6   21.55
57   59   4   16.18
57   59   5   13.7
57   59   6   22.7
57   60   4   20.17
57   60   5   23.3
57   60   6   19.02
57   61   3   6.13
57   61   4   30
57   61   5   39.87
57   61   6   40.68
57   61   7   37.24
57   62   3   8.97
57   62   4   35.86
57   62   5   48.99
57   62   6   54.02
57   62   7   57.97
57   62   8   74.4
57   63   3   5.43
57   63   4   35.67
57   63   5   50.93
57   63   6   57.24
57   63   7   58.46
57   63   8   59.72
57   63   9   64.58
57   64   4   32.15
57   64   5   49.33
57   64   6   58.1
57   64   7   76.26
57   65   4   25.72
57   65   5   49.3
57   65   6   53.26
57   65   7   48.23
57   65   8   34.79
57   66   5   29.36
57   66   6   63.25
57   66   7   87.54
57   66   8   85.64
58   54   3   18.83
58   55   3   25.32
58   56   3   18.14
58   56   4   27.75
58   57   3   7.36
58   57   4   30.54
58   57   5   8.48
58   58   4   25.96
58   58   5   34.66
58   59   4   17.97
58   59   5   28.74
58   60   4   16.71
58   60   5   23.6
58   60   6   28.59
58   61   3   9.13
58   61   4   25.78
58   61   5   32.37
58   61   6   30.78
58   61   7   36.48
58   62   3   22.34
58   62   4   33.67
58   62   5   39.05
58   62   6   43.6
58   62   7   53.89
58   62   8   86.85
58   63   3   22.9
58   63   4   37.9
58   63   5   41.64
58   63   6   47.8
58   63   7   65.18
58   63   8   84.43
58   64   3   13.16
58   64   4   36.6
58   64   5   46.45
58   64   6   54.19
58   64   7   50.31
58   65   4   24.2
58   65   5   38.21
58   65   6   36.18
58   65   7   43.42
58   66   5   16.71
58   66   6   75.96
58   66   7   81.46
59   58   3   2.06
59   59   4   19.91
59   59   5   7.69
59   60   4   17.34
59   60   5   18.62
59   61   4   16.18
59   61   5   23.92
59   61   6   35.44
59   62   2   0.66
59   62   3   1.98
59   62   4   12.18
59   62   5   30.78
59   62   6   53.73
59   62   7   69.4
59   63   3   16.18
59   63   4   19.02
59   63   5   32.4
59   63   6   60.44
59   63   7   72.69
59   63   8   20.37
59   64   4   13.95
59   64   5   31.39
59   64   6   57.81
59   65   5   4.11
59   65   6   44.28
59   66   5   53.89
59   66   6   84.89
60   60   3   10.08
60   60   4   9.75
60   61   4   21.84
60   61   5   39.41
60   62   4   22.02
60   62   5   49.46
60   62   6   41.42
60   63   4   15.8
60   63   5   54.02
60   63   6   58.85
60   64   4   11.97
60   64   5   49.61
60   65   5   43.96
60   65   6   38.75
60   66   3   0.21
60   66   4   49.91
60   66   5   70.37
61   61   4   11.56
61   62   4   35.49
61   63   4   34.98
61   63   5   31.13
61   64   4   26.64
61   65   4   40.31
61   65   5   32.07
62   63   3   0.37
71   81   4   5.64
71   81   5   2.43
72   79   4   3.41
72   80   3   4.9
72   80   4   25.85
72   80   5   31.88
72   81   3   13.21
72   81   4   28.77
72   81   5   32.32
72   82   3   6.79
72   82   4   26.73
73   79   3   5.35
73   79   4   24.92
73   79   5   26.66
73   80   3   14.48
73   80   4   29.13
73   80   5   30.3
73   81   3   15.51
73   81   4   27.57
73   81   5   24.35
74   77   3   3.13
74   78   3   4.4
74   78   4   27.34
74   78   5   26.52
74   78   6   13.04
74   79   3   14.6
74   79   4   30.75
74   79   5   36.58
74   79   6   28.95
74   80   3   18.45
74   80   4   33.38
74   80   5   38.39
74   80   6   33.38
74   80   7   19.45
74   81   3   17.64
74   81   4   27.92
74   81   5   28.83
74   81   6   29.85
75   78   3   3.54
75   78   4   24.75
75   78   5   2.18
75   79   3   14.15
75   79   4   29.87
75   79   5   39.42
75   79   6   36.97
75   80   3   18
75   80   4   31.79
75   80   5   38.9
75   80   6   45.5
75   81   3   3.95
75   81   4   24.52
76   78   3   16.43
76   78   4   12.14
76   79   3   5.59
76   79   4   26
76   79   5   15.72
76   80   3   5.18
76   80   4   23.35
77   62   18   46.5
77   62   19   69.36
77   62   20   64.51
77   62   21   23.3
77   63   17   26.04
77   63   18   22.7
77   64   18   7.16
77   79   3   7.78
77   80   3   6.17
77   81   3   7.61
78   61   16   27.43
78   61   17   47.38
78   61   18   53.85
78   61   19   22.46
78   62   16   37.57
78   62   17   67.06
78   62   18   78.49
78   62   19   69.83
78   62   20   35.9
78   62   21   32.34
78   62   22   47.71
78   63   16   18.86
78   63   17   45.94
78   63   18   66.4
78   63   19   78.69
78   63   20   82.96
78   63   21   70.43
78   64   17   27.34
78   64   18   51.36
78   64   19   66.64
78   64   20   84.43
78   64   21   121.48
78   65   18   4.07
79   52   22   21.28
79   53   21   40.96
79   53   22   61.76
79   53   23   62.52
79   53   24   12.01
79   54   20   49.26
79   54   21   71.25
79   54   22   73.84
79   54   23   59.3
79   54   24   20.9
79   55   20   25.85
79   55   21   51.12
79   55   22   52.64
79   55   23   37.76
79   56   20   58.95
79   56   21   81.76
79   56   22   82.98
79   56   23   87.31
79   56   24   97.16
79   57   19   38.92
79   57   20   72.23
79   57   21   88.32
79   57   22   91.25
79   57   23   78.02
79   57   24   63.85
79   57   25   8.31
79   58   19   41.12
79   58   20   77.64
79   58   21   69.54
79   58   22   26.43
79   59   19   74.49
79   59   20   86.47
79   59   21   79.33
79   60   17   31.96
79   60   18   60.24
79   60   19   69.25
79   60   20   64.86
79   61   16   37.42
79   61   17   63.52
79   61   18   74.51
79   61   19   55.15
80   51   20   8.56
80   51   21   3.83
80   52   18   39.95
80   52   19   84.08
80   52   20   112.03
80   52   21   120.09
80   52   22   109.85
80   52   23   83.83
80   53   19   61.08
80   53   20   110.24
80   53   21   130.61
80   53   22   141.81
80   53   23   146.21
80   53   24   133.3
80   53   25   46.1
80   54   19   87.5
80   54   20   106.34
80   54   21   121.21
80   54   22   131.89
80   54   23   137.48
80   54   24   136.81
80   54   25   140.7
80   55   19   46.61
80   55   20   71.97
80   55   21   93.88
80   55   22   106.84
80   55   23   110.14
80   55   24   101.43
80   55   25   71.77
80   56   18   13.66
80   56   19   43.07
80   56   20   62.62
80   56   21   87.76
80   56   22   103.55
80   56   23   111.35
80   56   24   116.16
80   56   25   121.98
80   57   17   13.86
80   57   18   45.83
80   57   19   52.25
80   57   20   60.08
80   57   21   81.07
80   57   22   88.68
80   57   23   85.33
80   57   24   93.42
80   57   25   109.14
80   57   26   111.93
80   58   17   29.27
80   58   18   74.29
80   58   19   80.28
80   58   20   76.5
80   58   21   77.34
80   58   22   50.84
80   59   17   54.87
80   59   18   87.54
80   59   19   91.76
80   59   20   76.47
80   59   21   53.71
80   60   16   40.21
80   60   17   65.49
80   60   18   81.08
80   60   19   90.67
80   60   20   89.02
80   60   21   62.84
81   52   17   38.78
81   52   18   76.35
81   52   19   98.89
81   52   20   103.7
81   52   21   95.57
81   52   22   73.29
81   52   23   35.88
81   53   15   2.92
81   53   16   17.34
81   53   17   42.45
81   53   18   80.88
81   53   19   113.26
81   53   20   126.21
81   53   21   132.57
81   53   22   128.93
81   53   23   118.88
81   53   24   96.04
81   53   25   49.65
81   54   17   39.25
81   54   18   82.38
81   54   19   90.98
81   54   20   95.57
81   54   21   111.29
81   54   22   123.61
81   54   23   122.84
81   54   24   113.17
81   54   25   108.45
81   55   17   42.35
81   55   18   53.71
81   55   19   48.53
81   55   20   57.91
81   55   21   95.03
81   55   22   115.1
81   55   23   116.13
81   55   24   100.96
81   55   25   68
81   56   20   21.28
81   56   21   67.36
81   56   22   93.32
81   56   23   99.83
81   56   24   75.42
81   56   25   21.09
81   57   16   14.6
81   57   22   44.9
81   57   23   67.81
81   57   24   85.25
81   57   25   83.81
81   58   16   36.06
81   58   17   67.12
81   58   18   52.71
81   59   16   38.79
81   59   17   64.14
81   59   18   70.94
81   59   19   17.18
81   60   16   25.71
81   60   17   58.68
81   60   18   78.67
81   60   19   77.62
81   60   20   56.63
82   51   19   18.59
82   51   20   25.94
82   51   21   22.82
82   52   16   3.04
82   52   17   77.93
82   52   18   106.86
82   52   19   114.99
82   52   20   113.17
82   52   21   103.49
82   52   22   83.78
82   52   23   62.74
82   52   24   58.41
82   52   25   14.19
82   53   14   26.35
82   53   15   33.61
82   53   16   63.49
82   53   17   100.75
82   53   18   112.65
82   53   19   109.25
82   53   20   116.78
82   53   21   122.83
82   53   22   104.89
82   53   23   75.15
82   53   24   52.13
82   53   25   47.41
82   53   26   50.38
82   54   14   0.17
82   54   15   38.05
82   54   16   58.5
82   54   17   81.87
82   54   18   81.67
82   54   19   68.21
82   54   20   80.7
82   54   21   109.72
82   54   22   112.34
82   54   23   85.11
82   54   24   36.93
82   55   16   38.04
82   55   17   61.17
82   55   18   47.07
82   55   19   43.91
82   55   20   60.75
82   55   21   84.46
82   55   22   88.21
82   55   23   66.39
82   56   16   0.86
82   57   16   30.18
82   58   15   17.49
82   58   16   53.49
82   58   17   58.74
82   58   18   30.81
82   59   16   22.89
82   59   17   53.08
82   59   18   68.43
82   59   19   54.69
82   59   20   18.79
82   60   16   2.76
82   60   17   44.97
82   60   18   73.67
82   60   19   84.34
82   60   20   78.99
82   60   21   94
82   60   22   121.43
82   60   23   117.19
82   61   17   51.05
82   61   18   82.81
82   61   19   101.05
82   61   20   114.66
82   61   21   124.4
82   61   22   115.56
82   61   23   101.03
82   61   24   78.99
82   61   25   63.43
82   61   26   48.55
82   61   27   34.68
82   62   17   22.8
82   62   18   78.18
82   62   19   90.26
82   62   20   91.86
82   62   21   83.69
82   62   22   62.32
82   62   23   30.96
82   74   19   35.73
83   50   17   16.83
83   50   18   48.68
83   50   19   62.32
83   50   20   61.78
83   50   21   48.79
83   51   16   25.25
83   51   17   74.96
83   51   18   109.59
83   51   19   129.49
83   51   20   143.52
83   51   21   159.59
83   51   22   172.48
83   51   23   170.49
83   51   24   145.64
83   51   25   39.31
83   52   13   4.28
83   52   14   10.49
83   52   15   37.13
83   52   16   80.07
83   52   17   114.59
83   52   18   131.05
83   52   19   140.25
83   52   20   148.24
83   52   21   156.01
83   52   22   164.56
83   52   23   176
83   52   24   184.63
83   52   25   183.14
83   52   26   148.38
83   52   27   27.76
83   53   13   19.22
83   53   14   42.81
83   53   15   64.87
83   53   16   103.46
83   53   17   119.32
83   53   18   125.27
83   53   19   126.51
83   53   20   130.15
83   53   21   136.14
83   53   22   143.81
83   53   23   151.55
83   53   24   158.99
83   53   25   164.69
83   53   26   162.03
83   53   27   143.89
83   53   28   86.81
83   54   14   42.99
83   54   15   72.76
83   54   16   89.52
83   54   17   101.22
83   54   18   97.57
83   54   19   84.25
83   54   20   83.38
83   54   21   98.62
83   54   22   120.79
83   54   23   130.67
83   54   24   136.68
83   54   25   140.35
83   54   26   135.73
83   54   27   119.69
83   54   28   80.63
83   55   15   35.23
83   55   16   70.49
83   55   17   81.05
83   55   18   61.57
83   55   19   25.86
83   55   20   26.38
83   55   21   56.63
83   55   22   82.77
83   55   23   93.99
83   55   24   95.85
83   55   25   78.53
83   55   26   30.39
83   56   15   19.63
83   56   16   59.5
83   56   17   50.34
83   56   18   2.88
83   57   15   38.7
83   57   16   47.59
83   57   17   45.32
83   57   18   31.82
83   58   7   14.07
83   58   8   19.53
83   58   15   21.84
83   58   16   38.19
83   58   17   54.43
83   58   18   62.02
83   58   19   66.09
83   58   20   62
83   59   4   12.88
83   59   17   33.15
83   59   18   63.99
83   59   19   76.31
83   59   20   72.4
83   59   21   45.3
83   60   4   21.53
83   60   17   36.1
83   60   18   67.66
83   60   19   86.32
83   60   20   93.03
83   60   21   90.14
83   60   22   92.95
83   60   23   107.69
83   60   24   97.51
83   61   17   47.66
83   61   18   89.61
83   61   19   105.47
83   61   20   112.76
83   61   21   118.61
83   61   22   127.39
83   61   23   136.73
83   61   24   140.07
83   61   25   132.78
83   61   26   130.1
83   61   27   128.14
83   61   28   123.5
83   62   18   63.81
83   62   19   94.2
83   62   20   104.24
83   62   21   104.92
83   62   22   113.27
83   62   23   130.13
83   62   24   146.54
83   62   25   139.08
83   62   26   114.8
83   73   17   20.47
83   73   18   38.66
83   73   19   40.52
83   74   16   24.17
83   74   17   42.14
83   74   18   61.08
83   74   19   78.92
83   74   20   99.3
83   75   17   31.84
83   75   18   50.76
83   75   19   71.67
83   75   20   98.09
83   76   19   28.26
83   76   20   32.51
84   49   16   28.8
84   49   17   56.13
84   49   18   71.04
84   49   19   65.3
84   49   20   32.29
84   50   14   40.67
84   50   15   58.1
84   50   16   81.81
84   50   17   109.61
84   50   18   132.03
84   50   19   143.47
84   50   20   147.08
84   50   21   135.76
84   50   22   101.34
84   50   23   32.88
84   51   13   37.35
84   51   14   58.91
84   51   15   71.83
84   51   16   88.93
84   51   17   110.87
84   51   18   132.79
84   51   19   145.18
84   51   20   151.48
84   51   21   154.82
84   51   22   160.65
84   51   23   168.66
84   51   24   166.54
84   51   25   142.26
84   51   26   29.41
84   52   13   26.46
84   52   14   48.05
84   52   15   64.16
84   52   16   81.22
84   52   17   114.51
84   52   18   135.72
84   52   19   145.64
84   52   20   150.28
84   52   21   151.29
84   52   22   151.11
84   52   23   152.83
84   52   24   158.4
84   52   25   166.09
84   52   26   171.02
84   52   27   149.83
84   52   28   45.34
84   53   13   10.37
84   53   14   48.44
84   53   15   67.22
84   53   16   90.51
84   53   17   117.42
84   53   18   132.55
84   53   19   140.38
84   53   20   144.53
84   53   21   146.46
84   53   22   145.29
84   53   23   142.79
84   53   24   144.61
84   53   25   151.05
84   53   26   158.94
84   53   27   161.37
84   53   28   150.17
84   53   29   93.64
84   54   14   42.59
84   54   15   84.13
84   54   16   104.92
84   54   17   115.31
84   54   18   121.46
84   54   19   124.78
84   54   20   129.95
84   54   21   135.95
84   54   22   138.41
84   54   23   135.2
84   54   24   135.56
84   54   25   140.8
84   54   26   147.95
84   54   27   155.83
84   54   28   156.74
84   54   29   144.51
84   55   5   24.24
84   55   6   40.21
84   55   7   47.2
84   55   8   42.33
84   55   9   39.55
84   55   15   58.43
84   55   16   86.76
84   55   17   99.42
84   55   18   100.78
84   55   19   101.39
84   55   20   112.25
84   55   21   120.73
84   55   22   118.23
84   55   23   108.48
84   55   24   106.22
84   55   25   112.74
84   55   26   116.56
84   55   27   105.27
84   55   28   38.79
84   56   5   12.01
84   56   6   27.76
84   56   7   38.45
84   56   8   47.45
84   56   9   52.6
84   56   10   46.94
84   56   15   11.64
84   56   16   78.78
84   56   17   86
84   56   18   85.28
84   56   19   92.87
84   56   20   102.32
84   56   21   90.14
84   56   22   60.02
84   56   23   39.15
84   56   24   21.19
84   57   5   18.04
84   57   6   25.94
84   57   7   31.76
84   57   8   33.91
84   57   9   34.12
84   57   10   26.7
84   57   15   52.85
84   57   16   80.68
84   57   17   78.23
84   57   18   82.27
84   57   19   94.5
84   57   20   94.14
84   57   21   57.03
84   58   4   0.62
84   58   5   3.66
84   58   6   17.03
84   58   7   31.73
84   58   8   42.82
84   58   9   45.5
84   58   10   29.27
84   58   15   46.14
84   58   16   54.17
84   58   17   53.76
84   58   18   67.44
84   58   19   89.27
84   58   20   105.21
84   58   21   90.44
84   59   17   4.61
84   59   18   41.96
84   59   19   72.42
84   59   20   91.94
84   59   21   97.66
84   59   22   72.46
84   59   23   28.95
84   60   17   5.64
84   60   18   51.89
84   60   19   76.49
84   60   20   95.32
84   60   21   106.87
84   60   22   109.85
84   60   23   110.5
84   60   24   111.27
84   60   25   90.82
84   61   17   35.13
84   61   18   82.21
84   61   19   104.26
84   61   20   113.51
84   61   21   121.39
84   61   22   130.19
84   61   23   137.65
84   61   24   142.45
84   61   25   140.61
84   61   26   124.03
84   61   27   100.23
84   61   28   94.35
84   62   17   18.11
84   62   18   82.85
84   62   19   91.7
84   62   20   81.37
84   62   21   65.61
84   62   22   74.53
84   62   23   100.81
84   62   24   122.29
84   62   25   129.05
84   62   26   112.93
84   62   27   97.77
84   72   17   6.5
84   72   18   29.01
84   72   19   43.57
84   73   15   7.12
84   73   16   20.5
84   73   17   30.96
84   73   18   43.19
84   73   19   46.5
84   73   20   6.62
84   74   17   14.44
84   74   18   39.05
84   74   19   52.51
84   74   20   46.59
84   74   21   45.23
84   75   20   5.76
84   75   21   52.41
84   75   22   76.83
84   76   21   48.91
85   49   15   26.22
85   49   16   65.81
85   49   17   99.38
85   49   18   123.24
85   49   19   132.16
85   49   20   126.65
85   49   21   103.86
85   50   13   7.08
85   50   14   46.27
85   50   15   73.78
85   50   16   98.64
85   50   17   117.8
85   50   18   131.78
85   50   19   143.21
85   50   20   153.18
85   50   21   160.12
85   50   22   153.16
85   50   23   108.42
85   50   24   37.35
85   51   13   30.55
85   51   14   74.13
85   51   15   98.29
85   51   16   115.98
85   51   17   129.5
85   51   18   138.87
85   51   19   144.99
85   51   20   149.69
85   51   21   154.13
85   51   22   157.89
85   51   23   162.1
85   51   24   162.03
85   51   25   142.5
85   51   26   76.24
85   52   13   34.85
85   52   14   71.68
85   52   15   93.23
85   52   16   110.44
85   52   17   126.04
85   52   18   137.89
85   52   19   147.39
85   52   20   154.52
85   52   21   157.03
85   52   22   155.41
85   52   23   155.84
85   52   24   160.19
85   52   25   164.23
85   52   26   162.82
85   52   27   144.21
85   52   28   80.65
85   53   13   17.89
85   53   14   52.74
85   53   15   75.93
85   53   16   98.3
85   53   17   118.23
85   53   18   132.59
85   53   19   141.56
85   53   20   145.19
85   53   21   144.97
85   53   22   140.32
85   53   23   135.49
85   53   24   141.76
85   53   25   151.74
85   53   26   158.93
85   53   27   156.25
85   53   28   138.13
85   53   29   81.52
85   54   14   31.51
85   54   15   62.58
85   54   16   88.12
85   54   17   105.64
85   54   18   118.61
85   54   19   126.26
85   54   20   130.37
85   54   21   131.3
85   54   22   124.49
85   54   23   115.34
85   54   24   121.57
85   54   25   133.63
85   54   26   145.5
85   54   27   150.37
85   54   28   138.53
85   54   29   117.39
85   55   5   2.59
85   55   6   1.65
85   55   9   19.63
85   55   10   25.06
85   55   15   41.28
85   55   16   68.41
85   55   17   88.53
85   55   18   101.78
85   55   19   110.51
85   55   20   118.31
85   55   21   122.2
85   55   22   115.97
85   55   23   105.21
85   55   24   98.49
85   55   25   103.64
85   55   26   118.6
85   55   27   141.84
85   55   28   142.39
85   56   4   1.89
85   56   5   27.14
85   56   6   41.79
85   56   7   55.82
85   56   8   68.31
85   56   9   77.32
85   56   10   81
85   56   11   71.53
85   56   12   35.57
85   56   16   51.79
85   56   17   77.96
85   56   18   92.57
85   56   19   103.27
85   56   20   112.21
85   56   21   115.76
85   56   22   104.26
85   56   23   74.85
85   56   24   35.9
85   57   4   5.92
85   57   5   27.46
85   57   6   40.16
85   57   7   49.95
85   57   8   57.97
85   57   9   64.58
85   57   10   69.65
85   57   11   70.57
85   57   12   63.74
85   57   13   38.06
85   57   15   16.14
85   57   16   66.29
85   57   17   87.54
85   57   18   96.6
85   57   19   103.64
85   57   20   108.46
85   57   21   99.3
85   57   22   58.81
85   58   4   2.55
85   58   5   17.26
85   58   6   25.03
85   58   7   35.11
85   58   8   44.94
85   58   9   52.99
85   58   10   57.66
85   58   11   58.39
85   58   12   41.84
85   58   15   8.31
85   58   16   61.04
85   58   17   69.25
85   58   18   81.42
85   58   19   97.52
85   58   20   104.36
85   58   21   86.85
85   58   22   27.57
85   59   17   20.24
85   59   18   47.05
85   59   19   75.49
85   59   20   98.36
85   59   21   109.92
85   59   22   113.03
85   59   23   102.09
85   59   24   61.47
85   60   18   40.24
85   60   19   68.35
85   60   20   92.34
85   60   21   110.61
85   60   22   123.03
85   60   23   129.06
85   60   24   123.96
85   60   25   115.11
85   61   17   16.59
85   61   18   60.14
85   61   19   92.78
85   61   20   108.6
85   61   21   117.87
85   61   22   127.26
85   61   23   137.48
85   61   24   144.37
85   61   25   144.5
85   61   26   130.98
85   61   27   113.1
85   62   17   16.59
85   62   18   74.29
85   62   19   97.02
85   62   20   89.43
85   62   21   66.65
85   62   22   57.67
85   62   23   70.56
85   62   24   93.22
85   62   25   94.29
85   62   26   71.72
85   63   18   35.78
85   63   19   41.64
85   63   20   3.62
86   48   18   24.45
86   48   19   21.64
86   49   16   30.09
86   49   17   75.31
86   49   18   110.67
86   49   19   124.95
86   49   20   114.14
86   49   21   33.92
86   50   13   24.06
86   50   14   47.17
86   50   15   68.76
86   50   16   88.63
86   50   17   107.77
86   50   18   121.4
86   50   19   136.95
86   50   20   152.03
86   50   21   161.87
86   50   22   144.9
86   50   23   93.63
86   50   24   21.4
86   51   12   12.18
86   51   13   64.99
86   51   14   92.54
86   51   15   110.82
86   51   16   123.07
86   51   17   131.86
86   51   18   138.2
86   51   19   141.4
86   51   20   142.45
86   51   21   146.08
86   51   22   154.62
86   51   23   164.65
86   51   24   165.2
86   51   25   142.8
86   51   26   43.96
86   52   13   46.27
86   52   14   85.5
86   52   15   109.05
86   52   16   122.79
86   52   17   131.54
86   52   18   136.59
86   52   19   142.14
86   52   20   148.37
86   52   21   151.1
86   52   22   145.51
86   52   23   139.7
86   52   24   145.03
86   52   25   153.49
86   52   26   152.4
86   52   27   131.44
86   53   13   26.42
86   53   14   60.98
86   53   15   87.98
86   53   16   106.81
86   53   17   119.64
86   53   18   126.76
86   53   19   130.46
86   53   20   132.16
86   53   21   128.94
86   53   22   113.52
86   53   23   95.4
86   53   24   107.41
86   53   25   135.6
86   53   26   147.29
86   53   27   145.43
86   53   28   136.76
86   54   13   9.75
86   54   14   40
86   54   15   63.13
86   54   16   83.86
86   54   17   99.84
86   54   18   111.06
86   54   19   118.88
86   54   20   124.51
86   54   21   119.52
86   54   22   86.45
86   54   23   40.32
86   54   24   67.65
86   54   25   116.72
86   54   26   138.09
86   54   27   142.39
86   54   28   125.22
86   54   29   20.24
86   55   5   3.95
86   55   6   11.77
86   55   14   16.67
86   55   15   40.85
86   55   16   60.3
86   55   17   77.15
86   55   18   92.19
86   55   19   105.4
86   55   20   114.72
86   55   21   107.07
86   55   22   60.97
86   55   24   22.77
86   55   25   63.99
86   55   26   108.89
86   55   27   127.74
86   55   28   115.13
86   56   4   6.38
86   56   5   25.92
86   56   6   35.24
86   56   7   39.26
86   56   8   46.67
86   56   9   59.13
86   56   10   73.85
86   56   11   76.73
86   56   12   57.25
86   56   13   9.5
86   56   15   2.51
86   56   16   35.86
86   56   17   59.16
86   56   18   78.34
86   56   19   96.56
86   56   20   107.98
86   56   21   103.15
86   56   22   60.02
86   57   4   14.03
86   57   5   29.3
86   57   6   37.62
86   57   7   47.45
86   57   8   57.65
86   57   9   67.78
86   57   10   78.28
86   57   11   86.68
86   57   12   89.57
86   57   13   81.5
86   57   14   59.96
86   57   15   45.18
86   57   16   52.27
86   57   17   70.94
86   57   18   83.2
86   57   19   95.71
86   57   20   102.96
86   57   21   83.37
86   57   22   39.3
86   58   4   5.27
86   58   5   23.75
86   58   6   29.72
86   58   7   34.37
86   58   8   36.93
86   58   9   45.64
86   58   10   58.74
86   58   11   70.03
86   58   12   76.31
86   58   13   72.23
86   58   14   58.54
86   58   15   52.37
86   58   16   57.97
86   58   17   65.5
86   58   18   77.12
86   58   19   93.91
86   58   20   103.51
86   58   21   93.32
86   58   22   57.65
86   58   23   32.72
86   58   24   38.53
86   59   12   14.65
86   59   13   28.23
86   59   14   36.92
86   59   15   45.5
86   59   16   51.86
86   59   17   57.97
86   59   18   69.14
86   59   19   83.49
86   59   20   100.71
86   59   21   115.57
86   59   22   127.15
86   59   23   134.12
86   59   24   122.62
86   59   25   71.49
86   60   17   32.94
86   60   18   58.39
86   60   19   81.12
86   60   20   98.7
86   60   21   114.11
86   60   22   129.36
86   60   23   137.47
86   60   24   131.51
86   60   25   96.4
86   61   17   40.42
86   61   18   73.69
86   61   19   101.19
86   61   20   117.94
86   61   21   129.12
86   61   22   139.58
86   61   23   147.71
86   61   24   150.37
86   61   25   142.47
86   61   26   100.39
86   61   27   83.85
86   62   17   34.14
86   62   18   74.09
86   62   19   104.55
86   62   20   120.27
86   62   21   119.14
86   62   22   109.15
86   62   23   104.44
86   62   24   97.89
86   62   25   69.52
86   62   26   15.14
86   63   17   18.25
86   63   18   54.51
86   63   19   89.42
86   63   20   127.97
86   63   21   97.94
86   64   19   21.25
86   64   20   16.01
86   65   4   21.93
87   49   18   22.29
87   49   19   57.87
87   49   20   54.39
87   50   11   16.95
87   50   12   31.19
87   50   13   39.09
87   50   14   42.24
87   50   15   44.99
87   50   16   53.28
87   50   17   70.18
87   50   18   91.4
87   50   19   116.67
87   50   20   141.77
87   50   21   151.56
87   50   22   131.24
87   50   23   84.77
87   50   24   32.18
87   51   11   21.53
87   51   12   64.26
87   51   13   88.67
87   51   14   104.63
87   51   15   114.53
87   51   16   119.76
87   51   17   125.34
87   51   18   133.32
87   51   19   140.79
87   51   20   144.91
87   51   21   148.48
87   51   22   155.37
87   51   23   162.79
87   51   24   159.92
87   51   25   141.09
87   52   12   40.11
87   52   13   72.51
87   52   14   93.05
87   52   15   106.66
87   52   16   117.23
87   52   17   125.75
87   52   18   133.31
87   52   19   140.89
87   52   20   146.2
87   52   21   143.68
87   52   22   128.41
87   52   23   119.76
87   52   24   129.04
87   52   25   139.94
87   52   26   133.03
87   52   27   60.69
87   53   12   17.93
87   53   13   45.46
87   53   14   70.82
87   53   15   88.93
87   53   16   102.72
87   53   17   112.99
87   53   18   120.86
87   53   19   127.62
87   53   20   130.75
87   53   21   121.99
87   53   22   90.67
87   53   23   65.3
87   53   24   79.39
87   53   25   115.95
87   53   26   128.99
87   53   27   121.35
87   54   6   24.57
87   54   7   34.68
87   54   8   33.07
87   54   9   17.41
87   54   12   18.35
87   54   13   37.38
87   54   14   55.39
87   54   15   72.14
87   54   16   86.93
87   54   17   99.61
87   54   18   110.03
87   54   19   120.52
87   54   20   125.22
87   54   21   109.82
87   54   22   51.6
87   54   24   17.22
87   54   25   95.51
87   54   26   121.76
87   54   27   123.67
87   54   28   105.89
87   55   5   25.41
87   55   6   37.88
87   55   7   38.8
87   55   8   28.29
87   55   9   8.72
87   55   10   0.66
87   55   11   3
87   55   12   11.15
87   55   13   24.38
87   55   14   39.2
87   55   15   54.37
87   55   16   67.17
87   55   17   81.34
87   55   18   95.55
87   55   19   111.59
87   55   20   118.85
87   55   21   97.85
87   55   22   33.95
87   55   26   66.06
87   55   27   61.41
87   56   4   19.06
87   56   5   33.92
87   56   6   40.31
87   56   7   37.78
87   56   8   26.15
87   56   9   23.56
87   56   10   35.78
87   56   11   48.59
87   56   12   47.89
87   56   13   32.32
87   56   14   26.93
87   56   15   31.73
87   56   16   41.69
87   56   17   56.28
87   56   18   72.48
87   56   19   96.32
87   56   20   111.02
87   56   21   104.61
87   56   22   61.63
87   57   4   21.12
87   57   5   33.78
87   57   6   38.73
87   57   7   38.5
87   57   8   43.49
87   57   9   53.23
87   57   10   65.52
87   57   11   78.46
87   57   12   87.02
87   57   13   82.26
87   57   14   64.91
87   57   15   52.92
87   57   16   50.89
87   57   17   59.07
87   57   18   68.41
87   57   19   90.29
87   57   20   108.74
87   57   21   107.22
87   57   22   90.72
87   57   23   102.74
87   57   24   119.01
87   57   25   49.78
87   58   4   21.02
87   58   5   32.91
87   58   6   39.47
87   58   7   43.6
87   58   8   48.66
87   58   9   56.99
87   58   10   67.04
87   58   11   77.73
87   58   12   87.24
87   58   13   93.65
87   58   14   95.21
87   58   15   93.71
87   58   16   88.72
87   58   17   86.25
87   58   18   87.59
87   58   19   97.43
87   58   20   111.67
87   58   21   116.39
87   58   22   113.5
87   58   23   131.99
87   58   24   143.92
87   58   25   136.11
87   59   3   3.04
87   59   4   22.55
87   59   5   24.42
87   59   11   30.07
87   59   12   55.65
87   59   13   70.57
87   59   14   80.5
87   59   15   86.57
87   59   16   89.25
87   59   17   92.65
87   59   18   98.53
87   59   19   105.75
87   59   20   117.54
87   59   21   133.11
87   59   22   146.3
87   59   23   153.81
87   59   24   150.08
87   59   25   137.26
87   59   26   114.22
87   60   4   5.8
87   60   15   26
87   60   16   45.89
87   60   17   63.62
87   60   18   80.72
87   60   19   96.4
87   60   20   110.7
87   60   21   124.99
87   60   22   140.44
87   60   23   147.81
87   60   24   141.4
87   60   25   109.05
87   60   26   28.29
87   61   13   21.47
87   61   14   41.5
87   61   15   56.88
87   61   16   69.56
87   61   17   84.6
87   61   18   100.94
87   61   19   115.15
87   61   20   126.34
87   61   21   135.17
87   61   22   143.81
87   61   23   151.06
87   61   24   151
87   61   25   142.5
87   62   10   4.32
87   62   11   26.86
87   62   12   37.78
87   62   13   44.97
87   62   14   47.68
87   62   15   50
87   62   16   58.48
87   62   17   74.06
87   62   18   91.25
87   62   19   108.11
87   62   20   118.51
87   62   21   109.36
87   62   22   94.87
87   62   23   115.26
87   62   24   112.49
87   63   11   6.75
87   63   12   25.14
87   63   13   30.6
87   63   14   29.19
87   63   15   29.22
87   63   16   38.39
87   63   17   49.94
87   63   18   68.41
87   63   19   91.37
87   63   20   101.89
87   63   21   81.78
87   63   22   10.53
87   64   12   20.34
87   64   13   30.84
87   64   14   33.91
87   64   15   25.44
87   64   16   12.92
87   64   17   28.32
87   64   18   63.02
87   64   19   87.77
87   64   20   83.14
87   64   21   39.52
87   65   4   23.06
87   65   5   21.77
87   68   19   3.04
87   68   20   27.73
87   68   21   35.65
87   69   16   14.4
87   69   17   49.61
87   69   18   67.03
87   69   19   75.84
87   69   20   67.1
87   69   21   30.6
87   70   17   10.12
87   70   18   49.48
87   70   19   56.64
87   70   20   36.78
88   50   10   26.49
88   50   11   57.95
88   50   12   67.54
88   50   13   71.17
88   50   14   65.17
88   50   15   44.66
88   50   16   24.97
88   50   17   27.14
88   50   18   40.34
88   50   19   58.31
88   50   20   72.34
88   50   21   71.04
88   50   22   14.4
88   51   11   51.56
88   51   12   74.92
88   51   13   88.44
88   51   14   98.56
88   51   15   106.1
88   51   16   108.71
88   51   17   111.25
88   51   18   119.93
88   51   19   130.77
88   51   20   135.92
88   51   21   138.38
88   51   22   142.04
88   51   23   142.62
88   51   24   130.98
88   52   11   23.49
88   52   12   51.17
88   52   13   69.72
88   52   14   84.89
88   52   15   98.42
88   52   16   110.74
88   52   17   122.18
88   52   18   131.88
88   52   19   137.76
88   52   20   137.3
88   52   21   125.57
88   52   22   105.8
88   52   23   102.61
88   52   24   114.2
88   52   25   125.57
88   52   26   89.95
88   53   6   16.79
88   53   7   24.31
88   53   8   24.42
88   53   9   16.91
88   53   10   14.4
88   53   11   24.42
88   53   12   39.44
88   53   13   55.9
88   53   14   72.15
88   53   15   86.21
88   53   16   99.1
88   53   17   111.63
88   53   18   123.9
88   53   19   131.5
88   53   20   127.77
88   53   21   99.47
88   53   22   45.55
88   53   23   18.79
88   53   24   42.73
88   53   25   91.73
88   53   26   104.41
88   53   27   8.15
88   54   5   27.54
88   54   6   41.94
88   54   7   51.52
88   54   8   54.19
88   54   9   48.03
88   54   10   40.99
88   54   11   40.05
88   54   12   46.03
88   54   13   56.1
88   54   14   67.72
88   54   15   80.75
88   54   16   93.62
88   54   17   106.07
88   54   18   117.85
88   54   19   127.11
88   54   20   124.83
88   54   21   92.87
88   54   22   27.5
88   54   25   24.21
88   54   26   84.72
88   54   27   113.26
88   55   4   14.03
88   55   5   36.78
88   55   6   50.29
88   55   7   57.21
88   55   8   56.24
88   55   9   47.43
88   55   10   36.1
88   55   11   30.34
88   55   12   33.79
88   55   13   43.72
88   55   14   56.95
88   55   15   70.29
88   55   16   82.85
88   55   17   96.94
88   55   18   111.08
88   55   19   126.19
88   55   20   132.66
88   55   21   122.45
88   55   22   99.57
88   55   23   79.78
88   55   24   41.2
88   56   4   25.38
88   56   5   40.8
88   56   6   50.78
88   56   7   54
88   56   8   49.91
88   56   9   41.23
88   56   10   36.58
88   56   11   37.62
88   56   12   41.39
88   56   13   46.81
88   56   14   55.86
88   56   15   63.11
88   56   16   71.81
88   56   17   83.38
88   56   18   97.14
88   56   19   117.21
88   56   20   133.63
88   56   21   139.13
88   56   22   139.84
88   56   23   148.75
88   56   24   154.7
88   56   25   123.73
88   57   3   4.36
88   57   4   27.63
88   57   5   40.42
88   57   6   48.46
88   57   7   50.78
88   57   8   46.52
88   57   9   41.15
88   57   10   43.61
88   57   11   51.77
88   57   12   57.06
88   57   13   52.39
88   57   14   47.98
88   57   15   48.23
88   57   16   52.36
88   57   17   61.43
88   57   18   73.36
88   57   19   98.7
88   57   20   122.62
88   57   21   134.74
88   57   22   144.13
88   57   23   156.29
88   57   24   162.55
88   57   25   155.46
88   57   26   96.49
88   58   3   10.49
88   58   4   30.75
88   58   5   42.87
88   58   6   51.69
88   58   7   58.35
88   58   8   64.35
88   58   9   68.12
88   58   10   65.67
88   58   11   62.22
88   58   12   67.65
88   58   13   78.11
88   58   14   88.17
88   58   15   95.09
88   58   16   96.23
88   58   17   96.2
88   58   18   97.9
88   58   19   107.61
88   58   20   123.9
88   58   21   137.7
88   58   22   149.7
88   58   23   160.93
88   58   24   163.99
88   58   25   154.69
88   58   26   131.76
88   58   27   13.95
88   59   3   4.65
88   59   4   28.66
88   59   5   39.98
88   59   6   42.87
88   59   7   33.07
88   59   8   27.17
88   59   9   39.87
88   59   10   55.76
88   59   11   69.52
88   59   12   80.21
88   59   13   88.34
88   59   14   94.63
88   59   15   100.04
88   59   16   105.85
88   59   17   113.25
88   59   18   121.33
88   59   19   129.99
88   59   20   140.68
88   59   21   152.54
88   59   22   162.34
88   59   23   168.45
88   59   24   168.85
88   59   25   162.38
88   59   26   147.95
88   59   27   124.12
88   60   4   15.3
88   60   5   18.08
88   60   12   28.04
88   60   13   40.37
88   60   14   48.14
88   60   15   58.37
88   60   16   70.53
88   60   17   84.55
88   60   18   98.32
88   60   19   112.22
88   60   20   126.02
88   60   21   139.4
88   60   22   151.38
88   60   23   159.75
88   60   24   161.62
88   60   25   155.05
88   60   26   136.14
88   60   27   83.55
88   61   12   25.96
88   61   13   48.28
88   61   14   66.15
88   61   15   79.45
88   61   16   90.46
88   61   17   100.78
88   61   18   110.52
88   61   19   120.37
88   61   20   129.95
88   61   21   137.89
88   61   22   145.5
88   61   23   154.51
88   61   24   157.43
88   61   25   150.03
88   61   26   121.15
88   62   10   13.29
88   62   11   36.41
88   62   12   48.57
88   62   13   59.15
88   62   14   68.49
88   62   15   76.74
88   62   16   84.49
88   62   17   93.48
88   62   18   104.54
88   62   19   115.11
88   62   20   120.54
88   62   21   109.11
88   62   22   88.68
88   62   23   97.6
88   62   24   103.07
88   62   25   59.26
88   63   4   5.27
88   63   10   19.38
88   63   11   25
88   63   12   25.65
88   63   13   35.8
88   63   14   44.57
88   63   15   50.36
88   63   16   55.91
88   63   17   65.85
88   63   18   81.74
88   63   19   98.92
88   63   20   107.29
88   63   21   81.96
88   64   4   9.46
88   64   9   11.07
88   64   10   11.27
88   64   12   0.74
88   64   13   23.72
88   64   14   33.07
88   64   15   35.92
88   64   16   42.4
88   64   17   58.14
88   64   18   82.1
88   64   19   103.16
88   64   20   103.64
88   64   21   77.46
88   65   4   9.13
88   65   16   16.51
88   65   17   32.15
88   65   18   43.98
88   65   19   50.95
88   65   20   43.91
88   68   15   21
88   68   16   46.63
88   68   17   41.9
88   69   16   19.63
88   69   17   37.71
88   69   18   16.71
89   49   10   40.93
89   49   11   55.32
89   49   12   61.29
89   49   13   62.42
89   49   14   53.58
89   50   10   64.43
89   50   11   86.64
89   50   12   98.08
89   50   13   104.8
89   50   14   102.28
89   50   15   82.68
89   50   16   35
89   51   10   20.38
89   51   11   56.26
89   51   12   75.47
89   51   13   86.07
89   51   14   94.93
89   51   15   102.03
89   51   16   102.58
89   51   17   93.73
89   51   18   95.62
89   51   19   100.59
89   51   20   96.6
89   51   21   81.22
89   51   22   60.3
89   52   11   30.39
89   52   12   51.13
89   52   13   67.35
89   52   14   83.2
89   52   15   99.07
89   52   16   112.05
89   52   17   122.55
89   52   18   128.9
89   52   19   131.02
89   52   20   124.99
89   52   21   105.06
89   52   22   85.7
89   52   23   79.23
89   53   4   2.22
89   53   5   16.05
89   53   6   20.57
89   53   7   25.08
89   53   8   27.56
89   53   9   28.66
89   53   10   32.91
89   53   11   41.1
89   53   12   52.48
89   53   13   65.54
89   53   14   78.21
89   53   15   90.14
89   53   16   103.04
89   53   17   118
89   53   18   131.5
89   53   19   136.32
89   53   20   125.82
89   53   21   87.31
89   53   22   36.9
89   54   4   21.08
89   54   5   37.69
89   54   6   47.68
89   54   7   55.32
89   54   8   60.71
89   54   9   62.6
89   54   10   63.23
89   54   11   65.79
89   54   12   71.38
89   54   13   79.19
89   54   14   87.37
89   54   15   95.87
89   54   16   106.33
89   54   17   118.33
89   54   18   129.25
89   54   19   133.7
89   54   20   119.07
89   54   21   76.41
89   54   22   42.82
89   54   23   6.79
89   55   4   23.73
89   55   5   42.46
89   55   6   55.88
89   55   7   65.84
89   55   8   72.04
89   55   9   73.8
89   55   10   72.29
89   55   11   71.15
89   55   12   73.69
89   55   13   79.45
89   55   14   87.53
89   55   15   96.06
89   55   16   106.55
89   55   17   118.23
89   55   18   129.42
89   55   19   138.6
89   55   20   139.08
89   55   21   123.49
89   55   22   108.62
89   55   23   103.45
89   55   24   79.85
89   56   3   2.22
89   56   4   28.56
89   56   5   43.79
89   56   6   55.63
89   56   7   63.89
89   56   8   67.32
89   56   9   65.76
89   56   10   61.31
89   56   11   60.2
89   56   12   63.6
89   56   13   71.62
89   56   14   83.01
89   56   15   94.15
89   56   16   104.81
89   56   17   114.97
89   56   18   125.78
89   56   19   138.83
89   56   20   149.17
89   56   21   155.37
89   56   22   161.57
89   56   23   165.33
89   56   24   158.66
89   56   25   128.82
89   56   26   48.1
89   57   3   7.24
89   57   4   28.83
89   57   5   41.21
89   57   6   50.25
89   57   7   55.7
89   57   8   54.62
89   57   9   43.94
89   57   10   33.01
89   57   11   32.26
89   57   12   38.97
89   57   13   47.87
89   57   14   56.99
89   57   15   66.57
89   57   16   78.32
89   57   17   90.88
89   57   18   105.18
89   57   19   123.84
89   57   20   141.67
89   57   21   154.86
89   57   22   164.41
89   57   23   169.96
89   57   24   167.65
89   57   25   152.92
89   57   26   120.76
89   58   3   8.39
89   58   4   30.06
89   58   5   41.71
89   58   6   48.66
89   58   7   53.72
89   58   8   59.3
89   58   9   63.97
89   58   10   62.66
89   58   11   58.77
89   58   12   61.63
89   58   13   69.41
89   58   14   78.04
89   58   15   85.43
89   58   16   91.04
89   58   17   98.59
89   58   18   108.85
89   58   19   124.38
89   58   20   142.23
89   58   21   156.02
89   58   22   164.83
89   58   23   169.49
89   58   24   167.28
89   58   25   155.37
89   58   26   125.78
89   58   27   58.68
89   59   4   26.83
89   59   5   40.45
89   59   6   46.54
89   59   7   42.56
89   59   8   31.82
89   59   9   40.34
89   59   10   57.24
89   59   11   68.62
89   59   12   77.5
89   59   13   86.25
89   59   14   95.27
89   59   15   104.96
89   59   16   114.6
89   59   17   124.16
89   59   18   133.93
89   59   19   144.08
89   59   20   153.7
89   59   21   161.49
89   59   22   166.57
89   59   23   167.04
89   59   24   161.65
89   59   25   148.75
89   59   26   122.01
89   59   27   57.72
89   60   4   19.19
89   60   5   27.27
89   60   6   30.6
89   60   7   13.41
89   60   11   3.21
89   60   12   32.18
89   60   13   47.66
89   60   14   59.78
89   60   15   73.47
89   60   16   87.03
89   60   17   100.39
89   60   18   113.98
89   60   19   127.98
89   60   20   140.88
89   60   21   151.58
89   60   22   158
89   60   23   156.09
89   60   24   146.34
89   60   25   126.42
89   60   26   96.17
89   61   4   3.5
89   61   12   10.57
89   61   13   40.39
89   61   14   59.09
89   61   15   74.64
89   61   16   88.04
89   61   17   100.12
89   61   18   112.22
89   61   19   125.18
89   61   20   135.55
89   61   21   141.13
89   61   22   143.86
89   61   23   142.35
89   61   24   139.12
89   61   25   127.53
89   61   26   75.54
89   62   4   4.16
89   62   12   19.73
89   62   13   36.23
89   62   14   57.35
89   62   15   73.52
89   62   16   87.03
89   62   17   100.07
89   62   18   112.65
89   62   19   120.52
89   62   20   114.66
89   62   21   88.73
89   62   22   72.53
89   62   23   69.95
89   62   24   57.33
89   63   4   6.62
89   63   5   2.59
89   63   6   21.4
89   63   14   52.2
89   63   15   63.02
89   63   16   71.21
89   63   17   83.47
89   63   18   99.31
89   63   19   108.76
89   63   20   101.36
89   63   21   71.33
89   63   22   34.69
89   64   13   2.47
89   64   14   63.19
89   64   15   62.99
89   64   16   67.5
89   64   17   81.1
89   64   18   99.49
89   64   19   116.14
89   64   20   113.26
89   64   21   94.37
89   64   22   49.5
89   65   14   36.16
89   65   15   41.17
89   65   16   47.02
89   65   17   49.82
89   65   18   57.59
89   65   19   66.11
89   65   20   55.23
89   66   14   24.25
89   66   15   37.13
89   66   16   24.48
89   67   14   15.18
89   67   15   26.57
90   49   9   25.74
90   49   10   51.56
90   49   11   68.39
90   49   12   77.88
90   49   13   80.07
90   49   14   69.93
90   49   15   37.11
90   50   9   36.6
90   50   10   72.31
90   50   11   88.34
90   50   12   96.03
90   50   13   99.24
90   50   14   95.3
90   50   15   85.38
90   50   16   37.29
90   51   10   40.68
90   51   11   62.64
90   51   12   74.81
90   51   13   82.75
90   51   14   92.37
90   51   15   97.22
90   51   16   90.29
90   51   17   62.4
90   51   18   43.6
90   51   19   29.13
90   52   10   9.17
90   52   11   37.28
90   52   12   54.79
90   52   13   69.74
90   52   14   86.11
90   52   15   102.69
90   52   16   113.49
90   52   17   115.05
90   52   18   107.75
90   52   19   101.38
90   52   20   83.71
90   52   21   36.1
90   53   4   17.56
90   53   5   23.22
90   53   6   24.12
90   53   7   20.53
90   53   8   21.31
90   53   9   29.6
90   53   10   42.29
90   53   11   56.2
90   53   12   68.29
90   53   13   77.62
90   53   14   86.3
90   53   15   97.38
90   53   16   112.52
90   53   17   126.21
90   53   18   135.26
90   53   19   137.47
90   53   20   130.47
90   53   21   101.38
90   53   22   27.72
90   54   4   27.34
90   54   5   42.86
90   54   6   53.69
90   54   7   62.04
90   54   8   68.55
90   54   9   73.95
90   54   10   79.99
90   54   11   86.64
90   54   12   93.55
90   54   13   99.06
90   54   14   102.86
90   54   15   108.95
90   54   16   120.1
90   54   17   131.49
90   54   18   139.74
90   54   19   144.06
90   54   20   140.89
90   54   21   126.91
90   54   22   95.32
90   54   23   55.52
90   55   4   28.74
90   55   5   45.76
90   55   6   59.15
90   55   7   70.21
90   55   8   79.42
90   55   9   86.72
90   55   10   92.31
90   55   11   96.9
90   55   12   101.71
90   55   13   106.27
90   55   14   110.92
90   55   15   117.15
90   55   16   126.86
90   55   17   137.16
90   55   18   145.65
90   55   19   152.32
90   55   20   154.13
90   55   21   149.15
90   55   22   138.36
90   55   23   121.34
90   55   24   99.12
90   55   25   62.7
90   56   3   6.95
90   56   4   30.84
90   56   5   45.62
90   56   6   57.97
90   56   7   68.25
90   56   8   75.82
90   56   9   80.16
90   56   10   82.46
90   56   11   86.99
90   56   12   94.64
90   56   13   104.06
90   56   14   112.89
90   56   15   121.22
90   56   16   129.51
90   56   17   137.79
90   56   18   146.25
90   56   19   154.83
90   56   20   161.4
90   56   21   165.74
90   56   22   168.64
90   56   23   168.74
90   56   24   162.78
90   56   25   146.45
90   56   26   115.25
90   57   3   9.75
90   57   4   30.84
90   57   5   43.32
90   57   6   52.85
90   57   7   61.17
90   57   8   67.06
90   57   9   67.84
90   57   10   66.12
90   57   11   68.41
90   57   12   76.38
90   57   13   87.39
90   57   14   96.99
90   57   15   105.23
90   57   16   114.31
90   57   17   123.94
90   57   18   134.96
90   57   19   147.23
90   57   20   157.73
90   57   21   164.81
90   57   22   168.5
90   57   23   167.83
90   57   24   161.67
90   57   25   150.27
90   57   26   128.3
90   57   27   78.44
90   58   3   5.59
90   58   4   29.33
90   58   5   41.42
90   58   6   47.45
90   58   7   52.21
90   58   8   59.68
90   58   9   68.24
90   58   10   75.7
90   58   11   81.87
90   58   12   87.58
90   58   13   92.53
90   58   14   96.37
90   58   15   101.27
90   58   16   108.68
90   58   17   119.27
90   58   18   131.7
90   58   19   144.14
90   58   20   154.19
90   58   21   161.58
90   58   22   165.84
90   58   23   164.84
90   58   24   156.23
90   58   25   140.92
90   58   26   115.47
90   58   27   71.36
90   59   4   21.18
90   59   5   34.58
90   59   6   40.02
90   59   7   36.1
90   59   8   24.69
90   59   9   28.53
90   59   10   45.09
90   59   11   62.52
90   59   12   78.49
90   59   13   93.29
90   59   14   106.01
90   59   15   116.57
90   59   16   125.09
90   59   17   132.85
90   59   18   140.25
90   59   19   147.05
90   59   20   152.94
90   59   21   156.89
90   59   22   156.85
90   59   23   149.96
90   59   24   133.11
90   59   25   114.96
90   59   26   79.06
90   60   12   27.85
90   60   13   56.18
90   60   14   76.33
90   60   15   93.27
90   60   16   107.48
90   60   17   120.57
90   60   18   131.49
90   60   19   139.74
90   60   20   145.27
90   60   21   145.9
90   60   22   138.77
90   60   23   120.19
90   60   24   83.66
90   61   13   32.83
90   61   14   57.51
90   61   15   78.99
90   61   16   96.66
90   61   17   111.69
90   61   18   123.44
90   61   19   130.21
90   61   20   131.63
90   61   21   125.35
90   61   22   98.23
90   61   23   43.94
90   62   4   0.04
90   62   14   40
90   62   15   69.4
90   62   16   90.16
90   62   17   105.89
90   62   18   111.92
90   62   19   97.1
90   62   20   72.1
90   62   21   46.52
90   62   22   1.77
90   63   3   1.27
90   63   4   16.3
90   63   5   3.09
90   63   14   43.1
90   63   15   72.13
90   63   16   83.22
90   63   17   94.01
90   63   18   99.85
90   63   19   80.65
90   63   20   58.1
90   63   21   52.8
90   63   22   61.14
90   63   23   66.53
90   63   24   66.39
90   64   14   67.86
90   64   15   83.18
90   64   16   83.09
90   64   17   87.68
90   64   18   101.89
90   64   19   108.62
90   64   20   107.23
90   64   21   101.77
90   64   22   66.33
90   64   23   4.11
90   65   14   43.91
90   65   15   66.42
90   65   16   65.5
90   65   17   62.74
90   65   18   67.32
90   65   19   70.69
90   65   20   47.29
90   66   3   6.21
90   66   13   17.22
90   66   14   54.69
90   66   15   59.3
90   66   16   45.2
90   66   17   5.59
90   67   5   0.29
90   67   14   28.23
90   67   15   31.62
90   68   4   6.95
90   68   5   16.22
90   68   6   3.41
90   69   4   16.79
90   69   5   24.61
90   69   6   21.09
90   69   7   15.18
90   70   4   24.21
90   70   5   24.09
90   70   6   4.2
91   49   9   26.15
91   49   10   55.82
91   49   11   69.12
91   49   12   70.47
91   49   13   53.62
91   50   9   38.67
91   50   10   63.19
91   50   11   77.79
91   50   12   87.75
91   50   13   89.9
91   50   14   69.67
91   50   15   33.89
91   51   9   14.32
91   51   10   40.67
91   51   11   57.1
91   51   12   70.52
91   51   13   84.06
91   51   14   93.1
91   51   15   91.37
91   51   16   63.47
91   52   9   7.98
91   52   10   29.75
91   52   11   45.16
91   52   12   60.69
91   52   13   79.5
91   52   14   98.74
91   52   15   110.63
91   52   16   114.49
91   52   17   95.52
91   52   18   64.75
91   52   19   34.83
91   53   3   4.77
91   53   4   28.44
91   53   5   39.22
91   53   6   45.73
91   53   7   47.31
91   53   8   46.26
91   53   9   48.84
91   53   10   55.45
91   53   11   62.9
91   53   12   70.39
91   53   13   81.47
91   53   14   94.48
91   53   15   107.43
91   53   16   117.38
91   53   17   119.68
91   53   18   116.39
91   53   19   103.54
91   53   20   79.18
91   53   21   4.73
91   54   3   2.3
91   54   4   31.1
91   54   5   46.77
91   54   6   58.99
91   54   7   68.84
91   54   8   77.03
91   54   9   83.12
91   54   10   87.36
91   54   11   91.07
91   54   12   95.47
91   54   13   102.02
91   54   14   111
91   54   15   120.66
91   54   16   128.8
91   54   17   131.84
91   54   18   130.46
91   54   19   128.22
91   54   20   121.37
91   54   21   104.23
91   54   22   57.64
91   55   3   3
91   55   4   30.27
91   55   5   45.94
91   55   6   58.6
91   55   7   69.52
91   55   8   79.42
91   55   9   88.6
91   55   10   96.86
91   55   11   104.21
91   55   12   111.15
91   55   13   117.4
91   55   14   123.98
91   55   15   131.56
91   55   16   139.04
91   55   17   145.15
91   55   18   148.15
91   55   19   147.03
91   55   20   141.77
91   55   21   133.88
91   55   22   123.49
91   55   23   90.83
91   56   3   5.39
91   56   4   30
91   56   5   44.54
91   56   6   56.42
91   56   7   66.58
91   56   8   75.46
91   56   9   83.55
91   56   10   91.43
91   56   11   99.45
91   56   12   107.44
91   56   13   114.51
91   56   14   121.17
91   56   15   128.83
91   56   16   137.29
91   56   17   145.32
91   56   18   151.53
91   56   19   155.04
91   56   20   154.21
91   56   21   147.03
91   56   22   139.13
91   56   23   135.29
91   56   24   118.84
91   56   25   73.11
91   57   3   9.54
91   57   4   31.08
91   57   5   44.01
91   57   6   53.85
91   57   7   62.84
91   57   8   70.78
91   57   9   76.81
91   57   10   81.59
91   57   11   87.37
91   57   12   94.95
91   57   13   102.95
91   57   14   110.82
91   57   15   119.75
91   57   16   129.58
91   57   17   139.67
91   57   18   148.5
91   57   19   154.6
91   57   20   156.06
91   57   21   150.63
91   57   22   141.03
91   57   23   135.66
91   57   24   129.78
91   57   25   110.84
91   57   26   57.51
91   58   3   11.6
91   58   4   32.21
91   58   5   44.11
91   58   6   49.52
91   58   7   52.58
91   58   8   61.82
91   58   9   73.72
91   58   10   84.3
91   58   11   92.13
91   58   12   97.22
91   58   13   101.61
91   58   14   107.07
91   58   15   114.04
91   58   16   122.61
91   58   17   132.56
91   58   18   142.58
91   58   19   150.91
91   58   20   156.25
91   58   21   156.45
91   58   22   150.91
91   58   23   139.65
91   58   24   122.63
91   58   25   95.65
91   59   4   24.07
91   59   5   36.31
91   59   6   37.09
91   59   7   15.06
91   59   9   24.93
91   59   10   50.17
91   59   11   71.39
91   59   12   87.69
91   59   13   100.43
91   59   14   109.66
91   59   15   116.54
91   59   16   123.1
91   59   17   130.03
91   59   18   137.77
91   59   19   145.42
91   59   20   151.09
91   59   21   151.29
91   59   22   142.51
91   59   23   120.14
91   59   24   45.06
91   60   12   41.79
91   60   13   68.19
91   60   14   87.14
91   60   15   102.12
91   60   16   114.67
91   60   17   124.68
91   60   18   132.72
91   60   19   139.67
91   60   20   144.46
91   60   21   144.58
91   60   22   136.1
91   60   23   116.8
91   61   13   32.45
91   61   14   57.35
91   61   15   78.99
91   61   16   98.92
91   61   17   114.08
91   61   18   124.12
91   61   19   129.8
91   61   20   130.23
91   61   21   124.14
91   61   22   98.01
91   62   13   17.96
91   62   14   42.97
91   62   15   64.29
91   62   16   84.25
91   62   17   101.8
91   62   18   111.84
91   62   19   106.4
91   62   20   94.61
91   62   21   69.14
91   62   22   32.48
91   63   3   5.18
91   63   4   13.41
91   63   13   45.6
91   63   14   66.02
91   63   15   79.33
91   63   16   88.89
91   63   17   97.94
91   63   18   107.19
91   63   19   98.6
91   63   20   78.16
91   63   21   60.44
91   63   22   60.14
91   63   23   58.56
91   63   24   64.07
91   63   25   70.23
91   64   13   49.41
91   64   14   77.59
91   64   15   88.8
91   64   16   93.79
91   64   17   98.42
91   64   18   106.51
91   64   19   108.45
91   64   20   104.8
91   64   21   98.01
91   64   22   47.18
91   65   13   16.51
91   65   14   66.67
91   65   15   80.02
91   65   16   84.82
91   65   17   92.56
91   65   18   102.42
91   65   19   109.41
91   65   20   93.68
91   66   4   10.78
91   66   14   43.49
91   66   15   64.66
91   66   16   63.47
91   66   17   51.45
91   66   18   15.22
91   67   4   1.52
91   68   4   10.24
91   68   5   15.67
91   68   6   26.7
91   68   7   12.18
91   69   4   14.56
91   69   5   21.28
91   69   6   33.33
91   69   7   24.85
91   70   3   1.65
91   70   4   5.39
91   70   5   7.69
91   70   6   1.52
92   48   10   24.66
92   48   11   33.25
92   48   12   8.6
92   49   8   17.26
92   49   9   66.94
92   49   10   84.18
92   49   11   91.77
92   49   12   88.09
92   49   13   65.87
92   50   8   6.79
92   50   9   37.54
92   50   10   54.57
92   50   11   69.52
92   50   12   83.19
92   50   13   83.85
92   50   14   57.46
92   51   9   25.82
92   51   10   44.28
92   51   11   60.69
92   51   12   78.65
92   51   13   90.6
92   51   14   90.49
92   51   15   72.71
92   51   16   11.44
92   52   4   9.71
92   52   5   2.84
92   52   7   0.33
92   52   8   16.22
92   52   9   30.21
92   52   10   43.91
92   52   11   60.3
92   52   12   79.64
92   52   13   97.94
92   52   14   109.69
92   52   15   112.76
92   52   16   102.52
92   52   17   28.83
92   53   3   14.32
92   53   4   34.92
92   53   5   48.28
92   53   6   57.78
92   53   7   62.04
92   53   8   60.99
92   53   9   62.68
92   53   10   69.75
92   53   11   79.33
92   53   12   89.49
92   53   13   100.22
92   53   14   111.1
92   53   15   114.69
92   53   16   107.17
92   53   17   80.26
92   53   18   25.86
92   54   3   5.31
92   54   4   31.31
92   54   5   46.81
92   54   6   59.98
92   54   7   71.52
92   54   8   81.47
92   54   9   89.79
92   54   10   97.18
92   54   11   104.27
92   54   12   111.61
92   54   13   118.85
92   54   14   125.35
92   54   15   128.2
92   54   16   122.65
92   54   17   107.39
92   54   18   86.41
92   54   19   65.32
92   54   20   12.01
92   55   3   0.37
92   55   4   27.82
92   55   5   43.49
92   55   6   56.63
92   55   7   68.43
92   55   8   79.32
92   55   9   89.23
92   55   10   97.71
92   55   11   104.76
92   55   12   111.89
92   55   13   119.88
92   55   14   128.09
92   55   15   134.59
92   55   16   137.27
92   55   17   135.7
92   55   18   132.01
92   55   19   123.35
92   55   20   108.99
92   55   21   73.02
92   56   3   1.48
92   56   4   26.38
92   56   5   40.11
92   56   6   51.98
92   56   7   62.48
92   56   8   72.21
92   56   9   80.9
92   56   10   88.38
92   56   11   95.22
92   56   12   102.87
92   56   13   112.77
92   56   14   123.89
92   56   15   133.26
92   56   16   139.83
92   56   17   143.26
92   56   18   142.71
92   56   19   134.2
92   56   20   121.62
92   56   21   93.76
92   56   22   27.66
92   57   3   6.05
92   57   4   27.1
92   57   5   36.08
92   57   6   43.1
92   57   7   52.29
92   57   8   61.78
92   57   9   70.39
92   57   10   77.98
92   57   11   85.19
92   57   12   93.11
92   57   13   102.92
92   57   14   115.17
92   57   15   127.11
92   57   16   136.37
92   57   17   141.86
92   57   18   141.15
92   57   19   133.08
92   57   20   122.25
92   57   21   100.61
92   57   22   46.97
92   58   3   16.67
92   58   4   30.6
92   58   5   33.18
92   58   6   22.77
92   58   7   24.85
92   58   8   38.78
92   58   9   54.45
92   58   10   69.75
92   58   11   81.7
92   58   12   89.93
92   58   13   97.19
92   58   14   106.48
92   58   15   117.93
92   58   16   128.88
92   58   17   137.96
92   58   18   144.03
92   58   19   146.01
92   58   20   141.3
92   58   21   129.55
92   58   22   100.4
92   58   23   44.35
92   59   3   14.44
92   59   4   29.76
92   59   5   33.17
92   59   10   30.09
92   59   11   59.03
92   59   12   77.98
92   59   13   91.65
92   59   14   101.74
92   59   15   110.24
92   59   16   119.52
92   59   17   130.53
92   59   18   139.12
92   59   19   142.95
92   59   20   139.3
92   59   21   126.86
92   59   22   93.68
92   60   4   19.28
92   60   5   23.88
92   60   11   1.6
92   60   12   44.35
92   60   13   68.45
92   60   14   86.34
92   60   15   100.62
92   60   16   112.5
92   60   17   123.45
92   60   18   133.93
92   60   19   140.81
92   60   20   142.4
92   60   21   136.59
92   60   22   117.43
92   60   23   65.16
92   61   12   6.5
92   61   13   38.91
92   61   14   60.85
92   61   15   81.42
92   61   16   100.39
92   61   17   114.65
92   61   18   125.86
92   61   19   132.2
92   61   20   134.31
92   61   21   133.23
92   61   22   120.2
92   62   12   22.99
92   62   13   39.65
92   62   14   53.42
92   62   15   68.46
92   62   16   87.41
92   62   17   104.98
92   62   18   115.08
92   62   19   115.93
92   62   20   103.63
92   62   21   58.83
92   63   3   4.81
92   63   4   1.93
92   63   11   20.92
92   63   12   46.54
92   63   13   60.75
92   63   14   70.71
92   63   15   78.32
92   63   16   86.88
92   63   17   97.56
92   63   18   107.16
92   63   19   105.53
92   63   20   86.13
92   63   21   64.69
92   63   22   52.63
92   64   3   0.7
92   64   12   41.12
92   64   13   66.65
92   64   14   80.11
92   64   15   89.58
92   64   16   96.4
92   64   17   103.1
92   64   18   111.41
92   64   19   121.79
92   64   20   125.89
92   64   21   105.68
92   65   13   33.72
92   65   14   70.39
92   65   15   85.38
92   65   16   99.12
92   65   17   99.05
92   65   18   90.28
92   65   19   75.77
92   66   3   9.34
92   66   4   12.42
92   67   4   26.6
92   67   5   18.25
92   68   4   22.92
92   68   5   37.19
92   69   3   3.09
92   69   4   27.56
92   69   5   44.4
92   69   6   35.85
92   70   5   26.24
93   48   9   38.91
93   48   10   48.53
93   48   11   42.09
93   49   8   44.08
93   49   9   66.96
93   49   10   82.14
93   49   11   93.62
93   49   12   96.83
93   49   13   87.21
93   50   8   12.22
93   50   9   36.35
93   50   10   55.01
93   50   11   74.8
93   50   12   89.06
93   50   13   89.1
93   50   14   61.63
93   51   8   14.32
93   51   9   37.49
93   51   10   60.32
93   51   11   79
93   51   12   92
93   51   13   96.54
93   51   14   87.76
93   52   3   9.67
93   52   4   23.99
93   52   5   27.82
93   52   6   26.94
93   52   7   27.95
93   52   8   36.43
93   52   9   47.85
93   52   10   62.02
93   52   11   80
93   52   12   96.32
93   52   13   107.37
93   52   14   106.63
93   52   15   95.24
93   53   3   17.38
93   53   4   37.28
93   53   5   51.98
93   53   6   63.35
93   53   7   70.35
93   53   8   74.38
93   53   9   80.34
93   53   10   88.36
93   53   11   96.81
93   53   12   105.27
93   53   13   112.62
93   53   14   113.58
93   53   15   100.6
93   53   16   66.73
93   54   3   6.13
93   54   4   31.39
93   54   5   46.98
93   54   6   60.36
93   54   7   72.15
93   54   8   82.43
93   54   9   91.59
93   54   10   100.17
93   54   11   108.67
93   54   12   116.5
93   54   13   121.62
93   54   14   120.3
93   54   15   109.81
93   54   16   82.2
93   54   17   47.38
93   55   3   5.76
93   55   4   32.85
93   55   5   48.66
93   55   6   60.85
93   55   7   70.8
93   55   8   78.86
93   55   9   85.74
93   55   10   93.17
93   55   11   102.12
93   55   12   112.1
93   55   13   120.14
93   55   14   124.74
93   55   15   125.55
93   55   16   121.1
93   55   17   115.83
93   55   18   106.66
93   56   3   10.49
93   56   4   33.35
93   56   5   47.29
93   56   6   58.44
93   56   7   67.38
93   56   8   73.95
93   56   9   79.3
93   56   10   85.7
93   56   11   94.76
93   56   12   106.2
93   56   13   116.34
93   56   14   124.25
93   56   15   130.49
93   56   16   134.46
93   56   17   132.28
93   56   18   113.64
93   56   19   53.53
93   57   3   18.97
93   57   4   33.71
93   57   5   41.98
93   57   6   49.39
93   57   7   56.81
93   57   8   63.31
93   57   9   70.02
93   57   10   77.28
93   57   11   85.94
93   57   12   97.56
93   57   13   109.73
93   57   14   119.41
93   57   15   127.38
93   57   16   133.18
93   57   17   131.91
93   57   18   116.81
93   57   19   69.82
93   58   3   21.62
93   58   4   31.19
93   58   5   28.53
93   58   6   23.65
93   58   7   32.18
93   58   8   43.67
93   58   9   55.22
93   58   10   67.07
93   58   11   77.41
93   58   12   86.83
93   58   13   96.91
93   58   14   107.29
93   58   15   117.75
93   58   16   127.82
93   58   17   135.71
93   58   18   136.82
93   58   19   126.11
93   58   20   86.2
93   59   3   14.4
93   59   4   26.15
93   59   5   22.31
93   59   8   18.56
93   59   9   25.96
93   59   10   40.91
93   59   11   59.03
93   59   12   74.67
93   59   13   86.84
93   59   14   97.48
93   59   15   108.61
93   59   16   120.5
93   59   17   130.37
93   59   18   133.92
93   59   19   125.57
93   59   20   91.62
93   60   3   10.04
93   60   4   29.16
93   60   5   36.51
93   60   6   29.75
93   60   7   22.45
93   60   8   18.42
93   60   9   2.1
93   60   10   7.86
93   60   11   30.43
93   60   12   53.56
93   60   13   73.45
93   60   14   88.15
93   60   15   99.77
93   60   16   111.33
93   60   17   123.71
93   60   18   132.6
93   60   19   133.93
93   60   20   121.65
93   60   21   73.3
93   61   3   9.83
93   61   4   26.28
93   61   5   31.68
93   61   6   28.77
93   61   7   25.77
93   61   8   18.49
93   61   9   3.33
93   61   11   8.56
93   61   12   30.96
93   61   13   52.87
93   61   14   72.1
93   61   15   86.63
93   61   16   101.1
93   61   17   115.01
93   61   18   127.14
93   61   19   134
93   61   20   133.3
93   61   21   124.38
93   61   22   92.34
93   62   3   7.41
93   62   4   20.47
93   62   5   22.27
93   62   6   21.95
93   62   7   18.1
93   62   8   7.86
93   62   9   8.35
93   62   10   14.93
93   62   11   21.09
93   62   12   31.7
93   62   13   47.22
93   62   14   62.96
93   62   15   76.82
93   62   16   92.86
93   62   17   108.46
93   62   18   119.01
93   62   19   121.1
93   62   20   104.63
93   62   21   37.28
93   63   10   19.91
93   63   11   41.06
93   63   12   55.14
93   63   13   65.85
93   63   14   75.65
93   63   15   85.6
93   63   16   96.31
93   63   17   106.17
93   63   18   114.7
93   63   19   113.9
93   63   20   86.76
93   63   21   57.57
93   63   22   79.52
93   64   12   35.39
93   64   13   69.63
93   64   14   84.85
93   64   15   94.6
93   64   16   101.74
93   64   17   109.07
93   64   18   117.2
93   64   19   126.13
93   64   20   130.62
93   64   21   122.29
93   64   22   82.09
93   65   14   55.79
93   65   15   88.87
93   65   16   114.04
93   65   17   127.95
93   65   18   130.86
93   65   19   116.05
93   65   20   64.66
93   66   2   6.09
93   67   3   30.28
93   67   4   32.62
93   68   3   20.07
93   68   4   42.04
93   68   5   41.17
93   69   4   19.19
93   69   5   2.55
94   47   22   10.49
94   48   7   5.8
94   48   8   53.5
94   48   9   70.68
94   48   10   70.96
94   48   11   53.95
94   48   12   7.86
94   49   7   1.6
94   49   8   38.64
94   49   9   60.32
94   49   10   80.58
94   49   11   94.93
94   49   12   97.43
94   49   13   80.9
94   50   7   3.66
94   50   8   40.65
94   50   9   63.83
94   50   10   80.85
94   50   11   93.17
94   50   12   99.13
94   50   13   94.61
94   50   14   56.7
94   51   6   19.13
94   51   7   36.82
94   51   8   51.26
94   51   9   66.51
94   51   10   83.14
94   51   11   95.44
94   51   12   104.18
94   51   13   106.16
94   51   14   101.52
94   51   15   68.79
94   52   3   14.98
94   52   4   30.75
94   52   5   40.24
94   52   6   47.45
94   52   7   55.35
94   52   8   64.71
94   52   9   73.17
94   52   10   84
94   52   11   96.2
94   52   12   106.65
94   52   13   112.61
94   52   14   107.5
94   52   15   97.27
94   53   3   7.69
94   53   4   31.93
94   53   5   47.89
94   53   6   61.23
94   53   7   72.25
94   53   8   81.43
94   53   9   90.28
94   53   10   98.96
94   53   11   106.46
94   53   12   111.45
94   53   13   110.8
94   53   14   100.01
94   53   15   74.99
94   54   4   21.55
94   54   5   36.87
94   54   6   51.44
94   54   7   64.28
94   54   8   75.86
94   54   9   86.95
94   54   10   97.25
94   54   11   106.26
94   54   12   112.07
94   54   13   110.84
94   54   14   93.03
94   54   15   33.84
94   55   3   2.84
94   55   4   25.24
94   55   5   40.34
94   55   6   53.18
94   55   7   62.86
94   55   8   70.21
94   55   9   78.41
94   55   10   88.53
94   55   11   98.85
94   55   12   107.77
94   55   13   114.69
94   55   14   117.61
94   55   15   117.42
94   55   16   106.2
94   55   17   67.34
94   56   3   0.86
94   56   4   27.85
94   56   5   42.48
94   56   6   52.79
94   56   7   60.08
94   56   8   65.13
94   56   9   70.5
94   56   10   79.04
94   56   11   89.75
94   56   12   101.27
94   56   13   112.87
94   56   14   123.18
94   56   15   130.73
94   56   16   133.34
94   56   17   118.54
94   57   3   18.11
94   57   4   35.23
94   57   5   43.84
94   57   6   49.39
94   57   7   54.26
94   57   8   58.06
94   57   9   60.69
94   57   10   65.98
94   57   11   74.83
94   57   12   86.08
94   57   13   98.77
94   57   14   112.13
94   57   15   124.12
94   57   16   127.07
94   57   17   109.93
94   57   18   37.48
94   58   3   22.55
94   58   4   31.16
94   58   5   33.25
94   58   6   37.78
94   58   7   44.9
94   58   8   50.45
94   58   9   53.2
94   58   10   58.83
94   58   11   67.44
94   58   12   77.39
94   58   13   90.65
94   58   14   107.22
94   58   15   121.69
94   58   16   131.61
94   58   17   135.1
94   58   18   117.06
94   58   19   25.03
94   59   3   16.34
94   59   4   24.95
94   59   5   24.84
94   59   6   27.33
94   59   7   37.85
94   59   8   43.81
94   59   9   42.32
94   59   10   45.04
94   59   11   56.22
94   59   12   69.9
94   59   13   84.68
94   59   14   100.64
94   59   15   116.02
94   59   16   127.54
94   59   17   132.58
94   59   18   114.72
94   59   19   33.45
94   60   3   16.09
94   60   4   32.07
94   60   5   39.6
94   60   6   43.26
94   60   7   50.36
94   60   8   48.86
94   60   9   35.98
94   60   10   29.47
94   60   11   38.66
94   60   12   55.06
94   60   13   71.54
94   60   14   88.98
94   60   15   105.68
94   60   16   119.31
94   60   17   129.3
94   60   18   127.9
94   60   19   98.3
94   61   3   7.03
94   61   4   29.27
94   61   5   42.11
94   61   6   52.03
94   61   7   58.56
94   61   8   55.57
94   61   9   40.62
94   61   10   29.19
94   61   11   30.21
94   61   12   43.07
94   61   13   58.52
94   61   14   77.09
94   61   15   94.36
94   61   16   110.15
94   61   17   123.72
94   61   18   131.57
94   61   19   128.62
94   61   20   105.21
94   61   21   43.27
94   62   4   22.51
94   62   5   32.85
94   62   6   44.01
94   62   7   47.17
94   62   8   43.34
94   62   9   39.9
94   62   10   40.65
94   62   11   45.37
94   62   12   53.04
94   62   13   64.43
94   62   14   78.27
94   62   15   91.29
94   62   16   106.1
94   62   17   119.53
94   62   18   123.85
94   62   19   103.46
94   62   20   14.73
94   63   3   1.6
94   63   4   1.73
94   63   9   8.23
94   63   10   21.12
94   63   11   34.97
94   63   12   53.51
94   63   13   70.67
94   63   14   83.66
94   63   15   93.88
94   63   16   102.61
94   63   17   111.56
94   63   18   114.8
94   63   19   96.39
94   63   20   45.64
94   64   13   35.6
94   64   14   72.04
94   64   15   91.88
94   64   16   107.47
94   64   17   120.09
94   64   18   130.63
94   64   19   135.76
94   64   20   130.6
94   64   21   106.04
94   65   15   16.05
94   65   16   59.82
94   65   17   84.54
94   65   18   90.52
94   65   19   76.83
94   65   20   32.1
95   2   4   6.34
95   47   8   47.21
95   47   9   56.18
95   47   10   42.09
95   48   7   18.62
95   48   8   57.4
95   48   9   76.96
95   48   10   82.08
95   48   11   64.47
95   49   7   32.9
95   49   8   56.07
95   49   9   74.6
95   49   10   86.02
95   49   11   90.29
95   49   12   78.79
95   49   13   20.89
95   50   5   17.49
95   50   6   40.6
95   50   7   60.53
95   50   8   80.06
95   50   9   93.25
95   50   10   99.48
95   50   11   99.25
95   50   12   94.69
95   50   13   87.26
95   51   4   16.22
95   51   5   34.53
95   51   6   49.5
95   51   7   62.06
95   51   8   72.02
95   51   9   82.62
95   51   10   93.61
95   51   11   102.57
95   51   12   107.02
95   51   13   101.02
95   51   14   79.44
95   52   3   16.87
95   52   4   34.21
95   52   5   47.29
95   52   6   58.52
95   52   7   68.74
95   52   8   78.12
95   52   9   85.97
95   52   10   93.01
95   52   11   98.92
95   52   12   104.87
95   52   13   107.08
95   52   14   102.19
95   52   15   36.52
95   53   4   27.57
95   53   5   44.28
95   53   6   58.79
95   53   7   72.33
95   53   8   84.21
95   53   9   94.16
95   53   10   101.77
95   53   11   105.61
95   53   12   107.04
95   53   13   101.27
95   53   14   97.31
95   54   4   11.85
95   54   5   31.51
95   54   6   47.03
95   54   7   62.08
95   54   8   76.73
95   54   9   89.44
95   54   10   100.23
95   54   11   108.14
95   54   12   111.8
95   54   13   101.96
95   54   14   54.59
95   54   27   40.05
95   54   28   50.7
95   54   29   32.07
95   55   4   15.06
95   55   5   31.42
95   55   6   43.57
95   55   7   54.95
95   55   8   67.37
95   55   9   80.43
95   55   10   93.06
95   55   11   104.17
95   55   12   115.07
95   55   13   122.05
95   55   14   104.6
95   55   15   42.2
95   56   4   7.53
95   56   5   28.5
95   56   6   41.61
95   56   7   51.04
95   56   8   60.62
95   56   9   72.32
95   56   10   85.52
95   56   11   98.87
95   56   12   113.04
95   56   13   124.7
95   56   14   129.35
95   56   15   119.94
95   56   16   85.62
95   57   3   4.9
95   57   4   23.41
95   57   5   35
95   57   6   45.39
95   57   7   52.67
95   57   8   59.52
95   57   9   69.11
95   57   10   81.72
95   57   11   95.05
95   57   12   109.83
95   57   13   124.15
95   57   14   132.85
95   57   15   126.47
95   57   16   98.96
95   58   3   23.99
95   58   4   38.06
95   58   5   46.83
95   58   6   53.48
95   58   7   59.68
95   58   8   67.22
95   58   9   76.74
95   58   10   87.59
95   58   11   98.53
95   58   12   109.05
95   58   13   119.71
95   58   14   126.58
95   58   15   122.9
95   58   16   99.89
95   58   17   57.23
95   59   2   0.37
95   59   3   27.5
95   59   4   40.16
95   59   5   46.01
95   59   6   52.64
95   59   7   60.98
95   59   8   68.49
95   59   9   76.76
95   59   10   86.78
95   59   11   97.01
95   59   12   105.8
95   59   13   114.82
95   59   14   123.81
95   59   15   126.31
95   59   16   107.14
95   59   17   61.13
95   60   2   2.59
95   60   3   26.24
95   60   4   37.85
95   60   5   44.42
95   60   6   50.55
95   60   7   58.04
95   60   8   61.76
95   60   9   66.04
95   60   10   73.85
95   60   11   84.22
95   60   12   94.8
95   60   13   105.18
95   60   14   116.39
95   60   15   123.26
95   60   16   114.43
95   60   17   76.91
95   61   2   2.22
95   61   3   27.1
95   61   4   40.93
95   61   5   51.65
95   61   6   57.44
95   61   7   60.34
95   61   8   58.99
95   61   9   59.72
95   61   10   65.28
95   61   11   74.11
95   61   12   84.01
95   61   13   94.28
95   61   14   106.45
95   61   15   117.14
95   61   16   118.61
95   61   17   97.47
95   61   18   69.47
95   61   19   12.05
95   62   3   21.99
95   62   4   34.9
95   62   5   46.12
95   62   6   51.53
95   62   7   50.21
95   62   8   47.8
95   62   9   52.18
95   62   10   61.72
95   62   11   70.99
95   62   12   80.75
95   62   13   93.55
95   62   14   107.07
95   62   15   116.13
95   62   16   114.67
95   62   17   101.6
95   62   18   76.67
95   63   3   6.34
95   63   4   7.69
95   63   5   16.83
95   63   6   16.01
95   63   14   25.19
95   63   15   30.93
95   63   16   31.36
95   63   17   33.22
95   63   18   18.42
95   64   16   13.58
95   64   17   57.74
95   64   18   76.47
95   64   19   70.55
95   64   20   16.59
95   88   20   9.63
95   88   21   62.8
95   88   22   86.18
95   88   23   101.43
95   88   24   88.48
95   88   25   72.97
95   88   26   71.87
95   89   21   46.54
95   89   22   87.2
95   89   23   112.92
95   89   24   116.31
95   89   25   104.79
95   89   26   109.51
95   89   27   106.67
95   89   28   89.75
95   90   22   22.69
95   90   23   65.41
95   90   24   94.67
95   90   25   105.73
95   90   26   125.23
95   90   27   115.07
95   90   28   51.3
95   91   24   2.1
95   91   25   76.76
95   91   26   105.21
95   91   27   99.07
95   98   4   6.34
96   3   17   30.99
96   46   8   4.2
96   46   9   27.37
96   47   7   17.6
96   47   8   63.11
96   47   9   70.98
96   47   10   62.38
96   47   11   18.22
96   48   7   20.76
96   48   8   52.29
96   48   9   72.29
96   48   10   80.77
96   48   11   59.82
96   49   5   17.15
96   49   6   37.96
96   49   7   54.75
96   49   8   70.09
96   49   9   79.76
96   49   10   82.1
96   49   11   67.19
96   49   12   30.15
96   50   4   32.32
96   50   5   50.93
96   50   6   66.18
96   50   7   79.63
96   50   8   90.77
96   50   9   98.45
96   50   10   100.89
96   50   11   97.47
96   50   12   82.7
96   50   13   31.76
96   51   3   9.17
96   51   4   32.42
96   51   5   46.97
96   51   6   58.99
96   51   7   68.97
96   51   8   78.42
96   51   9   88.85
96   51   10   99.53
96   51   11   109.78
96   51   12   116.42
96   51   13   111.26
96   52   3   18.39
96   52   4   34.95
96   52   5   47.5
96   52   6   57.89
96   52   7   66.62
96   52   8   74.8
96   52   9   83.83
96   52   10   93.42
96   52   11   104.55
96   52   12   111.7
96   52   13   106.6
96   52   14   66.6
96   52   27   19.88
96   52   28   17.07
96   52   29   7.86
96   53   4   27.04
96   53   5   43.49
96   53   6   56.53
96   53   7   65.87
96   53   8   72.57
96   53   9   82.32
96   53   10   94.16
96   53   11   108.24
96   53   12   113.5
96   53   13   97.79
96   53   14   33.81
96   53   26   21.27
96   53   27   29.04
96   53   28   23.18
96   54   4   18.14
96   54   5   39.76
96   54   6   54.93
96   54   7   65.67
96   54   8   71.93
96   54   9   80.33
96   54   10   91.3
96   54   11   101.57
96   54   12   98.44
96   54   13   59.56
96   54   27   45.94
96   54   28   52.6
96   54   29   52.01
96   54   30   32.34
96   55   4   31.7
96   55   5   48.26
96   55   6   60.28
96   55   7   70.02
96   55   8   78.79
96   55   9   85.82
96   55   10   94.18
96   55   11   104.09
96   55   12   97.39
96   55   13   52.74
96   55   26   26.76
96   55   27   43.96
96   55   28   41.37
96   55   29   46.01
96   55   30   9.54
96   56   4   32.93
96   56   5   49.21
96   56   6   60.34
96   56   7   69.27
96   56   8   78.21
96   56   9   86.43
96   56   10   93.5
96   56   11   100.85
96   56   12   99.87
96   56   13   84.06
96   56   14   50.04
96   57   3   5.18
96   57   4   35.52
96   57   5   50.86
96   57   6   61.16
96   57   7   69.86
96   57   8   80.43
96   57   9   88.63
96   57   10   93.58
96   57   11   98.03
96   57   12   99.28
96   57   13   90.33
96   57   14   55.3
96   58   3   19.13
96   58   4   37.37
96   58   5   51.57
96   58   6   64.51
96   58   7   74.24
96   58   8   83.55
96   58   9   87.06
96   58   10   87.28
96   58   11   86.31
96   58   12   86.82
96   58   13   81.22
96   58   14   61.15
96   59   3   5.43
96   59   4   25.85
96   59   5   43.04
96   59   6   57.66
96   59   7   69.29
96   59   8   81.12
96   59   9   84.97
96   59   10   77.84
96   59   11   76.74
96   59   12   86.28
96   59   13   88.51
96   59   14   72.33
96   59   15   26.42
96   60   3   16.83
96   60   4   30.6
96   60   5   40.44
96   60   6   53.87
96   60   7   63.78
96   60   8   74.11
96   60   9   77.3
96   60   10   74.81
96   60   11   75.44
96   60   12   82.3
96   60   13   83.39
96   60   14   75.21
96   60   15   48.95
96   61   2   3.5
96   61   3   30.24
96   61   4   40.6
96   61   5   43.17
96   61   6   49.69
96   61   7   51.03
96   61   8   60.83
96   61   9   64.86
96   61   10   62.3
96   61   11   63.76
96   61   12   71.15
96   61   13   77.17
96   61   14   73.64
96   61   15   54.83
96   62   3   31.28
96   62   4   45.13
96   62   5   47.64
96   62   6   43.94
96   62   7   30.18
96   62   8   27.03
96   62   9   7.12
96   62   12   19.06
96   62   13   40.37
96   62   14   44.71
96   62   15   32.59
96   63   4   21.92
96   63   5   28.07
96   63   6   20.2
96   87   19   49.8
96   87   20   72.82
96   87   21   81.61
96   87   22   86.1
96   87   23   87.07
96   87   24   76.45
96   87   25   66.16
96   87   26   40.08
96   88   18   4.81
96   88   19   49.78
96   88   20   72.8
96   88   21   89.44
96   88   22   103.71
96   88   23   116.38
96   88   24   128.06
96   88   25   139.52
96   88   26   147.99
96   88   27   144.46
96   88   28   99.44
96   89   19   38.55
96   89   20   60.14
96   89   21   77.68
96   89   22   94.54
96   89   23   110.06
96   89   24   125.5
96   89   25   140.47
96   89   26   152.23
96   89   27   157.05
96   89   28   152.86
96   89   29   141.93
96   90   20   21.09
96   90   21   51.94
96   90   22   87.07
96   90   23   112.81
96   90   24   129.93
96   90   25   140.99
96   90   26   148.63
96   90   27   151.48
96   90   28   144.26
96   90   29   118.81
96   91   23   42.74
96   91   24   97.19
96   91   25   128.49
96   91   26   142.27
96   91   27   151.73
96   91   28   187.99
96   92   24   36.56
96   92   25   84.55
96   92   26   101.97
96   92   27   86.58
96   99   17   30.99
97   2   11   47.89
97   2   12   63.11
97   2   13   71.67
97   2   14   72.37
97   2   15   74.25
97   2   16   82.68
97   2   17   82.48
97   3   11   20.5
97   3   12   44.15
97   3   13   61.03
97   3   14   73.67
97   3   15   82.63
97   3   16   91.09
97   3   17   95.66
97   3   18   89.68
97   4   11   25.32
97   4   12   38.16
97   4   13   50.97
97   4   14   68.37
97   4   15   79.57
97   4   16   84.14
97   4   17   94.37
97   4   18   97.62
97   5   14   25.33
97   5   15   55.86
97   5   16   63.06
97   5   17   54.21
97   46   8   46.45
97   46   9   60.71
97   46   10   51.81
97   46   11   5.55
97   47   7   31.51
97   47   8   69.99
97   47   9   81.44
97   47   10   86.36
97   47   11   73.32
97   47   12   46.43
97   48   7   24.07
97   48   8   46.63
97   48   9   63.8
97   48   10   74.85
97   48   11   68.31
97   48   12   33.43
97   49   4   25.46
97   49   5   44.16
97   49   6   53.62
97   49   7   61.37
97   49   8   69.05
97   49   9   74.89
97   49   10   71.33
97   49   11   50.04
97   50   3   20.11
97   50   4   39.04
97   50   5   54.31
97   50   6   66.28
97   50   7   74.27
97   50   8   81.85
97   50   9   88.32
97   50   10   87.35
97   50   11   74.97
97   50   12   42.53
97   51   3   2.59
97   51   4   26.07
97   51   5   41.82
97   51   6   55.23
97   51   7   66.76
97   51   8   78.49
97   51   9   90.88
97   51   10   103.3
97   51   11   109.21
97   51   12   98.1
97   51   13   49.26
97   52   3   17.56
97   52   4   37.82
97   52   5   52.12
97   52   6   64.03
97   52   7   75.74
97   52   8   87.37
97   52   9   98.3
97   52   10   106.23
97   52   11   109.6
97   52   12   109.15
97   52   13   85.48
97   53   3   20.17
97   53   4   37.06
97   53   5   46.96
97   53   6   56.35
97   53   7   67.77
97   53   8   82.21
97   53   9   92.68
97   53   10   96.48
97   53   11   95.29
97   53   12   79.47
97   53   29   1.48
97   53   30   31.56
97   53   31   38.58
97   54   3   5.88
97   54   4   22.01
97   54   5   29.36
97   54   6   44.47
97   54   7   60
97   54   8   73.13
97   54   9   76.95
97   54   10   70.41
97   54   11   60.14
97   54   31   22.97
97   55   3   1.81
97   55   5   22.25
97   55   6   50.06
97   55   7   65.98
97   55   8   71.71
97   55   9   69.65
97   55   10   59.18
97   55   11   27.07
97   56   3   0.78
97   56   4   5.84
97   56   5   31.54
97   56   6   51.17
97   56   7   60.53
97   56   8   65.99
97   56   9   67.06
97   56   10   58.2
97   56   11   33.43
97   57   4   6.54
97   57   5   26.8
97   57   6   43.2
97   57   7   50.8
97   57   8   39.79
97   57   9   9.87
97   58   6   26.84
97   58   7   40.26
97   58   8   23.2
97   59   5   12.79
97   59   6   25.63
97   59   7   27.85
97   60   5   23.92
97   60   6   7.28
97   61   5   24.66
97   62   5   2.96
97   87   17   23.87
97   87   18   59.6
97   87   19   81.1
97   87   20   91.22
97   87   21   91.38
97   87   22   93.43
97   87   23   89.92
97   87   24   71.91
97   87   25   59.5
97   87   26   40.19
97   88   16   7.9
97   88   17   30.58
97   88   18   44.45
97   88   19   60.02
97   88   20   78.11
97   88   21   96.01
97   88   22   111.69
97   88   23   124.57
97   88   24   135.12
97   88   25   143.96
97   88   26   151.03
97   88   27   152.39
97   88   28   136.19
97   88   29   42.5
97   89   18   23.54
97   89   19   48.01
97   89   20   68.13
97   89   21   86.15
97   89   22   102.57
97   89   23   117.13
97   89   24   130.95
97   89   25   143.29
97   89   26   153.69
97   89   27   157.05
97   89   28   145.68
97   89   29   128.24
97   90   20   37
97   90   21   64.66
97   90   22   88.85
97   90   23   108.18
97   90   24   123.14
97   90   25   134.89
97   90   26   143.85
97   90   27   146.51
97   90   28   149.02
97   91   21   36.68
97   91   22   71.97
97   91   23   99.28
97   91   24   120.71
97   91   25   131.04
97   91   26   119.11
97   91   27   82.25
97   92   21   16.43
97   92   22   63.01
97   92   23   84.74
97   92   24   89.35
97   92   25   78.43
97   92   26   44.64
97   93   23   38.39
97   93   24   64.12
97   93   25   52.37
97   98   11   47.89
97   98   12   63.11
97   98   13   71.67
97   98   14   72.37
97   98   15   74.25
97   98   16   82.68
97   98   17   82.48
97   99   11   20.5
97   99   12   44.15
97   99   13   61.03
97   99   14   73.67
97   99   15   82.63
97   99   16   91.09
97   99   17   95.66
97   99   18   89.68
97   100   11   25.32
97   100   12   38.16
97   100   13   50.97
97   100   14   68.37
97   100   15   79.57
97   100   16   84.14
97   100   17   94.37
97   100   18   97.62
98   1   11   22.84
98   1   12   36.51
98   1   13   42.94
98   1   14   53.58
98   1   15   55.61
98   1   16   36
98   2   10   42.91
98   2   11   61.55
98   2   12   74
98   2   13   84.2
98   2   14   92.88
98   2   15   98.5
98   2   16   97.11
98   2   17   76.45
98   3   9   20.07
98   3   10   32.78
98   3   11   42.34
98   3   12   53.19
98   3   13   65.67
98   3   14   78.83
98   3   15   92.31
98   3   16   97.68
98   3   17   85.72
98   3   18   14.73
98   4   11   18.62
98   4   12   35.18
98   4   13   50.31
98   4   14   66.42
98   4   15   83.8
98   4   16   93.71
98   4   17   91.07
98   4   18   46.32
98   5   13   7.03
98   5   14   24.77
98   5   15   58.83
98   5   16   50.29
98   46   8   36.35
98   46   9   41.73
98   46   10   28.01
98   47   7   51.01
98   47   8   71.54
98   47   9   80.78
98   47   10   85.25
98   47   11   76.15
98   47   12   36.08
98   48   7   28.32
98   48   8   46.41
98   48   9   61.45
98   48   10   74.85
98   48   11   78.92
98   48   12   75.01
98   49   4   20.93
98   49   5   38.61
98   49   6   47.05
98   49   7   52.83
98   49   8   56.88
98   49   9   59.58
98   49   10   58.99
98   49   11   53.01
98   49   12   45.23
98   49   13   9.54
98   50   3   17.71
98   50   4   33.18
98   50   5   44.61
98   50   6   47.75
98   50   7   47.29
98   50   8   47.91
98   50   9   50.49
98   50   10   48.05
98   50   11   35.05
98   50   12   9.83
98   51   5   17.07
98   51   6   23.57
98   51   7   27.94
98   51   8   36.08
98   51   9   44.92
98   51   10   44.01
98   51   11   21.09
98   52   4   20.92
98   52   5   40.26
98   52   6   50.28
98   52   7   56.17
98   52   8   62.18
98   52   9   71.48
98   52   10   68.12
98   52   11   36.51
98   52   12   6.13
98   53   3   9.01
98   53   4   32.64
98   53   5   44.88
98   53   6   57.91
98   53   7   71.58
98   53   8   81.2
98   53   9   90.26
98   53   10   82.8
98   54   3   1.23
98   54   6   5.59
98   54   7   40.13
98   54   8   70.21
98   54   9   85.41
98   54   10   71.17
98   55   8   19.97
98   55   9   24.56
98   59   21   1.03
98   59   22   23.81
98   60   4   0.12
98   61   4   6.75
98   87   17   29.63
98   87   18   63.91
98   87   19   85.41
98   87   20   98.56
98   87   21   107.81
98   87   22   115.52
98   87   23   120.37
98   87   24   121.22
98   87   25   122.42
98   87   26   119.05
98   87   27   96.32
98   87   28   58.54
98   88   16   30.96
98   88   17   50.63
98   88   18   67.32
98   88   19   82.85
98   88   20   97.29
98   88   21   110.65
98   88   22   122.24
98   88   23   132.66
98   88   24   142.23
98   88   25   150.73
98   88   26   157.67
98   88   27   162.85
98   88   28   163.82
98   88   29   147.15
98   88   30   24.31
98   89   17   37.25
98   89   18   61.65
98   89   19   81.05
98   89   20   96.72
98   89   21   109.2
98   89   22   119.04
98   89   23   128.19
98   89   24   137.68
98   89   25   146.85
98   89   26   155.55
98   89   27   162.65
98   89   28   162.24
98   89   29   145.98
98   89   30   104.48
98   90   17   31.28
98   90   18   59.8
98   90   19   78.78
98   90   20   92.28
98   90   21   102.77
98   90   22   110.65
98   90   23   118.85
98   90   24   128.05
98   90   25   138.18
98   90   26   147.34
98   90   27   150.15
98   90   28   141.63
98   90   29   102.64
98   91   17   49.15
98   91   18   68.91
98   91   19   77.79
98   91   20   81.75
98   91   21   86.88
98   91   22   93.09
98   91   23   100.02
98   91   24   108.04
98   91   25   121.48
98   91   26   132.01
98   91   27   120.62
98   91   28   80.31
98   91   29   44.61
98   92   16   20.67
98   92   17   53.42
98   92   18   61.94
98   92   19   62.52
98   92   20   64.79
98   92   21   68.45
98   92   22   65.61
98   92   23   58.95
98   92   24   55.45
98   92   25   57.51
98   92   26   62.26
98   92   27   64.66
98   92   28   69.32
98   92   29   69.7
98   92   30   30.07
98   93   19   3.04
98   93   20   22.48
98   93   21   23.81
98   93   22   12.88
98   93   23   4.57
98   93   24   9.26
98   93   25   17.07
98   93   26   28.92
98   93   27   41.58
98   93   28   21.71
98   97   11   22.84
98   97   12   36.51
98   97   13   42.94
98   97   14   53.58
98   97   15   55.61
98   97   16   36
98   98   10   42.91
98   98   11   61.55
98   98   12   74
98   98   13   84.2
98   98   14   92.88
98   98   15   98.5
98   98   16   97.11
98   98   17   76.45
98   99   9   20.07
98   99   10   32.78
98   99   11   42.34
98   99   12   53.19
98   99   13   65.67
98   99   14   78.83
98   99   15   92.31
98   99   16   97.68
98   99   17   85.72
98   99   18   14.73
98   100   11   18.62
98   100   12   35.18
98   100   13   50.31
98   100   14   66.42
98   100   15   83.8
98   100   16   93.71
98   100   17   91.07
98   100   18   46.32
99   1   10   43.06
99   1   11   61.17
99   1   12   73.08
99   1   13   82.13
99   1   14   88.69
99   1   15   87.54
99   1   16   67.68
99   2   9   34.07
99   2   10   46.5
99   2   11   50.87
99   2   12   54.17
99   2   13   62.28
99   2   14   73.82
99   2   15   87.07
99   2   16   94.23
99   2   17   88.8
99   2   18   68.76
99   3   7   3.37
99   3   8   8.72
99   3   12   12.88
99   3   13   38.13
99   3   14   57.35
99   3   15   76.02
99   3   16   90.47
99   3   17   92.36
99   3   18   66.46
99   4   13   32.23
99   4   14   50.76
99   4   15   73.17
99   4   16   90.83
99   4   17   92.53
99   4   18   64.18
99   5   15   8.97
99   5   16   70.06
99   5   17   46.1
99   38   23   11.31
99   39   23   41.59
99   39   24   46.07
99   46   8   26.86
99   46   9   17.3
99   47   6   17.26
99   47   7   52.24
99   47   8   68.55
99   47   9   76.28
99   47   10   73.96
99   47   11   58.06
99   48   6   18.97
99   48   7   40
99   48   8   52.39
99   48   9   63.37
99   48   10   75.65
99   48   11   77.95
99   48   12   53.01
99   49   4   11.27
99   49   5   31.28
99   49   6   39.92
99   49   7   45.78
99   49   8   49.65
99   49   9   51.73
99   49   10   54.87
99   49   11   56.19
99   50   3   20.38
99   50   4   29.44
99   50   5   31.51
99   50   6   31.13
99   50   7   28.83
99   50   8   26.94
99   50   9   26.66
99   50   10   25.71
99   50   11   18.46
99   53   5   15.76
99   53   6   23.41
99   61   3   9.01
99   86   24   23.53
99   86   25   39
99   86   26   24.85
99   87   18   24.27
99   87   19   56.79
99   87   20   75.6
99   87   21   87.96
99   87   22   98.54
99   87   23   110.82
99   87   24   123.74
99   87   25   136.15
99   87   26   144.52
99   87   27   143.05
99   87   28   125.67
99   87   29   88.61
99   88   15   16.87
99   88   16   34.66
99   88   17   50.9
99   88   18   68.11
99   88   19   87.24
99   88   20   104.27
99   88   21   116.93
99   88   22   125.37
99   88   23   130.87
99   88   24   134.77
99   88   25   139.48
99   88   26   145.88
99   88   27   154.43
99   88   28   162.58
99   88   29   164.58
99   88   30   151.14
99   88   31   93.38
99   89   15   19.34
99   89   16   47.59
99   89   17   65.85
99   89   18   79.78
99   89   19   92.56
99   89   20   104.83
99   89   21   116.1
99   89   22   125.83
99   89   23   134.81
99   89   24   143.59
99   89   25   152.34
99   89   26   160.25
99   89   27   167.03
99   89   28   171.3
99   89   29   169.89
99   89   30   161.38
99   89   31   141.76
99   89   32   93.96
99   90   15   14.69
99   90   16   59.16
99   90   17   81
99   90   18   93.48
99   90   19   102.61
99   90   20   109.28
99   90   21   114.17
99   90   22   119.61
99   90   23   126.46
99   90   24   135.18
99   90   25   144.57
99   90   26   154.26
99   90   27   162.3
99   90   28   165.16
99   90   29   158.95
99   90   30   150.04
99   90   31   139.99
99   90   32   104.6
99   91   15   22.11
99   91   16   72.66
99   91   17   91.81
99   91   18   99.57
99   91   19   102.19
99   91   20   101.07
99   91   21   100.62
99   91   22   105.63
99   91   23   114.44
99   91   24   124.3
99   91   25   135.79
99   91   26   148.74
99   91   27   156.08
99   91   28   153.99
99   91   29   153.53
99   91   30   158.18
99   91   31   156.97
99   91   32   130.03
99   92   15   13.99
99   92   16   81.12
99   92   17   98.64
99   92   18   100.96
99   92   19   92.13
99   92   20   80.36
99   92   21   79.3
99   92   22   91.2
99   92   23   106.87
99   92   24   117.76
99   92   25   128.11
99   92   26   136.23
99   92   27   143.91
99   92   28   155.87
99   92   29   167.09
99   92   30   169.89
99   92   31   141.51
99   93   16   56.94
99   93   17   74.13
99   93   18   66.86
99   93   19   49.63
99   93   20   45.06
99   93   21   51.3
99   93   22   70.52
99   93   23   93.97
99   93   24   109.69
99   93   25   128.93
99   93   26   152.74
99   93   27   173.01
99   93   28   181.82
99   93   29   167.5
99   93   30   86.47
99   94   23   39.27
99   94   24   58.95
99   94   25   74.34
99   94   26   82.63
99   94   27   83.25
99   94   28   57.05
99   96   12   11.4
99   96   13   28.53
99   96   14   26.39
99   97   10   43.06
99   97   11   61.17
99   97   12   73.08
99   97   13   82.13
99   97   14   88.69
99   97   15   87.54
99   97   16   67.68
99   98   9   34.07
99   98   10   46.5
99   98   11   50.87
99   98   12   54.17
99   98   13   62.28
99   98   14   73.82
99   98   15   87.07
99   98   16   94.23
99   98   17   88.8
99   98   18   68.76
99   99   7   3.37
99   99   8   8.72
99   99   12   12.88
99   99   13   38.13
99   99   14   57.35
99   99   15   76.02
99   99   16   90.47
99   99   17   92.36
99   99   18   66.46
99   100   13   32.23
99   100   14   50.76
99   100   15   73.17
99   100   16   90.83
99   100   17   92.53
99   100   18   64.18
100   1   9   32.42
100   1   10   47.64
100   1   11   56.79
100   1   12   62.64
100   1   13   66.62
100   1   14   71.03
100   1   15   77.07
100   1   16   80.18
100   1   17   62.5
100   1   18   34.76
100   1   19   26.9
100   1   20   38.92
100   1   21   32.43
100   2   7   20.27
100   2   8   33.58
100   2   9   36.72
100   2   10   30.15
100   2   11   17.18
100   2   12   12.22
100   2   13   25.54
100   2   14   43.72
100   2   15   64.62
100   2   16   83.66
100   2   17   94.28
100   2   18   97.16
100   2   19   82.31
100   2   20   50.38
100   2   21   27.17
100   3   13   26
100   3   14   54.27
100   3   15   72.02
100   3   16   85.58
100   3   17   94.95
100   3   18   93.59
100   3   19   65.35
100   4   14   24.82
100   4   15   47.8
100   4   16   74.34
100   4   17   91.24
100   4   18   87.95
100   6   26   52.08
100   6   27   81.72
100   6   28   49.89
100   7   25   108.45
100   7   26   138.6
100   7   27   122.16
100   8   26   19.63
100   37   22   75.58
100   37   23   108.67
100   37   24   118.98
100   37   25   113.41
100   37   26   80.67
100   38   20   23.84
100   38   21   77.43
100   38   22   96.49
100   38   23   110.84
100   38   24   124.36
100   38   25   130.54
100   38   26   115.56
100   38   27   35.36
100   39   19   27.66
100   39   20   84.1
100   39   21   99.38
100   39   22   99.07
100   39   23   97.4
100   39   24   103.21
100   39   25   116.93
100   39   26   125.2
100   39   27   49.5
100   40   17   30.31
100   40   18   67.8
100   40   19   93.05
100   40   20   100.24
100   40   21   91.3
100   40   22   65.37
100   40   23   52.34
100   40   24   52.51
100   40   25   29.53
100   41   16   43.64
100   41   17   59.05
100   41   18   59.36
100   41   19   52.52
100   41   20   41.45
100   41   21   16.09
100   46   7   26.8
100   46   8   38.42
100   47   6   18.22
100   47   7   62.34
100   47   8   70.82
100   47   9   72.65
100   47   10   58.81
100   47   11   27.63
100   48   6   29.04
100   48   7   47.64
100   48   8   61.33
100   48   9   72.87
100   48   10   81.22
100   48   11   76.52
100   49   5   26.04
100   49   6   38.67
100   49   7   48.23
100   49   8   54.97
100   49   9   59.94
100   49   10   61.41
100   49   11   44.13
100   50   3   22.85
100   50   4   36.92
100   50   5   37.28
100   50   6   37.85
100   50   7   38.12
100   50   8   38.86
100   50   9   44.28
100   50   10   48.99
100   50   11   41.59
100   50   12   35.13
100   50   13   30.81
100   50   14   15.67
100   51   3   12.59
100   51   4   2.39
100   51   11   4.48
100   51   12   22.89
100   51   13   42.35
100   51   14   43.1
100   51   15   15.84
100   60   19   3.13
100   60   20   14.48
100   87   19   21.18
100   87   20   34.66
100   87   21   30.19
100   87   22   18.56
100   87   23   24.93
100   87   24   47.09
100   87   25   77.41
100   87   26   106.72
100   87   27   122.27
100   87   28   121.65
100   87   29   103.66
100   87   30   68.93
100   88   16   11.81
100   88   17   43.86
100   88   18   70.75
100   88   19   96.03
100   88   20   112.46
100   88   21   120.62
100   88   22   120.57
100   88   23   113.09
100   88   24   103.21
100   88   25   99.44
100   88   26   105.86
100   88   27   123.12
100   88   28   141.4
100   88   29   156.2
100   88   30   164.64
100   88   31   159.84
100   88   32   142.93
100   88   33   47.31
100   89   3   18.53
100   89   14   2.06
100   89   15   35.55
100   89   16   52.62
100   89   17   67.7
100   89   18   82.49
100   89   19   95.52
100   89   20   104.63
100   89   21   110.68
100   89   22   116.86
100   89   23   125.85
100   89   24   135.21
100   89   25   141.18
100   89   26   142.7
100   89   27   146.34
100   89   28   155.12
100   89   29   164.32
100   89   30   170.47
100   89   31   170.6
100   89   32   163.28
100   89   33   151.13
100   89   34   90.08
100   90   3   16.51
100   90   15   43.22
100   90   16   60.08
100   90   17   72.31
100   90   18   83.01
100   90   19   91.75
100   90   20   97.69
100   90   21   102.46
100   90   22   107.23
100   90   23   115.42
100   90   24   125.88
100   90   25   134.43
100   90   26   141.79
100   90   27   150.36
100   90   28   162.1
100   90   29   171.42
100   90   30   176.74
100   90   31   176.86
100   90   32   172.06
100   90   33   159.94
100   90   34   101.35
100   91   15   46.1
100   91   16   60.34
100   91   17   68.99
100   91   18   77.94
100   91   19   88.04
100   91   20   98.14
100   91   21   102.31
100   91   22   103.12
100   91   23   115.73
100   91   24   134.13
100   91   25   144.97
100   91   26   150.82
100   91   27   155.65
100   91   28   159.76
100   91   29   166.29
100   91   30   172.4
100   91   31   169.54
100   91   32   157.61
100   91   33   158.15
100   92   14   4.2
100   92   15   63.66
100   92   16   82.82
100   92   17   92.48
100   92   18   101.19
100   92   19   107.22
100   92   20   106.37
100   92   21   90.33
100   92   22   75.84
100   92   23   101.61
100   92   24   133.93
100   92   25   148.56
100   92   26   153.4
100   92   27   155.34
100   92   28   158.31
100   92   29   160.03
100   92   30   157.24
100   92   31   143.45
100   92   32   106.24
100   93   14   20.11
100   93   15   67.98
100   93   16   91.94
100   93   17   105.29
100   93   18   111.88
100   93   19   108.8
100   93   20   91.03
100   93   21   41.5
100   93   23   83.65
100   93   24   119.86
100   93   25   134.39
100   93   26   139.53
100   93   27   142.77
100   93   28   148.02
100   93   29   155.43
100   93   30   157.68
100   94   13   1.36
100   94   14   53.86
100   94   15   76.57
100   94   16   88.7
100   94   17   95.44
100   94   18   93.39
100   94   19   74.17
100   94   20   11.97
100   94   24   68.54
100   94   25   91.19
100   94   26   113.89
100   94   27   121.19
100   94   28   103.52
100   94   29   52.95
100   95   12   13.45
100   95   13   45.02
100   95   14   63.19
100   95   15   70.87
100   95   16   69.4
100   95   17   68.58
100   95   18   55.47
100   96   10   15.3
100   96   11   42.66
100   96   12   60.02
100   96   13   72.42
100   96   14   80.11
100   96   15   78.95
100   96   16   65.77
100   96   17   51.22
100   96   18   50.47
100   96   19   45.78
100   96   20   34.11
100   97   9   32.42
100   97   10   47.64
100   97   11   56.79
100   97   12   62.64
100   97   13   66.62
100   97   14   71.03
100   97   15   77.07
100   97   16   80.18
100   97   17   62.5
100   97   18   34.76
100   97   19   26.9
100   97   20   38.92
100   97   21   32.43
100   98   7   20.27
100   98   8   33.58
100   98   9   36.72
100   98   10   30.15
100   98   11   17.18
100   98   12   12.22
100   98   13   25.54
100   98   14   43.72
100   98   15   64.62
100   98   16   83.66
100   98   17   94.28
100   98   18   97.16
100   98   19   82.31
100   98   20   50.38
100   98   21   27.17
100   99   13   26
100   99   14   54.27
100   99   15   72.02
100   99   16   85.58
100   99   17   94.95
100   99   18   93.59
100   99   19   65.35
100   100   14   24.82
100   100   15   47.8
100   100   16   74.34
100   100   17   91.24
100   100   18   87.95	