3
100 100 36
 0.1 0.1
 0.0 0.5 1.0 1.5 2.0 2.5 3.0 3.5 4.0 4.5 5.0 5.5 6.0 6.5 7.0 7.5 8.0 8.5 9.0 9.5 10.0 10.5 11.0 11.5 12.0 12.5 13.0 13.5 14.0 14.5 15.0 15.5 16.0 16.5 17.0 17.5 18.0 18.5
 288.0 286.0 284.0 282.0 280.0 278.0 276.0 274.0 272.0 270.0 268.0 266.0 264.0 262.0 260.0 258.0 256.0 254.0 252.0 250.0 248.0 246.0 244.0 242.0 240.0 238.0 236.0 234.0 232.0 230.0 228.0 226.0 224.0 222.0 220.0 218.0 216.0 214.0
 1 2 11  1 1 0.047890 10.0
 1 2 12  1 1 0.063110 10.0
 1 2 13  1 1 0.071670 10.0
 1 2 14  1 1 0.072370 10.0
 1 2 15  1 1 0.074250 10.0
 1 2 16  1 1 0.082680 10.0
 1 2 17  1 1 0.082480 10.0
 1 3 11  1 1 0.020500 10.0
 1 3 12  1 1 0.044150 10.0
 1 3 13  1 1 0.061030 10.0
 1 3 14  1 1 0.073670 10.0
 1 3 15  1 1 0.082630 10.0
 1 3 16  1 1 0.091090 10.0
 1 3 17  1 1 0.095660 10.0
 1 3 18  1 1 0.089680 10.0
 1 4 11  1 1 0.025320 10.0
 1 4 12  1 1 0.038160 10.0
 1 4 13  1 1 0.050970 10.0
 1 4 14  1 1 0.068370 10.0
 1 4 15  1 1 0.079570 10.0
 1 4 16  1 1 0.084140 10.0
 1 4 17  1 1 0.094370 10.0
 1 4 18  1 1 0.097620 10.0
 1 5 14  1 1 0.025330 10.0
 1 5 15  1 1 0.055860 10.0
 1 5 16  1 1 0.063060 10.0
 1 5 17  1 1 0.054210 10.0
 1 46 8  1 1 0.046450 10.0
 1 46 9  1 1 0.060710 10.0
 1 46 10  1 1 0.051810 10.0
 1 46 11  1 1 0.005550 10.0
 1 47 7  1 1 0.031510 10.0
 1 47 8  1 1 0.069990 10.0
 1 47 9  1 1 0.081440 10.0
 1 47 10  1 1 0.086360 10.0
 1 47 11  1 1 0.073320 10.0
 1 47 12  1 1 0.046430 10.0
 1 48 7  1 1 0.024070 10.0
 1 48 8  1 1 0.046630 10.0
 1 48 9  1 1 0.063800 10.0
 1 48 10  1 1 0.074850 10.0
 1 48 11  1 1 0.068310 10.0
 1 48 12  1 1 0.033430 10.0
 1 49 4  1 1 0.025460 10.0
 1 49 5  1 1 0.044160 10.0
 1 49 6  1 1 0.053620 10.0
 1 49 7  1 1 0.061370 10.0
 1 49 8  1 1 0.069050 10.0
 1 49 9  1 1 0.074890 10.0
 1 49 10  1 1 0.071330 10.0
 1 49 11  1 1 0.050040 10.0
 1 50 3  1 1 0.020110 10.0
 1 50 4  1 1 0.039040 10.0
 1 50 5  1 1 0.054310 10.0
 1 50 6  1 1 0.066280 10.0
 1 50 7  1 1 0.074270 10.0
 1 50 8  1 1 0.081850 10.0
 1 50 9  1 1 0.088320 10.0
 1 50 10  1 1 0.087350 10.0
 1 50 11  1 1 0.074970 10.0
 1 50 12  1 1 0.042530 10.0
 1 51 3  1 1 0.002590 10.0
 1 51 4  1 1 0.026070 10.0
 1 51 5  1 1 0.041820 10.0
 1 51 6  1 1 0.055230 10.0
 1 51 7  1 1 0.066760 10.0
 1 51 8  1 1 0.078490 10.0
 1 51 9  1 1 0.090880 10.0
 1 51 10  1 1 0.103300 10.0
 1 51 11  1 1 0.109210 10.0
 1 51 12  1 1 0.098100 10.0
 1 51 13  1 1 0.049260 10.0
 1 52 3  1 1 0.017560 10.0
 1 52 4  1 1 0.037820 10.0
 1 52 5  1 1 0.052120 10.0
 1 52 6  1 1 0.064030 10.0
 1 52 7  1 1 0.075740 10.0
 1 52 8  1 1 0.087370 10.0
 1 52 9  1 1 0.098300 10.0
 1 52 10  1 1 0.106230 10.0
 1 52 11  1 1 0.109600 10.0
 1 52 12  1 1 0.109150 10.0
 1 52 13  1 1 0.085480 10.0
 1 53 3  1 1 0.020170 10.0
 1 53 4  1 1 0.037060 10.0
 1 53 5  1 1 0.046960 10.0
 1 53 6  1 1 0.056350 10.0
 1 53 7  1 1 0.067770 10.0
 1 53 8  1 1 0.082210 10.0
 1 53 9  1 1 0.092680 10.0
 1 53 10  1 1 0.096480 10.0
 1 53 11  1 1 0.095290 10.0
 1 53 12  1 1 0.079470 10.0
 1 53 29  1 1 0.001480 10.0
 1 53 30  1 1 0.031560 10.0
 1 53 31  1 1 0.038580 10.0
 1 54 3  1 1 0.005880 10.0
 1 54 4  1 1 0.022010 10.0
 1 54 5  1 1 0.029360 10.0
 1 54 6  1 1 0.044470 10.0
 1 54 7  1 1 0.060000 10.0
 1 54 8  1 1 0.073130 10.0
 1 54 9  1 1 0.076950 10.0
 1 54 10  1 1 0.070410 10.0
 1 54 11  1 1 0.060140 10.0
 1 54 31  1 1 0.022970 10.0
 1 55 3  1 1 0.001810 10.0
 1 55 5  1 1 0.022250 10.0
 1 55 6  1 1 0.050060 10.0
 1 55 7  1 1 0.065980 10.0
 1 55 8  1 1 0.071710 10.0
 1 55 9  1 1 0.069650 10.0
 1 55 10  1 1 0.059180 10.0
 1 55 11  1 1 0.027070 10.0
 1 56 3  1 1 0.000780 10.0
 1 56 4  1 1 0.005840 10.0
 1 56 5  1 1 0.031540 10.0
 1 56 6  1 1 0.051170 10.0
 1 56 7  1 1 0.060530 10.0
 1 56 8  1 1 0.065990 10.0
 1 56 9  1 1 0.067060 10.0
 1 56 10  1 1 0.058200 10.0
 1 56 11  1 1 0.033430 10.0
 1 57 4  1 1 0.006540 10.0
 1 57 5  1 1 0.026800 10.0
 1 57 6  1 1 0.043200 10.0
 1 57 7  1 1 0.050800 10.0
 1 57 8  1 1 0.039790 10.0
 1 57 9  1 1 0.009870 10.0
 1 58 6  1 1 0.026840 10.0
 1 58 7  1 1 0.040260 10.0
 1 58 8  1 1 0.023200 10.0
 1 59 5  1 1 0.012790 10.0
 1 59 6  1 1 0.025630 10.0
 1 59 7  1 1 0.027850 10.0
 1 60 5  1 1 0.023920 10.0
 1 60 6  1 1 0.007280 10.0
 1 61 5  1 1 0.024660 10.0
 1 62 5  1 1 0.002960 10.0
 1 87 17  1 1 0.023870 10.0
 1 87 18  1 1 0.059600 10.0
 1 87 19  1 1 0.081100 10.0
 1 87 20  1 1 0.091220 10.0
 1 87 21  1 1 0.091380 10.0
 1 87 22  1 1 0.093430 10.0
 1 87 23  1 1 0.089920 10.0
 1 87 24  1 1 0.071910 10.0
 1 87 25  1 1 0.059500 10.0
 1 87 26  1 1 0.040190 10.0
 1 88 16  1 1 0.007900 10.0
 1 88 17  1 1 0.030580 10.0
 1 88 18  1 1 0.044450 10.0
 1 88 19  1 1 0.060020 10.0
 1 88 20  1 1 0.078110 10.0
 1 88 21  1 1 0.096010 10.0
 1 88 22  1 1 0.111690 10.0
 1 88 23  1 1 0.124570 10.0
 1 88 24  1 1 0.135120 10.0
 1 88 25  1 1 0.143960 10.0
 1 88 26  1 1 0.151030 10.0
 1 88 27  1 1 0.152390 10.0
 1 88 28  1 1 0.136190 10.0
 1 88 29  1 1 0.042500 10.0
 1 89 18  1 1 0.023540 10.0
 1 89 19  1 1 0.048010 10.0
 1 89 20  1 1 0.068130 10.0
 1 89 21  1 1 0.086150 10.0
 1 89 22  1 1 0.102570 10.0
 1 89 23  1 1 0.117130 10.0
 1 89 24  1 1 0.130950 10.0
 1 89 25  1 1 0.143290 10.0
 1 89 26  1 1 0.153690 10.0
 1 89 27  1 1 0.157050 10.0
 1 89 28  1 1 0.145680 10.0
 1 89 29  1 1 0.128240 10.0
 1 90 20  1 1 0.037000 10.0
 1 90 21  1 1 0.064660 10.0
 1 90 22  1 1 0.088850 10.0
 1 90 23  1 1 0.108180 10.0
 1 90 24  1 1 0.123140 10.0
 1 90 25  1 1 0.134890 10.0
 1 90 26  1 1 0.143850 10.0
 1 90 27  1 1 0.146510 10.0
 1 90 28  1 1 0.149020 10.0
 1 91 21  1 1 0.036680 10.0
 1 91 22  1 1 0.071970 10.0
 1 91 23  1 1 0.099280 10.0
 1 91 24  1 1 0.120710 10.0
 1 91 25  1 1 0.131040 10.0
 1 91 26  1 1 0.119110 10.0
 1 91 27  1 1 0.082250 10.0
 1 92 21  1 1 0.016430 10.0
 1 92 22  1 1 0.063010 10.0
 1 92 23  1 1 0.084740 10.0
 1 92 24  1 1 0.089350 10.0
 1 92 25  1 1 0.078430 10.0
 1 92 26  1 1 0.044640 10.0
 1 93 23  1 1 0.038390 10.0
 1 93 24  1 1 0.064120 10.0
 1 93 25  1 1 0.052370 10.0
 1 98 11  1 1 0.047890 10.0
 1 98 12  1 1 0.063110 10.0
 1 98 13  1 1 0.071670 10.0
 1 98 14  1 1 0.072370 10.0
 1 98 15  1 1 0.074250 10.0
 1 98 16  1 1 0.082680 10.0
 1 98 17  1 1 0.082480 10.0
 1 99 11  1 1 0.020500 10.0
 1 99 12  1 1 0.044150 10.0
 1 99 13  1 1 0.061030 10.0
 1 99 14  1 1 0.073670 10.0
 1 99 15  1 1 0.082630 10.0
 1 99 16  1 1 0.091090 10.0
 1 99 17  1 1 0.095660 10.0
 1 99 18  1 1 0.089680 10.0
 1 100 11  1 1 0.025320 10.0
 1 100 12  1 1 0.038160 10.0
 1 100 13  1 1 0.050970 10.0
 1 100 14  1 1 0.068370 10.0
 1 100 15  1 1 0.079570 10.0
 1 100 16  1 1 0.084140 10.0
 1 100 17  1 1 0.094370 10.0
 1 100 18  1 1 0.097620 10.0
 2 1 11  1 1 0.022840 10.0
 2 1 12  1 1 0.036510 10.0
 2 1 13  1 1 0.042940 10.0
 2 1 14  1 1 0.053580 10.0
 2 1 15  1 1 0.055610 10.0
 2 1 16  1 1 0.036000 10.0
 2 2 10  1 1 0.042910 10.0
 2 2 11  1 1 0.061550 10.0
 2 2 12  1 1 0.074000 10.0
 2 2 13  1 1 0.084200 10.0
 2 2 14  1 1 0.092880 10.0
 2 2 15  1 1 0.098500 10.0
 2 2 16  1 1 0.097110 10.0
 2 2 17  1 1 0.076450 10.0
 2 3 9  1 1 0.020070 10.0
 2 3 10  1 1 0.032780 10.0
 2 3 11  1 1 0.042340 10.0
 2 3 12  1 1 0.053190 10.0
 2 3 13  1 1 0.065670 10.0
 2 3 14  1 1 0.078830 10.0
 2 3 15  1 1 0.092310 10.0
 2 3 16  1 1 0.097680 10.0
 2 3 17  1 1 0.085720 10.0
 2 3 18  1 1 0.014730 10.0
 2 4 11  1 1 0.018620 10.0
 2 4 12  1 1 0.035180 10.0
 2 4 13  1 1 0.050310 10.0
 2 4 14  1 1 0.066420 10.0
 2 4 15  1 1 0.083800 10.0
 2 4 16  1 1 0.093710 10.0
 2 4 17  1 1 0.091070 10.0
 2 4 18  1 1 0.046320 10.0
 2 5 13  1 1 0.007030 10.0
 2 5 14  1 1 0.024770 10.0
 2 5 15  1 1 0.058830 10.0
 2 5 16  1 1 0.050290 10.0
 2 46 8  1 1 0.036350 10.0
 2 46 9  1 1 0.041730 10.0
 2 46 10  1 1 0.028010 10.0
 2 47 7  1 1 0.051010 10.0
 2 47 8  1 1 0.071540 10.0
 2 47 9  1 1 0.080780 10.0
 2 47 10  1 1 0.085250 10.0
 2 47 11  1 1 0.076150 10.0
 2 47 12  1 1 0.036080 10.0
 2 48 7  1 1 0.028320 10.0
 2 48 8  1 1 0.046410 10.0
 2 48 9  1 1 0.061450 10.0
 2 48 10  1 1 0.074850 10.0
 2 48 11  1 1 0.078920 10.0
 2 48 12  1 1 0.075010 10.0
 2 49 4  1 1 0.020930 10.0
 2 49 5  1 1 0.038610 10.0
 2 49 6  1 1 0.047050 10.0
 2 49 7  1 1 0.052830 10.0
 2 49 8  1 1 0.056880 10.0
 2 49 9  1 1 0.059580 10.0
 2 49 10  1 1 0.058990 10.0
 2 49 11  1 1 0.053010 10.0
 2 49 12  1 1 0.045230 10.0
 2 49 13  1 1 0.009540 10.0
 2 50 3  1 1 0.017710 10.0
 2 50 4  1 1 0.033180 10.0
 2 50 5  1 1 0.044610 10.0
 2 50 6  1 1 0.047750 10.0
 2 50 7  1 1 0.047290 10.0
 2 50 8  1 1 0.047910 10.0
 2 50 9  1 1 0.050490 10.0
 2 50 10  1 1 0.048050 10.0
 2 50 11  1 1 0.035050 10.0
 2 50 12  1 1 0.009830 10.0
 2 51 5  1 1 0.017070 10.0
 2 51 6  1 1 0.023570 10.0
 2 51 7  1 1 0.027940 10.0
 2 51 8  1 1 0.036080 10.0
 2 51 9  1 1 0.044920 10.0
 2 51 10  1 1 0.044010 10.0
 2 51 11  1 1 0.021090 10.0
 2 52 4  1 1 0.020920 10.0
 2 52 5  1 1 0.040260 10.0
 2 52 6  1 1 0.050280 10.0
 2 52 7  1 1 0.056170 10.0
 2 52 8  1 1 0.062180 10.0
 2 52 9  1 1 0.071480 10.0
 2 52 10  1 1 0.068120 10.0
 2 52 11  1 1 0.036510 10.0
 2 52 12  1 1 0.006130 10.0
 2 53 3  1 1 0.009010 10.0
 2 53 4  1 1 0.032640 10.0
 2 53 5  1 1 0.044880 10.0
 2 53 6  1 1 0.057910 10.0
 2 53 7  1 1 0.071580 10.0
 2 53 8  1 1 0.081200 10.0
 2 53 9  1 1 0.090260 10.0
 2 53 10  1 1 0.082800 10.0
 2 54 3  1 1 0.001230 10.0
 2 54 6  1 1 0.005590 10.0
 2 54 7  1 1 0.040130 10.0
 2 54 8  1 1 0.070210 10.0
 2 54 9  1 1 0.085410 10.0
 2 54 10  1 1 0.071170 10.0
 2 55 8  1 1 0.019970 10.0
 2 55 9  1 1 0.024560 10.0
 2 59 21  1 1 0.001030 10.0
 2 59 22  1 1 0.023810 10.0
 2 60 4  1 1 0.000120 10.0
 2 61 4  1 1 0.006750 10.0
 2 87 17  1 1 0.029630 10.0
 2 87 18  1 1 0.063910 10.0
 2 87 19  1 1 0.085410 10.0
 2 87 20  1 1 0.098560 10.0
 2 87 21  1 1 0.107810 10.0
 2 87 22  1 1 0.115520 10.0
 2 87 23  1 1 0.120370 10.0
 2 87 24  1 1 0.121220 10.0
 2 87 25  1 1 0.122420 10.0
 2 87 26  1 1 0.119050 10.0
 2 87 27  1 1 0.096320 10.0
 2 87 28  1 1 0.058540 10.0
 2 88 16  1 1 0.030960 10.0
 2 88 17  1 1 0.050630 10.0
 2 88 18  1 1 0.067320 10.0
 2 88 19  1 1 0.082850 10.0
 2 88 20  1 1 0.097290 10.0
 2 88 21  1 1 0.110650 10.0
 2 88 22  1 1 0.122240 10.0
 2 88 23  1 1 0.132660 10.0
 2 88 24  1 1 0.142230 10.0
 2 88 25  1 1 0.150730 10.0
 2 88 26  1 1 0.157670 10.0
 2 88 27  1 1 0.162850 10.0
 2 88 28  1 1 0.163820 10.0
 2 88 29  1 1 0.147150 10.0
 2 88 30  1 1 0.024310 10.0
 2 89 17  1 1 0.037250 10.0
 2 89 18  1 1 0.061650 10.0
 2 89 19  1 1 0.081050 10.0
 2 89 20  1 1 0.096720 10.0
 2 89 21  1 1 0.109200 10.0
 2 89 22  1 1 0.119040 10.0
 2 89 23  1 1 0.128190 10.0
 2 89 24  1 1 0.137680 10.0
 2 89 25  1 1 0.146850 10.0
 2 89 26  1 1 0.155550 10.0
 2 89 27  1 1 0.162650 10.0
 2 89 28  1 1 0.162240 10.0
 2 89 29  1 1 0.145980 10.0
 2 89 30  1 1 0.104480 10.0
 2 90 17  1 1 0.031280 10.0
 2 90 18  1 1 0.059800 10.0
 2 90 19  1 1 0.078780 10.0
 2 90 20  1 1 0.092280 10.0
 2 90 21  1 1 0.102770 10.0
 2 90 22  1 1 0.110650 10.0
 2 90 23  1 1 0.118850 10.0
 2 90 24  1 1 0.128050 10.0
 2 90 25  1 1 0.138180 10.0
 2 90 26  1 1 0.147340 10.0
 2 90 27  1 1 0.150150 10.0
 2 90 28  1 1 0.141630 10.0
 2 90 29  1 1 0.102640 10.0
 2 91 17  1 1 0.049150 10.0
 2 91 18  1 1 0.068910 10.0
 2 91 19  1 1 0.077790 10.0
 2 91 20  1 1 0.081750 10.0
 2 91 21  1 1 0.086880 10.0
 2 91 22  1 1 0.093090 10.0
 2 91 23  1 1 0.100020 10.0
 2 91 24  1 1 0.108040 10.0
 2 91 25  1 1 0.121480 10.0
 2 91 26  1 1 0.132010 10.0
 2 91 27  1 1 0.120620 10.0
 2 91 28  1 1 0.080310 10.0
 2 91 29  1 1 0.044610 10.0
 2 92 16  1 1 0.020670 10.0
 2 92 17  1 1 0.053420 10.0
 2 92 18  1 1 0.061940 10.0
 2 92 19  1 1 0.062520 10.0
 2 92 20  1 1 0.064790 10.0
 2 92 21  1 1 0.068450 10.0
 2 92 22  1 1 0.065610 10.0
 2 92 23  1 1 0.058950 10.0
 2 92 24  1 1 0.055450 10.0
 2 92 25  1 1 0.057510 10.0
 2 92 26  1 1 0.062260 10.0
 2 92 27  1 1 0.064660 10.0
 2 92 28  1 1 0.069320 10.0
 2 92 29  1 1 0.069700 10.0
 2 92 30  1 1 0.030070 10.0
 2 93 19  1 1 0.003040 10.0
 2 93 20  1 1 0.022480 10.0
 2 93 21  1 1 0.023810 10.0
 2 93 22  1 1 0.012880 10.0
 2 93 23  1 1 0.004570 10.0
 2 93 24  1 1 0.009260 10.0
 2 93 25  1 1 0.017070 10.0
 2 93 26  1 1 0.028920 10.0
 2 93 27  1 1 0.041580 10.0
 2 93 28  1 1 0.021710 10.0
 2 97 11  1 1 0.022840 10.0
 2 97 12  1 1 0.036510 10.0
 2 97 13  1 1 0.042940 10.0
 2 97 14  1 1 0.053580 10.0
 2 97 15  1 1 0.055610 10.0
 2 97 16  1 1 0.036000 10.0
 2 98 10  1 1 0.042910 10.0
 2 98 11  1 1 0.061550 10.0
 2 98 12  1 1 0.074000 10.0
 2 98 13  1 1 0.084200 10.0
 2 98 14  1 1 0.092880 10.0
 2 98 15  1 1 0.098500 10.0
 2 98 16  1 1 0.097110 10.0
 2 98 17  1 1 0.076450 10.0
 2 99 9  1 1 0.020070 10.0
 2 99 10  1 1 0.032780 10.0
 2 99 11  1 1 0.042340 10.0
 2 99 12  1 1 0.053190 10.0
 2 99 13  1 1 0.065670 10.0
 2 99 14  1 1 0.078830 10.0
 2 99 15  1 1 0.092310 10.0
 2 99 16  1 1 0.097680 10.0
 2 99 17  1 1 0.085720 10.0
 2 99 18  1 1 0.014730 10.0
 2 100 11  1 1 0.018620 10.0
 2 100 12  1 1 0.035180 10.0
 2 100 13  1 1 0.050310 10.0
 2 100 14  1 1 0.066420 10.0
 2 100 15  1 1 0.083800 10.0
 2 100 16  1 1 0.093710 10.0
 2 100 17  1 1 0.091070 10.0
 2 100 18  1 1 0.046320 10.0
 3 1 10  1 1 0.043060 10.0
 3 1 11  1 1 0.061170 10.0
 3 1 12  1 1 0.073080 10.0
 3 1 13  1 1 0.082130 10.0
 3 1 14  1 1 0.088690 10.0
 3 1 15  1 1 0.087540 10.0
 3 1 16  1 1 0.067680 10.0
 3 2 9  1 1 0.034070 10.0
 3 2 10  1 1 0.046500 10.0
 3 2 11  1 1 0.050870 10.0
 3 2 12  1 1 0.054170 10.0
 3 2 13  1 1 0.062280 10.0
 3 2 14  1 1 0.073820 10.0
 3 2 15  1 1 0.087070 10.0
 3 2 16  1 1 0.094230 10.0
 3 2 17  1 1 0.088800 10.0
 3 2 18  1 1 0.068760 10.0
 3 3 7  1 1 0.003370 10.0
 3 3 8  1 1 0.008720 10.0
 3 3 12  1 1 0.012880 10.0
 3 3 13  1 1 0.038130 10.0
 3 3 14  1 1 0.057350 10.0
 3 3 15  1 1 0.076020 10.0
 3 3 16  1 1 0.090470 10.0
 3 3 17  1 1 0.092360 10.0
 3 3 18  1 1 0.066460 10.0
 3 4 13  1 1 0.032230 10.0
 3 4 14  1 1 0.050760 10.0
 3 4 15  1 1 0.073170 10.0
 3 4 16  1 1 0.090830 10.0
 3 4 17  1 1 0.092530 10.0
 3 4 18  1 1 0.064180 10.0
 3 5 15  1 1 0.008970 10.0
 3 5 16  1 1 0.070060 10.0
 3 5 17  1 1 0.046100 10.0
 3 38 23  1 1 0.011310 10.0
 3 39 23  1 1 0.041590 10.0
 3 39 24  1 1 0.046070 10.0
 3 46 8  1 1 0.026860 10.0
 3 46 9  1 1 0.017300 10.0
 3 47 6  1 1 0.017260 10.0
 3 47 7  1 1 0.052240 10.0
 3 47 8  1 1 0.068550 10.0
 3 47 9  1 1 0.076280 10.0
 3 47 10  1 1 0.073960 10.0
 3 47 11  1 1 0.058060 10.0
 3 48 6  1 1 0.018970 10.0
 3 48 7  1 1 0.040000 10.0
 3 48 8  1 1 0.052390 10.0
 3 48 9  1 1 0.063370 10.0
 3 48 10  1 1 0.075650 10.0
 3 48 11  1 1 0.077950 10.0
 3 48 12  1 1 0.053010 10.0
 3 49 4  1 1 0.011270 10.0
 3 49 5  1 1 0.031280 10.0
 3 49 6  1 1 0.039920 10.0
 3 49 7  1 1 0.045780 10.0
 3 49 8  1 1 0.049650 10.0
 3 49 9  1 1 0.051730 10.0
 3 49 10  1 1 0.054870 10.0
 3 49 11  1 1 0.056190 10.0
 3 50 3  1 1 0.020380 10.0
 3 50 4  1 1 0.029440 10.0
 3 50 5  1 1 0.031510 10.0
 3 50 6  1 1 0.031130 10.0
 3 50 7  1 1 0.028830 10.0
 3 50 8  1 1 0.026940 10.0
 3 50 9  1 1 0.026660 10.0
 3 50 10  1 1 0.025710 10.0
 3 50 11  1 1 0.018460 10.0
 3 53 5  1 1 0.015760 10.0
 3 53 6  1 1 0.023410 10.0
 3 61 3  1 1 0.009010 10.0
 3 86 24  1 1 0.023530 10.0
 3 86 25  1 1 0.039000 10.0
 3 86 26  1 1 0.024850 10.0
 3 87 18  1 1 0.024270 10.0
 3 87 19  1 1 0.056790 10.0
 3 87 20  1 1 0.075600 10.0
 3 87 21  1 1 0.087960 10.0
 3 87 22  1 1 0.098540 10.0
 3 87 23  1 1 0.110820 10.0
 3 87 24  1 1 0.123740 10.0
 3 87 25  1 1 0.136150 10.0
 3 87 26  1 1 0.144520 10.0
 3 87 27  1 1 0.143050 10.0
 3 87 28  1 1 0.125670 10.0
 3 87 29  1 1 0.088610 10.0
 3 88 15  1 1 0.016870 10.0
 3 88 16  1 1 0.034660 10.0
 3 88 17  1 1 0.050900 10.0
 3 88 18  1 1 0.068110 10.0
 3 88 19  1 1 0.087240 10.0
 3 88 20  1 1 0.104270 10.0
 3 88 21  1 1 0.116930 10.0
 3 88 22  1 1 0.125370 10.0
 3 88 23  1 1 0.130870 10.0
 3 88 24  1 1 0.134770 10.0
 3 88 25  1 1 0.139480 10.0
 3 88 26  1 1 0.145880 10.0
 3 88 27  1 1 0.154430 10.0
 3 88 28  1 1 0.162580 10.0
 3 88 29  1 1 0.164580 10.0
 3 88 30  1 1 0.151140 10.0
 3 88 31  1 1 0.093380 10.0
 3 89 15  1 1 0.019340 10.0
 3 89 16  1 1 0.047590 10.0
 3 89 17  1 1 0.065850 10.0
 3 89 18  1 1 0.079780 10.0
 3 89 19  1 1 0.092560 10.0
 3 89 20  1 1 0.104830 10.0
 3 89 21  1 1 0.116100 10.0
 3 89 22  1 1 0.125830 10.0
 3 89 23  1 1 0.134810 10.0
 3 89 24  1 1 0.143590 10.0
 3 89 25  1 1 0.152340 10.0
 3 89 26  1 1 0.160250 10.0
 3 89 27  1 1 0.167030 10.0
 3 89 28  1 1 0.171300 10.0
 3 89 29  1 1 0.169890 10.0
 3 89 30  1 1 0.161380 10.0
 3 89 31  1 1 0.141760 10.0
 3 89 32  1 1 0.093960 10.0
 3 90 15  1 1 0.014690 10.0
 3 90 16  1 1 0.059160 10.0
 3 90 17  1 1 0.081000 10.0
 3 90 18  1 1 0.093480 10.0
 3 90 19  1 1 0.102610 10.0
 3 90 20  1 1 0.109280 10.0
 3 90 21  1 1 0.114170 10.0
 3 90 22  1 1 0.119610 10.0
 3 90 23  1 1 0.126460 10.0
 3 90 24  1 1 0.135180 10.0
 3 90 25  1 1 0.144570 10.0
 3 90 26  1 1 0.154260 10.0
 3 90 27  1 1 0.162300 10.0
 3 90 28  1 1 0.165160 10.0
 3 90 29  1 1 0.158950 10.0
 3 90 30  1 1 0.150040 10.0
 3 90 31  1 1 0.139990 10.0
 3 90 32  1 1 0.104600 10.0
 3 91 15  1 1 0.022110 10.0
 3 91 16  1 1 0.072660 10.0
 3 91 17  1 1 0.091810 10.0
 3 91 18  1 1 0.099570 10.0
 3 91 19  1 1 0.102190 10.0
 3 91 20  1 1 0.101070 10.0
 3 91 21  1 1 0.100620 10.0
 3 91 22  1 1 0.105630 10.0
 3 91 23  1 1 0.114440 10.0
 3 91 24  1 1 0.124300 10.0
 3 91 25  1 1 0.135790 10.0
 3 91 26  1 1 0.148740 10.0
 3 91 27  1 1 0.156080 10.0
 3 91 28  1 1 0.153990 10.0
 3 91 29  1 1 0.153530 10.0
 3 91 30  1 1 0.158180 10.0
 3 91 31  1 1 0.156970 10.0
 3 91 32  1 1 0.130030 10.0
 3 92 15  1 1 0.013990 10.0
 3 92 16  1 1 0.081120 10.0
 3 92 17  1 1 0.098640 10.0
 3 92 18  1 1 0.100960 10.0
 3 92 19  1 1 0.092130 10.0
 3 92 20  1 1 0.080360 10.0
 3 92 21  1 1 0.079300 10.0
 3 92 22  1 1 0.091200 10.0
 3 92 23  1 1 0.106870 10.0
 3 92 24  1 1 0.117760 10.0
 3 92 25  1 1 0.128110 10.0
 3 92 26  1 1 0.136230 10.0
 3 92 27  1 1 0.143910 10.0
 3 92 28  1 1 0.155870 10.0
 3 92 29  1 1 0.167090 10.0
 3 92 30  1 1 0.169890 10.0
 3 92 31  1 1 0.141510 10.0
 3 93 16  1 1 0.056940 10.0
 3 93 17  1 1 0.074130 10.0
 3 93 18  1 1 0.066860 10.0
 3 93 19  1 1 0.049630 10.0
 3 93 20  1 1 0.045060 10.0
 3 93 21  1 1 0.051300 10.0
 3 93 22  1 1 0.070520 10.0
 3 93 23  1 1 0.093970 10.0
 3 93 24  1 1 0.109690 10.0
 3 93 25  1 1 0.128930 10.0
 3 93 26  1 1 0.152740 10.0
 3 93 27  1 1 0.173010 10.0
 3 93 28  1 1 0.181820 10.0
 3 93 29  1 1 0.167500 10.0
 3 93 30  1 1 0.086470 10.0
 3 94 23  1 1 0.039270 10.0
 3 94 24  1 1 0.058950 10.0
 3 94 25  1 1 0.074340 10.0
 3 94 26  1 1 0.082630 10.0
 3 94 27  1 1 0.083250 10.0
 3 94 28  1 1 0.057050 10.0
 3 96 12  1 1 0.011400 10.0
 3 96 13  1 1 0.028530 10.0
 3 96 14  1 1 0.026390 10.0
 3 97 10  1 1 0.043060 10.0
 3 97 11  1 1 0.061170 10.0
 3 97 12  1 1 0.073080 10.0
 3 97 13  1 1 0.082130 10.0
 3 97 14  1 1 0.088690 10.0
 3 97 15  1 1 0.087540 10.0
 3 97 16  1 1 0.067680 10.0
 3 98 9  1 1 0.034070 10.0
 3 98 10  1 1 0.046500 10.0
 3 98 11  1 1 0.050870 10.0
 3 98 12  1 1 0.054170 10.0
 3 98 13  1 1 0.062280 10.0
 3 98 14  1 1 0.073820 10.0
 3 98 15  1 1 0.087070 10.0
 3 98 16  1 1 0.094230 10.0
 3 98 17  1 1 0.088800 10.0
 3 98 18  1 1 0.068760 10.0
 3 99 7  1 1 0.003370 10.0
 3 99 8  1 1 0.008720 10.0
 3 99 12  1 1 0.012880 10.0
 3 99 13  1 1 0.038130 10.0
 3 99 14  1 1 0.057350 10.0
 3 99 15  1 1 0.076020 10.0
 3 99 16  1 1 0.090470 10.0
 3 99 17  1 1 0.092360 10.0
 3 99 18  1 1 0.066460 10.0
 3 100 13  1 1 0.032230 10.0
 3 100 14  1 1 0.050760 10.0
 3 100 15  1 1 0.073170 10.0
 3 100 16  1 1 0.090830 10.0
 3 100 17  1 1 0.092530 10.0
 3 100 18  1 1 0.064180 10.0
 4 1 9  1 1 0.032420 10.0
 4 1 10  1 1 0.047640 10.0
 4 1 11  1 1 0.056790 10.0
 4 1 12  1 1 0.062640 10.0
 4 1 13  1 1 0.066620 10.0
 4 1 14  1 1 0.071030 10.0
 4 1 15  1 1 0.077070 10.0
 4 1 16  1 1 0.080180 10.0
 4 1 17  1 1 0.062500 10.0
 4 1 18  1 1 0.034760 10.0
 4 1 19  1 1 0.026900 10.0
 4 1 20  1 1 0.038920 10.0
 4 1 21  1 1 0.032430 10.0
 4 2 7  1 1 0.020270 10.0
 4 2 8  1 1 0.033580 10.0
 4 2 9  1 1 0.036720 10.0
 4 2 10  1 1 0.030150 10.0
 4 2 11  1 1 0.017180 10.0
 4 2 12  1 1 0.012220 10.0
 4 2 13  1 1 0.025540 10.0
 4 2 14  1 1 0.043720 10.0
 4 2 15  1 1 0.064620 10.0
 4 2 16  1 1 0.083660 10.0
 4 2 17  1 1 0.094280 10.0
 4 2 18  1 1 0.097160 10.0
 4 2 19  1 1 0.082310 10.0
 4 2 20  1 1 0.050380 10.0
 4 2 21  1 1 0.027170 10.0
 4 3 13  1 1 0.026000 10.0
 4 3 14  1 1 0.054270 10.0
 4 3 15  1 1 0.072020 10.0
 4 3 16  1 1 0.085580 10.0
 4 3 17  1 1 0.094950 10.0
 4 3 18  1 1 0.093590 10.0
 4 3 19  1 1 0.065350 10.0
 4 4 14  1 1 0.024820 10.0
 4 4 15  1 1 0.047800 10.0
 4 4 16  1 1 0.074340 10.0
 4 4 17  1 1 0.091240 10.0
 4 4 18  1 1 0.087950 10.0
 4 6 26  1 1 0.052080 10.0
 4 6 27  1 1 0.081720 10.0
 4 6 28  1 1 0.049890 10.0
 4 7 25  1 1 0.108450 10.0
 4 7 26  1 1 0.138600 10.0
 4 7 27  1 1 0.122160 10.0
 4 8 26  1 1 0.019630 10.0
 4 37 22  1 1 0.075580 10.0
 4 37 23  1 1 0.108670 10.0
 4 37 24  1 1 0.118980 10.0
 4 37 25  1 1 0.113410 10.0
 4 37 26  1 1 0.080670 10.0
 4 38 20  1 1 0.023840 10.0
 4 38 21  1 1 0.077430 10.0
 4 38 22  1 1 0.096490 10.0
 4 38 23  1 1 0.110840 10.0
 4 38 24  1 1 0.124360 10.0
 4 38 25  1 1 0.130540 10.0
 4 38 26  1 1 0.115560 10.0
 4 38 27  1 1 0.035360 10.0
 4 39 19  1 1 0.027660 10.0
 4 39 20  1 1 0.084100 10.0
 4 39 21  1 1 0.099380 10.0
 4 39 22  1 1 0.099070 10.0
 4 39 23  1 1 0.097400 10.0
 4 39 24  1 1 0.103210 10.0
 4 39 25  1 1 0.116930 10.0
 4 39 26  1 1 0.125200 10.0
 4 39 27  1 1 0.049500 10.0
 4 40 17  1 1 0.030310 10.0
 4 40 18  1 1 0.067800 10.0
 4 40 19  1 1 0.093050 10.0
 4 40 20  1 1 0.100240 10.0
 4 40 21  1 1 0.091300 10.0
 4 40 22  1 1 0.065370 10.0
 4 40 23  1 1 0.052340 10.0
 4 40 24  1 1 0.052510 10.0
 4 40 25  1 1 0.029530 10.0
 4 41 16  1 1 0.043640 10.0
 4 41 17  1 1 0.059050 10.0
 4 41 18  1 1 0.059360 10.0
 4 41 19  1 1 0.052520 10.0
 4 41 20  1 1 0.041450 10.0
 4 41 21  1 1 0.016090 10.0
 4 46 7  1 1 0.026800 10.0
 4 46 8  1 1 0.038420 10.0
 4 47 6  1 1 0.018220 10.0
 4 47 7  1 1 0.062340 10.0
 4 47 8  1 1 0.070820 10.0
 4 47 9  1 1 0.072650 10.0
 4 47 10  1 1 0.058810 10.0
 4 47 11  1 1 0.027630 10.0
 4 48 6  1 1 0.029040 10.0
 4 48 7  1 1 0.047640 10.0
 4 48 8  1 1 0.061330 10.0
 4 48 9  1 1 0.072870 10.0
 4 48 10  1 1 0.081220 10.0
 4 48 11  1 1 0.076520 10.0
 4 49 5  1 1 0.026040 10.0
 4 49 6  1 1 0.038670 10.0
 4 49 7  1 1 0.048230 10.0
 4 49 8  1 1 0.054970 10.0
 4 49 9  1 1 0.059940 10.0
 4 49 10  1 1 0.061410 10.0
 4 49 11  1 1 0.044130 10.0
 4 50 3  1 1 0.022850 10.0
 4 50 4  1 1 0.036920 10.0
 4 50 5  1 1 0.037280 10.0
 4 50 6  1 1 0.037850 10.0
 4 50 7  1 1 0.038120 10.0
 4 50 8  1 1 0.038860 10.0
 4 50 9  1 1 0.044280 10.0
 4 50 10  1 1 0.048990 10.0
 4 50 11  1 1 0.041590 10.0
 4 50 12  1 1 0.035130 10.0
 4 50 13  1 1 0.030810 10.0
 4 50 14  1 1 0.015670 10.0
 4 51 3  1 1 0.012590 10.0
 4 51 4  1 1 0.002390 10.0
 4 51 11  1 1 0.004480 10.0
 4 51 12  1 1 0.022890 10.0
 4 51 13  1 1 0.042350 10.0
 4 51 14  1 1 0.043100 10.0
 4 51 15  1 1 0.015840 10.0
 4 60 19  1 1 0.003130 10.0
 4 60 20  1 1 0.014480 10.0
 4 87 19  1 1 0.021180 10.0
 4 87 20  1 1 0.034660 10.0
 4 87 21  1 1 0.030190 10.0
 4 87 22  1 1 0.018560 10.0
 4 87 23  1 1 0.024930 10.0
 4 87 24  1 1 0.047090 10.0
 4 87 25  1 1 0.077410 10.0
 4 87 26  1 1 0.106720 10.0
 4 87 27  1 1 0.122270 10.0
 4 87 28  1 1 0.121650 10.0
 4 87 29  1 1 0.103660 10.0
 4 87 30  1 1 0.068930 10.0
 4 88 16  1 1 0.011810 10.0
 4 88 17  1 1 0.043860 10.0
 4 88 18  1 1 0.070750 10.0
 4 88 19  1 1 0.096030 10.0
 4 88 20  1 1 0.112460 10.0
 4 88 21  1 1 0.120620 10.0
 4 88 22  1 1 0.120570 10.0
 4 88 23  1 1 0.113090 10.0
 4 88 24  1 1 0.103210 10.0
 4 88 25  1 1 0.099440 10.0
 4 88 26  1 1 0.105860 10.0
 4 88 27  1 1 0.123120 10.0
 4 88 28  1 1 0.141400 10.0
 4 88 29  1 1 0.156200 10.0
 4 88 30  1 1 0.164640 10.0
 4 88 31  1 1 0.159840 10.0
 4 88 32  1 1 0.142930 10.0
 4 88 33  1 1 0.047310 10.0
 4 89 3  1 1 0.018530 10.0
 4 89 14  1 1 0.002060 10.0
 4 89 15  1 1 0.035550 10.0
 4 89 16  1 1 0.052620 10.0
 4 89 17  1 1 0.067700 10.0
 4 89 18  1 1 0.082490 10.0
 4 89 19  1 1 0.095520 10.0
 4 89 20  1 1 0.104630 10.0
 4 89 21  1 1 0.110680 10.0
 4 89 22  1 1 0.116860 10.0
 4 89 23  1 1 0.125850 10.0
 4 89 24  1 1 0.135210 10.0
 4 89 25  1 1 0.141180 10.0
 4 89 26  1 1 0.142700 10.0
 4 89 27  1 1 0.146340 10.0
 4 89 28  1 1 0.155120 10.0
 4 89 29  1 1 0.164320 10.0
 4 89 30  1 1 0.170470 10.0
 4 89 31  1 1 0.170600 10.0
 4 89 32  1 1 0.163280 10.0
 4 89 33  1 1 0.151130 10.0
 4 89 34  1 1 0.090080 10.0
 4 90 3  1 1 0.016510 10.0
 4 90 15  1 1 0.043220 10.0
 4 90 16  1 1 0.060080 10.0
 4 90 17  1 1 0.072310 10.0
 4 90 18  1 1 0.083010 10.0
 4 90 19  1 1 0.091750 10.0
 4 90 20  1 1 0.097690 10.0
 4 90 21  1 1 0.102460 10.0
 4 90 22  1 1 0.107230 10.0
 4 90 23  1 1 0.115420 10.0
 4 90 24  1 1 0.125880 10.0
 4 90 25  1 1 0.134430 10.0
 4 90 26  1 1 0.141790 10.0
 4 90 27  1 1 0.150360 10.0
 4 90 28  1 1 0.162100 10.0
 4 90 29  1 1 0.171420 10.0
 4 90 30  1 1 0.176740 10.0
 4 90 31  1 1 0.176860 10.0
 4 90 32  1 1 0.172060 10.0
 4 90 33  1 1 0.159940 10.0
 4 90 34  1 1 0.101350 10.0
 4 91 15  1 1 0.046100 10.0
 4 91 16  1 1 0.060340 10.0
 4 91 17  1 1 0.068990 10.0
 4 91 18  1 1 0.077940 10.0
 4 91 19  1 1 0.088040 10.0
 4 91 20  1 1 0.098140 10.0
 4 91 21  1 1 0.102310 10.0
 4 91 22  1 1 0.103120 10.0
 4 91 23  1 1 0.115730 10.0
 4 91 24  1 1 0.134130 10.0
 4 91 25  1 1 0.144970 10.0
 4 91 26  1 1 0.150820 10.0
 4 91 27  1 1 0.155650 10.0
 4 91 28  1 1 0.159760 10.0
 4 91 29  1 1 0.166290 10.0
 4 91 30  1 1 0.172400 10.0
 4 91 31  1 1 0.169540 10.0
 4 91 32  1 1 0.157610 10.0
 4 91 33  1 1 0.158150 10.0
 4 92 14  1 1 0.004200 10.0
 4 92 15  1 1 0.063660 10.0
 4 92 16  1 1 0.082820 10.0
 4 92 17  1 1 0.092480 10.0
 4 92 18  1 1 0.101190 10.0
 4 92 19  1 1 0.107220 10.0
 4 92 20  1 1 0.106370 10.0
 4 92 21  1 1 0.090330 10.0
 4 92 22  1 1 0.075840 10.0
 4 92 23  1 1 0.101610 10.0
 4 92 24  1 1 0.133930 10.0
 4 92 25  1 1 0.148560 10.0
 4 92 26  1 1 0.153400 10.0
 4 92 27  1 1 0.155340 10.0
 4 92 28  1 1 0.158310 10.0
 4 92 29  1 1 0.160030 10.0
 4 92 30  1 1 0.157240 10.0
 4 92 31  1 1 0.143450 10.0
 4 92 32  1 1 0.106240 10.0
 4 93 14  1 1 0.020110 10.0
 4 93 15  1 1 0.067980 10.0
 4 93 16  1 1 0.091940 10.0
 4 93 17  1 1 0.105290 10.0
 4 93 18  1 1 0.111880 10.0
 4 93 19  1 1 0.108800 10.0
 4 93 20  1 1 0.091030 10.0
 4 93 21  1 1 0.041500 10.0
 4 93 23  1 1 0.083650 10.0
 4 93 24  1 1 0.119860 10.0
 4 93 25  1 1 0.134390 10.0
 4 93 26  1 1 0.139530 10.0
 4 93 27  1 1 0.142770 10.0
 4 93 28  1 1 0.148020 10.0
 4 93 29  1 1 0.155430 10.0
 4 93 30  1 1 0.157680 10.0
 4 94 13  1 1 0.001360 10.0
 4 94 14  1 1 0.053860 10.0
 4 94 15  1 1 0.076570 10.0
 4 94 16  1 1 0.088700 10.0
 4 94 17  1 1 0.095440 10.0
 4 94 18  1 1 0.093390 10.0
 4 94 19  1 1 0.074170 10.0
 4 94 20  1 1 0.011970 10.0
 4 94 24  1 1 0.068540 10.0
 4 94 25  1 1 0.091190 10.0
 4 94 26  1 1 0.113890 10.0
 4 94 27  1 1 0.121190 10.0
 4 94 28  1 1 0.103520 10.0
 4 94 29  1 1 0.052950 10.0
 4 95 12  1 1 0.013450 10.0
 4 95 13  1 1 0.045020 10.0
 4 95 14  1 1 0.063190 10.0
 4 95 15  1 1 0.070870 10.0
 4 95 16  1 1 0.069400 10.0
 4 95 17  1 1 0.068580 10.0
 4 95 18  1 1 0.055470 10.0
 4 96 10  1 1 0.015300 10.0
 4 96 11  1 1 0.042660 10.0
 4 96 12  1 1 0.060020 10.0
 4 96 13  1 1 0.072420 10.0
 4 96 14  1 1 0.080110 10.0
 4 96 15  1 1 0.078950 10.0
 4 96 16  1 1 0.065770 10.0
 4 96 17  1 1 0.051220 10.0
 4 96 18  1 1 0.050470 10.0
 4 96 19  1 1 0.045780 10.0
 4 96 20  1 1 0.034110 10.0
 4 97 9  1 1 0.032420 10.0
 4 97 10  1 1 0.047640 10.0
 4 97 11  1 1 0.056790 10.0
 4 97 12  1 1 0.062640 10.0
 4 97 13  1 1 0.066620 10.0
 4 97 14  1 1 0.071030 10.0
 4 97 15  1 1 0.077070 10.0
 4 97 16  1 1 0.080180 10.0
 4 97 17  1 1 0.062500 10.0
 4 97 18  1 1 0.034760 10.0
 4 97 19  1 1 0.026900 10.0
 4 97 20  1 1 0.038920 10.0
 4 97 21  1 1 0.032430 10.0
 4 98 7  1 1 0.020270 10.0
 4 98 8  1 1 0.033580 10.0
 4 98 9  1 1 0.036720 10.0
 4 98 10  1 1 0.030150 10.0
 4 98 11  1 1 0.017180 10.0
 4 98 12  1 1 0.012220 10.0
 4 98 13  1 1 0.025540 10.0
 4 98 14  1 1 0.043720 10.0
 4 98 15  1 1 0.064620 10.0
 4 98 16  1 1 0.083660 10.0
 4 98 17  1 1 0.094280 10.0
 4 98 18  1 1 0.097160 10.0
 4 98 19  1 1 0.082310 10.0
 4 98 20  1 1 0.050380 10.0
 4 98 21  1 1 0.027170 10.0
 4 99 13  1 1 0.026000 10.0
 4 99 14  1 1 0.054270 10.0
 4 99 15  1 1 0.072020 10.0
 4 99 16  1 1 0.085580 10.0
 4 99 17  1 1 0.094950 10.0
 4 99 18  1 1 0.093590 10.0
 4 99 19  1 1 0.065350 10.0
 4 100 14  1 1 0.024820 10.0
 4 100 15  1 1 0.047800 10.0
 4 100 16  1 1 0.074340 10.0
 4 100 17  1 1 0.091240 10.0
 4 100 18  1 1 0.087950 10.0
 5 1 3  1 1 0.006580 10.0
 5 1 4  1 1 0.024070 10.0
 5 1 5  1 1 0.026040 10.0
 5 1 6  1 1 0.025600 10.0
 5 1 7  1 1 0.024820 10.0
 5 1 13  1 1 0.032510 10.0
 5 1 14  1 1 0.051630 10.0
 5 1 15  1 1 0.067460 10.0
 5 1 16  1 1 0.081050 10.0
 5 1 17  1 1 0.089720 10.0
 5 1 18  1 1 0.093450 10.0
 5 1 19  1 1 0.096290 10.0
 5 1 20  1 1 0.102450 10.0
 5 1 21  1 1 0.105750 10.0
 5 1 22  1 1 0.107010 10.0
 5 1 23  1 1 0.110690 10.0
 5 1 24  1 1 0.093560 10.0
 5 2 3  1 1 0.019350 10.0
 5 2 4  1 1 0.026770 10.0
 5 2 5  1 1 0.028260 10.0
 5 2 6  1 1 0.026110 10.0
 5 2 7  1 1 0.012100 10.0
 5 2 13  1 1 0.028620 10.0
 5 2 14  1 1 0.052210 10.0
 5 2 15  1 1 0.067020 10.0
 5 2 16  1 1 0.078440 10.0
 5 2 17  1 1 0.090280 10.0
 5 2 18  1 1 0.102170 10.0
 5 2 19  1 1 0.109990 10.0
 5 2 20  1 1 0.110960 10.0
 5 2 21  1 1 0.109150 10.0
 5 2 22  1 1 0.107430 10.0
 5 2 23  1 1 0.107500 10.0
 5 2 24  1 1 0.107390 10.0
 5 2 25  1 1 0.098010 10.0
 5 2 26  1 1 0.098440 10.0
 5 2 27  1 1 0.019750 10.0
 5 3 13  1 1 0.025080 10.0
 5 3 14  1 1 0.040700 10.0
 5 3 15  1 1 0.048820 10.0
 5 3 16  1 1 0.056310 10.0
 5 3 17  1 1 0.069570 10.0
 5 3 18  1 1 0.087240 10.0
 5 3 19  1 1 0.096760 10.0
 5 3 20  1 1 0.093620 10.0
 5 3 21  1 1 0.089230 10.0
 5 3 22  1 1 0.091410 10.0
 5 3 23  1 1 0.097850 10.0
 5 3 24  1 1 0.106430 10.0
 5 3 25  1 1 0.115260 10.0
 5 3 26  1 1 0.129660 10.0
 5 3 27  1 1 0.128870 10.0
 5 3 28  1 1 0.129380 10.0
 5 4 16  1 1 0.002140 10.0
 5 4 17  1 1 0.040030 10.0
 5 4 18  1 1 0.079730 10.0
 5 4 19  1 1 0.077880 10.0
 5 4 20  1 1 0.029010 10.0
 5 4 23  1 1 0.050740 10.0
 5 4 24  1 1 0.080710 10.0
 5 4 25  1 1 0.100250 10.0
 5 4 26  1 1 0.124090 10.0
 5 4 27  1 1 0.139360 10.0
 5 4 28  1 1 0.148740 10.0
 5 5 24  1 1 0.072350 10.0
 5 5 25  1 1 0.095580 10.0
 5 5 26  1 1 0.115750 10.0
 5 5 27  1 1 0.133560 10.0
 5 5 28  1 1 0.126580 10.0
 5 5 29  1 1 0.013780 10.0
 5 6 23  1 1 0.014520 10.0
 5 6 24  1 1 0.068180 10.0
 5 6 25  1 1 0.099380 10.0
 5 6 26  1 1 0.120160 10.0
 5 6 27  1 1 0.123440 10.0
 5 6 28  1 1 0.121980 10.0
 5 6 29  1 1 0.129820 10.0
 5 7 23  1 1 0.028350 10.0
 5 7 24  1 1 0.070400 10.0
 5 7 25  1 1 0.125160 10.0
 5 7 26  1 1 0.148500 10.0
 5 7 27  1 1 0.150560 10.0
 5 7 28  1 1 0.144640 10.0
 5 8 25  1 1 0.025850 10.0
 5 8 26  1 1 0.036330 10.0
 5 36 23  1 1 0.048120 10.0
 5 36 24  1 1 0.061920 10.0
 5 36 25  1 1 0.047570 10.0
 5 37 20  1 1 0.032480 10.0
 5 37 21  1 1 0.087020 10.0
 5 37 22  1 1 0.113890 10.0
 5 37 23  1 1 0.131040 10.0
 5 37 24  1 1 0.142450 10.0
 5 37 25  1 1 0.148950 10.0
 5 37 26  1 1 0.149270 10.0
 5 37 27  1 1 0.131950 10.0
 5 38 19  1 1 0.030690 10.0
 5 38 20  1 1 0.080770 10.0
 5 38 21  1 1 0.105640 10.0
 5 38 22  1 1 0.118080 10.0
 5 38 23  1 1 0.123710 10.0
 5 38 24  1 1 0.126860 10.0
 5 38 25  1 1 0.133520 10.0
 5 38 26  1 1 0.137190 10.0
 5 38 27  1 1 0.128190 10.0
 5 38 28  1 1 0.085260 10.0
 5 39 18  1 1 0.047220 10.0
 5 39 19  1 1 0.090440 10.0
 5 39 20  1 1 0.110650 10.0
 5 39 21  1 1 0.118250 10.0
 5 39 22  1 1 0.116600 10.0
 5 39 23  1 1 0.110240 10.0
 5 39 24  1 1 0.105980 10.0
 5 39 25  1 1 0.111490 10.0
 5 39 26  1 1 0.122500 10.0
 5 39 27  1 1 0.117990 10.0
 5 40 15  1 1 0.019120 10.0
 5 40 16  1 1 0.059400 10.0
 5 40 17  1 1 0.089640 10.0
 5 40 18  1 1 0.103640 10.0
 5 40 19  1 1 0.108990 10.0
 5 40 20  1 1 0.104920 10.0
 5 40 21  1 1 0.089680 10.0
 5 40 22  1 1 0.068140 10.0
 5 40 23  1 1 0.053880 10.0
 5 40 24  1 1 0.045410 10.0
 5 40 25  1 1 0.003000 10.0
 5 41 15  1 1 0.042760 10.0
 5 41 16  1 1 0.068310 10.0
 5 41 17  1 1 0.069700 10.0
 5 41 18  1 1 0.058520 10.0
 5 41 19  1 1 0.058080 10.0
 5 41 20  1 1 0.045110 10.0
 5 42 21  1 1 0.019690 10.0
 5 46 7  1 1 0.005350 10.0
 5 46 8  1 1 0.030270 10.0
 5 47 7  1 1 0.052920 10.0
 5 47 8  1 1 0.065500 10.0
 5 47 9  1 1 0.063470 10.0
 5 47 10  1 1 0.050190 10.0
 5 47 11  1 1 0.017520 10.0
 5 48 6  1 1 0.010450 10.0
 5 48 7  1 1 0.045270 10.0
 5 48 8  1 1 0.061530 10.0
 5 48 9  1 1 0.073740 10.0
 5 48 10  1 1 0.079630 10.0
 5 48 11  1 1 0.073520 10.0
 5 48 12  1 1 0.048550 10.0
 5 48 13  1 1 0.044400 10.0
 5 49 6  1 1 0.034260 10.0
 5 49 7  1 1 0.052990 10.0
 5 49 8  1 1 0.065760 10.0
 5 49 9  1 1 0.071770 10.0
 5 49 10  1 1 0.071990 10.0
 5 49 11  1 1 0.061330 10.0
 5 49 12  1 1 0.051130 10.0
 5 49 13  1 1 0.064390 10.0
 5 49 14  1 1 0.069410 10.0
 5 49 15  1 1 0.060140 10.0
 5 50 4  1 1 0.025660 10.0
 5 50 5  1 1 0.042030 10.0
 5 50 6  1 1 0.052120 10.0
 5 50 7  1 1 0.059960 10.0
 5 50 8  1 1 0.065050 10.0
 5 50 9  1 1 0.067220 10.0
 5 50 10  1 1 0.068350 10.0
 5 50 11  1 1 0.066040 10.0
 5 50 12  1 1 0.068820 10.0
 5 50 13  1 1 0.078860 10.0
 5 50 14  1 1 0.084560 10.0
 5 50 15  1 1 0.083550 10.0
 5 50 16  1 1 0.056350 10.0
 5 51 3  1 1 0.006870 10.0
 5 51 4  1 1 0.029760 10.0
 5 51 5  1 1 0.031700 10.0
 5 51 6  1 1 0.027440 10.0
 5 51 7  1 1 0.030610 10.0
 5 51 8  1 1 0.032830 10.0
 5 51 9  1 1 0.031160 10.0
 5 51 10  1 1 0.036450 10.0
 5 51 11  1 1 0.046910 10.0
 5 51 12  1 1 0.058260 10.0
 5 51 13  1 1 0.073690 10.0
 5 51 14  1 1 0.087040 10.0
 5 51 15  1 1 0.091830 10.0
 5 51 16  1 1 0.086420 10.0
 5 51 17  1 1 0.043760 10.0
 5 52 3  1 1 0.014480 10.0
 5 52 4  1 1 0.021550 10.0
 5 52 5  1 1 0.008850 10.0
 5 52 13  1 1 0.029040 10.0
 5 52 14  1 1 0.059380 10.0
 5 52 15  1 1 0.070610 10.0
 5 52 16  1 1 0.079660 10.0
 5 52 17  1 1 0.071690 10.0
 5 53 3  1 1 0.008720 10.0
 5 53 4  1 1 0.020240 10.0
 5 53 5  1 1 0.014770 10.0
 5 53 15  1 1 0.022480 10.0
 5 53 16  1 1 0.016550 10.0
 5 60 19  1 1 0.027270 10.0
 5 60 20  1 1 0.007780 10.0
 5 87 17  1 1 0.027030 10.0
 5 87 18  1 1 0.057670 10.0
 5 87 19  1 1 0.066230 10.0
 5 87 20  1 1 0.053010 10.0
 5 88 16  1 1 0.017520 10.0
 5 88 17  1 1 0.060980 10.0
 5 88 18  1 1 0.086280 10.0
 5 88 19  1 1 0.101740 10.0
 5 88 20  1 1 0.109620 10.0
 5 88 21  1 1 0.108300 10.0
 5 88 22  1 1 0.093480 10.0
 5 88 23  1 1 0.052950 10.0
 5 88 27  1 1 0.045690 10.0
 5 88 28  1 1 0.095290 10.0
 5 88 29  1 1 0.127160 10.0
 5 88 30  1 1 0.153200 10.0
 5 88 31  1 1 0.160180 10.0
 5 88 32  1 1 0.135820 10.0
 5 89 3  1 1 0.019570 10.0
 5 89 4  1 1 0.029010 10.0
 5 89 5  1 1 0.020480 10.0
 5 89 15  1 1 0.023220 10.0
 5 89 16  1 1 0.046320 10.0
 5 89 17  1 1 0.063150 10.0
 5 89 18  1 1 0.075300 10.0
 5 89 19  1 1 0.084200 10.0
 5 89 20  1 1 0.088830 10.0
 5 89 21  1 1 0.092540 10.0
 5 89 22  1 1 0.102450 10.0
 5 89 23  1 1 0.111690 10.0
 5 89 24  1 1 0.104760 10.0
 5 89 25  1 1 0.076860 10.0
 5 89 26  1 1 0.060300 10.0
 5 89 27  1 1 0.075580 10.0
 5 89 28  1 1 0.110090 10.0
 5 89 29  1 1 0.137540 10.0
 5 89 30  1 1 0.157400 10.0
 5 89 31  1 1 0.169010 10.0
 5 89 32  1 1 0.173190 10.0
 5 89 33  1 1 0.166080 10.0
 5 90 3  1 1 0.022790 10.0
 5 90 4  1 1 0.031190 10.0
 5 90 5  1 1 0.018070 10.0
 5 90 15  1 1 0.009340 10.0
 5 90 16  1 1 0.038890 10.0
 5 90 17  1 1 0.057950 10.0
 5 90 18  1 1 0.071520 10.0
 5 90 19  1 1 0.080750 10.0
 5 90 20  1 1 0.089570 10.0
 5 90 21  1 1 0.098180 10.0
 5 90 22  1 1 0.102630 10.0
 5 90 23  1 1 0.110680 10.0
 5 90 24  1 1 0.112640 10.0
 5 90 25  1 1 0.098210 10.0
 5 90 26  1 1 0.088710 10.0
 5 90 27  1 1 0.096350 10.0
 5 90 28  1 1 0.122550 10.0
 5 90 29  1 1 0.146710 10.0
 5 90 30  1 1 0.161070 10.0
 5 90 31  1 1 0.166910 10.0
 5 90 32  1 1 0.165600 10.0
 5 90 33  1 1 0.149520 10.0
 5 91 3  1 1 0.019260 10.0
 5 91 4  1 1 0.004940 10.0
 5 91 16  1 1 0.035130 10.0
 5 91 17  1 1 0.058560 10.0
 5 91 18  1 1 0.073640 10.0
 5 91 19  1 1 0.083920 10.0
 5 91 20  1 1 0.095590 10.0
 5 91 21  1 1 0.101920 10.0
 5 91 22  1 1 0.101210 10.0
 5 91 23  1 1 0.112100 10.0
 5 91 24  1 1 0.121910 10.0
 5 91 25  1 1 0.119830 10.0
 5 91 26  1 1 0.112120 10.0
 5 91 27  1 1 0.108960 10.0
 5 91 28  1 1 0.114940 10.0
 5 91 29  1 1 0.134540 10.0
 5 91 30  1 1 0.149170 10.0
 5 91 31  1 1 0.144070 10.0
 5 91 32  1 1 0.132710 10.0
 5 92 3  1 1 0.008520 10.0
 5 92 15  1 1 0.049950 10.0
 5 92 16  1 1 0.071210 10.0
 5 92 17  1 1 0.081350 10.0
 5 92 18  1 1 0.090740 10.0
 5 92 19  1 1 0.102320 10.0
 5 92 20  1 1 0.106670 10.0
 5 92 21  1 1 0.094480 10.0
 5 92 22  1 1 0.077480 10.0
 5 92 23  1 1 0.104750 10.0
 5 92 24  1 1 0.129390 10.0
 5 92 25  1 1 0.137970 10.0
 5 92 26  1 1 0.135970 10.0
 5 92 27  1 1 0.125610 10.0
 5 92 28  1 1 0.124990 10.0
 5 92 29  1 1 0.139320 10.0
 5 92 30  1 1 0.138970 10.0
 5 92 31  1 1 0.042940 10.0
 5 93 3  1 1 0.009380 10.0
 5 93 4  1 1 0.007280 10.0
 5 93 5  1 1 0.025520 10.0
 5 93 6  1 1 0.046050 10.0
 5 93 7  1 1 0.045370 10.0
 5 93 8  1 1 0.028070 10.0
 5 93 14  1 1 0.043390 10.0
 5 93 15  1 1 0.073910 10.0
 5 93 16  1 1 0.091120 10.0
 5 93 17  1 1 0.101030 10.0
 5 93 18  1 1 0.109070 10.0
 5 93 19  1 1 0.112700 10.0
 5 93 20  1 1 0.101720 10.0
 5 93 21  1 1 0.058540 10.0
 5 93 23  1 1 0.087500 10.0
 5 93 24  1 1 0.115640 10.0
 5 93 25  1 1 0.117340 10.0
 5 93 26  1 1 0.107430 10.0
 5 93 27  1 1 0.109080 10.0
 5 93 28  1 1 0.132570 10.0
 5 93 29  1 1 0.149020 10.0
 5 94 3  1 1 0.018000 10.0
 5 94 4  1 1 0.032290 10.0
 5 94 5  1 1 0.044420 10.0
 5 94 6  1 1 0.041010 10.0
 5 94 7  1 1 0.017930 10.0
 5 94 13  1 1 0.044850 10.0
 5 94 14  1 1 0.068780 10.0
 5 94 15  1 1 0.083710 10.0
 5 94 16  1 1 0.095140 10.0
 5 94 17  1 1 0.104270 10.0
 5 94 18  1 1 0.108860 10.0
 5 94 19  1 1 0.103460 10.0
 5 94 20  1 1 0.082830 10.0
 5 94 24  1 1 0.027440 10.0
 5 94 25  1 1 0.061980 10.0
 5 94 26  1 1 0.072850 10.0
 5 94 27  1 1 0.069740 10.0
 5 94 28  1 1 0.024450 10.0
 5 95 3  1 1 0.020990 10.0
 5 95 4  1 1 0.031960 10.0
 5 95 5  1 1 0.029750 10.0
 5 95 6  1 1 0.006710 10.0
 5 95 11  1 1 0.032670 10.0
 5 95 12  1 1 0.050570 10.0
 5 95 13  1 1 0.063450 10.0
 5 95 14  1 1 0.074310 10.0
 5 95 15  1 1 0.083660 10.0
 5 95 16  1 1 0.091290 10.0
 5 95 17  1 1 0.097010 10.0
 5 95 18  1 1 0.097280 10.0
 5 95 19  1 1 0.085330 10.0
 5 95 20  1 1 0.065780 10.0
 5 96 4  1 1 0.006540 10.0
 5 96 5  1 1 0.010000 10.0
 5 96 6  1 1 0.008060 10.0
 5 96 7  1 1 0.005270 10.0
 5 96 12  1 1 0.022110 10.0
 5 96 13  1 1 0.039850 10.0
 5 96 14  1 1 0.056900 10.0
 5 96 15  1 1 0.071440 10.0
 5 96 16  1 1 0.081400 10.0
 5 96 17  1 1 0.088220 10.0
 5 96 18  1 1 0.095070 10.0
 5 96 19  1 1 0.101110 10.0
 5 96 20  1 1 0.102550 10.0
 5 96 21  1 1 0.093700 10.0
 5 96 22  1 1 0.092540 10.0
 5 96 23  1 1 0.099060 10.0
 5 96 24  1 1 0.045230 10.0
 5 97 3  1 1 0.006580 10.0
 5 97 4  1 1 0.024070 10.0
 5 97 5  1 1 0.026040 10.0
 5 97 6  1 1 0.025600 10.0
 5 97 7  1 1 0.024820 10.0
 5 97 13  1 1 0.032510 10.0
 5 97 14  1 1 0.051630 10.0
 5 97 15  1 1 0.067460 10.0
 5 97 16  1 1 0.081050 10.0
 5 97 17  1 1 0.089720 10.0
 5 97 18  1 1 0.093450 10.0
 5 97 19  1 1 0.096290 10.0
 5 97 20  1 1 0.102450 10.0
 5 97 21  1 1 0.105750 10.0
 5 97 22  1 1 0.107010 10.0
 5 97 23  1 1 0.110690 10.0
 5 97 24  1 1 0.093560 10.0
 5 98 3  1 1 0.019350 10.0
 5 98 4  1 1 0.026770 10.0
 5 98 5  1 1 0.028260 10.0
 5 98 6  1 1 0.026110 10.0
 5 98 7  1 1 0.012100 10.0
 5 98 13  1 1 0.028620 10.0
 5 98 14  1 1 0.052210 10.0
 5 98 15  1 1 0.067020 10.0
 5 98 16  1 1 0.078440 10.0
 5 98 17  1 1 0.090280 10.0
 5 98 18  1 1 0.102170 10.0
 5 98 19  1 1 0.109990 10.0
 5 98 20  1 1 0.110960 10.0
 5 98 21  1 1 0.109150 10.0
 5 98 22  1 1 0.107430 10.0
 5 98 23  1 1 0.107500 10.0
 5 98 24  1 1 0.107390 10.0
 5 98 25  1 1 0.098010 10.0
 5 98 26  1 1 0.098440 10.0
 5 98 27  1 1 0.019750 10.0
 5 99 13  1 1 0.025080 10.0
 5 99 14  1 1 0.040700 10.0
 5 99 15  1 1 0.048820 10.0
 5 99 16  1 1 0.056310 10.0
 5 99 17  1 1 0.069570 10.0
 5 99 18  1 1 0.087240 10.0
 5 99 19  1 1 0.096760 10.0
 5 99 20  1 1 0.093620 10.0
 5 99 21  1 1 0.089230 10.0
 5 99 22  1 1 0.091410 10.0
 5 99 23  1 1 0.097850 10.0
 5 99 24  1 1 0.106430 10.0
 5 99 25  1 1 0.115260 10.0
 5 99 26  1 1 0.129660 10.0
 5 99 27  1 1 0.128870 10.0
 5 99 28  1 1 0.129380 10.0
 5 100 16  1 1 0.002140 10.0
 5 100 17  1 1 0.040030 10.0
 5 100 18  1 1 0.079730 10.0
 5 100 19  1 1 0.077880 10.0
 5 100 20  1 1 0.029010 10.0
 5 100 23  1 1 0.050740 10.0
 5 100 24  1 1 0.080710 10.0
 5 100 25  1 1 0.100250 10.0
 5 100 26  1 1 0.124090 10.0
 5 100 27  1 1 0.139360 10.0
 5 100 28  1 1 0.148740 10.0
 6 1 4  1 1 0.003170 10.0
 6 1 5  1 1 0.002670 10.0
 6 1 13  1 1 0.022570 10.0
 6 1 14  1 1 0.045550 10.0
 6 1 15  1 1 0.063580 10.0
 6 1 16  1 1 0.079470 10.0
 6 1 17  1 1 0.091690 10.0
 6 1 18  1 1 0.101030 10.0
 6 1 19  1 1 0.108200 10.0
 6 1 20  1 1 0.116160 10.0
 6 1 21  1 1 0.123670 10.0
 6 1 22  1 1 0.128900 10.0
 6 1 23  1 1 0.125230 10.0
 6 1 24  1 1 0.103540 10.0
 6 2 3  1 1 0.020100 10.0
 6 2 4  1 1 0.034770 10.0
 6 2 5  1 1 0.032880 10.0
 6 2 13  1 1 0.016870 10.0
 6 2 14  1 1 0.042680 10.0
 6 2 15  1 1 0.056460 10.0
 6 2 16  1 1 0.066540 10.0
 6 2 17  1 1 0.075440 10.0
 6 2 18  1 1 0.085210 10.0
 6 2 19  1 1 0.097270 10.0
 6 2 20  1 1 0.109880 10.0
 6 2 21  1 1 0.121840 10.0
 6 2 22  1 1 0.130530 10.0
 6 2 23  1 1 0.136220 10.0
 6 2 24  1 1 0.135460 10.0
 6 2 25  1 1 0.123510 10.0
 6 2 26  1 1 0.112460 10.0
 6 2 27  1 1 0.081790 10.0
 6 3 3  1 1 0.001730 10.0
 6 3 14  1 1 0.007360 10.0
 6 3 15  1 1 0.018460 10.0
 6 3 16  1 1 0.021190 10.0
 6 3 17  1 1 0.026670 10.0
 6 3 18  1 1 0.045060 10.0
 6 3 19  1 1 0.070490 10.0
 6 3 20  1 1 0.090900 10.0
 6 3 21  1 1 0.107230 10.0
 6 3 22  1 1 0.119710 10.0
 6 3 23  1 1 0.130990 10.0
 6 3 24  1 1 0.140830 10.0
 6 3 25  1 1 0.146550 10.0
 6 3 26  1 1 0.148640 10.0
 6 3 27  1 1 0.144410 10.0
 6 3 28  1 1 0.139570 10.0
 6 3 29  1 1 0.118670 10.0
 6 4 19  1 1 0.059100 10.0
 6 4 20  1 1 0.068190 10.0
 6 4 21  1 1 0.067960 10.0
 6 4 22  1 1 0.076740 10.0
 6 4 23  1 1 0.096860 10.0
 6 4 24  1 1 0.115520 10.0
 6 4 25  1 1 0.128940 10.0
 6 4 26  1 1 0.142490 10.0
 6 4 27  1 1 0.150930 10.0
 6 4 28  1 1 0.148870 10.0
 6 4 29  1 1 0.140030 10.0
 6 5 23  1 1 0.054290 10.0
 6 5 24  1 1 0.090290 10.0
 6 5 25  1 1 0.112610 10.0
 6 5 26  1 1 0.131610 10.0
 6 5 27  1 1 0.141550 10.0
 6 5 28  1 1 0.127420 10.0
 6 5 29  1 1 0.090340 10.0
 6 6 22  1 1 0.032420 10.0
 6 6 23  1 1 0.061940 10.0
 6 6 24  1 1 0.093800 10.0
 6 6 25  1 1 0.119680 10.0
 6 6 26  1 1 0.132590 10.0
 6 6 27  1 1 0.136770 10.0
 6 6 28  1 1 0.150660 10.0
 6 6 29  1 1 0.133910 10.0
 6 6 30  1 1 0.035230 10.0
 6 7 20  1 1 0.011020 10.0
 6 7 21  1 1 0.039170 10.0
 6 7 22  1 1 0.053350 10.0
 6 7 23  1 1 0.072150 10.0
 6 7 24  1 1 0.092980 10.0
 6 7 25  1 1 0.129940 10.0
 6 7 26  1 1 0.146220 10.0
 6 7 27  1 1 0.129530 10.0
 6 7 28  1 1 0.072130 10.0
 6 36 22  1 1 0.077460 10.0
 6 36 23  1 1 0.096880 10.0
 6 36 24  1 1 0.106550 10.0
 6 36 25  1 1 0.106020 10.0
 6 36 26  1 1 0.085650 10.0
 6 37 20  1 1 0.059240 10.0
 6 37 21  1 1 0.095960 10.0
 6 37 22  1 1 0.117570 10.0
 6 37 23  1 1 0.132460 10.0
 6 37 24  1 1 0.143630 10.0
 6 37 25  1 1 0.151580 10.0
 6 37 26  1 1 0.154390 10.0
 6 37 27  1 1 0.146540 10.0
 6 37 28  1 1 0.120680 10.0
 6 37 29  1 1 0.061600 10.0
 6 38 19  1 1 0.064110 10.0
 6 38 20  1 1 0.094880 10.0
 6 38 21  1 1 0.111960 10.0
 6 38 22  1 1 0.122390 10.0
 6 38 23  1 1 0.129060 10.0
 6 38 24  1 1 0.135010 10.0
 6 38 25  1 1 0.143260 10.0
 6 38 26  1 1 0.147080 10.0
 6 38 27  1 1 0.137750 10.0
 6 38 28  1 1 0.102170 10.0
 6 38 29  1 1 0.032960 10.0
 6 39 18  1 1 0.064060 10.0
 6 39 19  1 1 0.095360 10.0
 6 39 20  1 1 0.107740 10.0
 6 39 21  1 1 0.108980 10.0
 6 39 22  1 1 0.103150 10.0
 6 39 23  1 1 0.093790 10.0
 6 39 24  1 1 0.091360 10.0
 6 39 25  1 1 0.107410 10.0
 6 39 26  1 1 0.115880 10.0
 6 39 27  1 1 0.066440 10.0
 6 40 15  1 1 0.027460 10.0
 6 40 16  1 1 0.066600 10.0
 6 40 17  1 1 0.093380 10.0
 6 40 18  1 1 0.108490 10.0
 6 40 19  1 1 0.115470 10.0
 6 40 20  1 1 0.110870 10.0
 6 40 21  1 1 0.094910 10.0
 6 40 22  1 1 0.066530 10.0
 6 40 23  1 1 0.013660 10.0
 6 41 14  1 1 0.025330 10.0
 6 41 15  1 1 0.067940 10.0
 6 41 16  1 1 0.088140 10.0
 6 41 17  1 1 0.096740 10.0
 6 41 18  1 1 0.096570 10.0
 6 41 19  1 1 0.094660 10.0
 6 41 20  1 1 0.076570 10.0
 6 41 21  1 1 0.062400 10.0
 6 42 15  1 1 0.037240 10.0
 6 42 16  1 1 0.060400 10.0
 6 42 17  1 1 0.043370 10.0
 6 42 20  1 1 0.018860 10.0
 6 42 21  1 1 0.049300 10.0
 6 42 22  1 1 0.067280 10.0
 6 47 7  1 1 0.049670 10.0
 6 47 8  1 1 0.066110 10.0
 6 47 9  1 1 0.065750 10.0
 6 47 10  1 1 0.059200 10.0
 6 48 6  1 1 0.033150 10.0
 6 48 7  1 1 0.056640 10.0
 6 48 8  1 1 0.065460 10.0
 6 48 9  1 1 0.074330 10.0
 6 48 10  1 1 0.081300 10.0
 6 48 11  1 1 0.080830 10.0
 6 48 12  1 1 0.069540 10.0
 6 48 13  1 1 0.067220 10.0
 6 48 14  1 1 0.062520 10.0
 6 48 15  1 1 0.043860 10.0
 6 49 5  1 1 0.001890 10.0
 6 49 6  1 1 0.035980 10.0
 6 49 7  1 1 0.051610 10.0
 6 49 8  1 1 0.061510 10.0
 6 49 9  1 1 0.066000 10.0
 6 49 10  1 1 0.069030 10.0
 6 49 11  1 1 0.073850 10.0
 6 49 12  1 1 0.084070 10.0
 6 49 13  1 1 0.101810 10.0
 6 49 14  1 1 0.112280 10.0
 6 49 15  1 1 0.109500 10.0
 6 49 16  1 1 0.090260 10.0
 6 50 5  1 1 0.029530 10.0
 6 50 6  1 1 0.051750 10.0
 6 50 7  1 1 0.066300 10.0
 6 50 8  1 1 0.074020 10.0
 6 50 9  1 1 0.075530 10.0
 6 50 10  1 1 0.072340 10.0
 6 50 11  1 1 0.073960 10.0
 6 50 12  1 1 0.082410 10.0
 6 50 13  1 1 0.096040 10.0
 6 50 14  1 1 0.106400 10.0
 6 50 15  1 1 0.108050 10.0
 6 50 16  1 1 0.101360 10.0
 6 51 4  1 1 0.025680 10.0
 6 51 5  1 1 0.046270 10.0
 6 51 6  1 1 0.054990 10.0
 6 51 7  1 1 0.057080 10.0
 6 51 8  1 1 0.052220 10.0
 6 51 9  1 1 0.048550 10.0
 6 51 10  1 1 0.054510 10.0
 6 51 11  1 1 0.064850 10.0
 6 51 12  1 1 0.077190 10.0
 6 51 13  1 1 0.091690 10.0
 6 51 14  1 1 0.105690 10.0
 6 51 15  1 1 0.112950 10.0
 6 51 16  1 1 0.109560 10.0
 6 51 17  1 1 0.087750 10.0
 6 52 4  1 1 0.028660 10.0
 6 52 5  1 1 0.037450 10.0
 6 52 6  1 1 0.034540 10.0
 6 52 7  1 1 0.023300 10.0
 6 52 10  1 1 0.006580 10.0
 6 52 11  1 1 0.033680 10.0
 6 52 12  1 1 0.055010 10.0
 6 52 13  1 1 0.077860 10.0
 6 52 14  1 1 0.095840 10.0
 6 52 15  1 1 0.104630 10.0
 6 52 16  1 1 0.107670 10.0
 6 52 17  1 1 0.094800 10.0
 6 52 18  1 1 0.037860 10.0
 6 53 3  1 1 0.017340 10.0
 6 53 4  1 1 0.030660 10.0
 6 53 5  1 1 0.028590 10.0
 6 53 12  1 1 0.010940 10.0
 6 53 13  1 1 0.047380 10.0
 6 53 14  1 1 0.068110 10.0
 6 53 15  1 1 0.074060 10.0
 6 53 16  1 1 0.080380 10.0
 6 53 17  1 1 0.056930 10.0
 6 54 3  1 1 0.011930 10.0
 6 54 4  1 1 0.012050 10.0
 6 87 15  1 1 0.006910 10.0
 6 87 16  1 1 0.059580 10.0
 6 87 17  1 1 0.080180 10.0
 6 87 18  1 1 0.088890 10.0
 6 87 19  1 1 0.086080 10.0
 6 87 20  1 1 0.069120 10.0
 6 87 21  1 1 0.025110 10.0
 6 88 15  1 1 0.002510 10.0
 6 88 16  1 1 0.047870 10.0
 6 88 17  1 1 0.068740 10.0
 6 88 18  1 1 0.080410 10.0
 6 88 19  1 1 0.086570 10.0
 6 88 20  1 1 0.087830 10.0
 6 88 21  1 1 0.076850 10.0
 6 88 22  1 1 0.040670 10.0
 6 89 3  1 1 0.021590 10.0
 6 89 4  1 1 0.033360 10.0
 6 89 5  1 1 0.039420 10.0
 6 89 6  1 1 0.007450 10.0
 6 89 15  1 1 0.010410 10.0
 6 89 16  1 1 0.039470 10.0
 6 89 17  1 1 0.057120 10.0
 6 89 18  1 1 0.067700 10.0
 6 89 19  1 1 0.069500 10.0
 6 89 20  1 1 0.069470 10.0
 6 89 21  1 1 0.079880 10.0
 6 89 22  1 1 0.091030 10.0
 6 89 23  1 1 0.087690 10.0
 6 89 24  1 1 0.048390 10.0
 6 89 29  1 1 0.063000 10.0
 6 89 30  1 1 0.080530 10.0
 6 89 31  1 1 0.060460 10.0
 6 90 3  1 1 0.025610 10.0
 6 90 4  1 1 0.037480 10.0
 6 90 5  1 1 0.035880 10.0
 6 90 15  1 1 0.003830 10.0
 6 90 16  1 1 0.039790 10.0
 6 90 17  1 1 0.057930 10.0
 6 90 18  1 1 0.065670 10.0
 6 90 19  1 1 0.063600 10.0
 6 90 20  1 1 0.063450 10.0
 6 90 21  1 1 0.074150 10.0
 6 90 22  1 1 0.096100 10.0
 6 90 23  1 1 0.104990 10.0
 6 90 24  1 1 0.083060 10.0
 6 90 28  1 1 0.015920 10.0
 6 90 29  1 1 0.103450 10.0
 6 90 30  1 1 0.101980 10.0
 6 90 31  1 1 0.047480 10.0
 6 91 3  1 1 0.024610 10.0
 6 91 4  1 1 0.029220 10.0
 6 91 14  1 1 0.030430 10.0
 6 91 15  1 1 0.052820 10.0
 6 91 16  1 1 0.063620 10.0
 6 91 17  1 1 0.069240 10.0
 6 91 18  1 1 0.067240 10.0
 6 91 19  1 1 0.061940 10.0
 6 91 20  1 1 0.060540 10.0
 6 91 21  1 1 0.062100 10.0
 6 91 22  1 1 0.084240 10.0
 6 91 23  1 1 0.108200 10.0
 6 91 24  1 1 0.105190 10.0
 6 91 25  1 1 0.062300 10.0
 6 91 29  1 1 0.093880 10.0
 6 91 30  1 1 0.140140 10.0
 6 91 31  1 1 0.135040 10.0
 6 92 3  1 1 0.025360 10.0
 6 92 4  1 1 0.029790 10.0
 6 92 5  1 1 0.009130 10.0
 6 92 6  1 1 0.029690 10.0
 6 92 7  1 1 0.063540 10.0
 6 92 8  1 1 0.073850 10.0
 6 92 9  1 1 0.071530 10.0
 6 92 10  1 1 0.057950 10.0
 6 92 11  1 1 0.040340 10.0
 6 92 12  1 1 0.031930 10.0
 6 92 13  1 1 0.041640 10.0
 6 92 14  1 1 0.057610 10.0
 6 92 15  1 1 0.067540 10.0
 6 92 16  1 1 0.072870 10.0
 6 92 17  1 1 0.069410 10.0
 6 92 18  1 1 0.064690 10.0
 6 92 19  1 1 0.075820 10.0
 6 92 20  1 1 0.063560 10.0
 6 92 21  1 1 0.024390 10.0
 6 92 22  1 1 0.052710 10.0
 6 92 23  1 1 0.101350 10.0
 6 92 24  1 1 0.119460 10.0
 6 92 25  1 1 0.117510 10.0
 6 92 26  1 1 0.095100 10.0
 6 92 27  1 1 0.038810 10.0
 6 92 28  1 1 0.032100 10.0
 6 92 29  1 1 0.120100 10.0
 6 92 30  1 1 0.141900 10.0
 6 92 31  1 1 0.036550 10.0
 6 93 2  1 1 0.000170 10.0
 6 93 3  1 1 0.027470 10.0
 6 93 4  1 1 0.037990 10.0
 6 93 5  1 1 0.047360 10.0
 6 93 6  1 1 0.059070 10.0
 6 93 7  1 1 0.060750 10.0
 6 93 8  1 1 0.054950 10.0
 6 93 9  1 1 0.045670 10.0
 6 93 10  1 1 0.034900 10.0
 6 93 11  1 1 0.031100 10.0
 6 93 12  1 1 0.039140 10.0
 6 93 13  1 1 0.060550 10.0
 6 93 14  1 1 0.077270 10.0
 6 93 15  1 1 0.084680 10.0
 6 93 16  1 1 0.084510 10.0
 6 93 17  1 1 0.084230 10.0
 6 93 18  1 1 0.093090 10.0
 6 93 19  1 1 0.102250 10.0
 6 93 20  1 1 0.085580 10.0
 6 93 23  1 1 0.086260 10.0
 6 93 24  1 1 0.112250 10.0
 6 93 25  1 1 0.093940 10.0
 6 93 26  1 1 0.038460 10.0
 6 93 28  1 1 0.075220 10.0
 6 93 29  1 1 0.149710 10.0
 6 94 3  1 1 0.027720 10.0
 6 94 4  1 1 0.041310 10.0
 6 94 5  1 1 0.047410 10.0
 6 94 6  1 1 0.039970 10.0
 6 94 7  1 1 0.017070 10.0
 6 94 11  1 1 0.012550 10.0
 6 94 12  1 1 0.037360 10.0
 6 94 13  1 1 0.058540 10.0
 6 94 14  1 1 0.073450 10.0
 6 94 15  1 1 0.082960 10.0
 6 94 16  1 1 0.091430 10.0
 6 94 17  1 1 0.100820 10.0
 6 94 18  1 1 0.109780 10.0
 6 94 19  1 1 0.114630 10.0
 6 94 20  1 1 0.106640 10.0
 6 94 21  1 1 0.060560 10.0
 6 94 25  1 1 0.005220 10.0
 6 95 3  1 1 0.025050 10.0
 6 95 4  1 1 0.029070 10.0
 6 95 5  1 1 0.008600 10.0
 6 95 11  1 1 0.017600 10.0
 6 95 12  1 1 0.039550 10.0
 6 95 13  1 1 0.054830 10.0
 6 95 14  1 1 0.066180 10.0
 6 95 15  1 1 0.076150 10.0
 6 95 16  1 1 0.087330 10.0
 6 95 17  1 1 0.098070 10.0
 6 95 18  1 1 0.107250 10.0
 6 95 19  1 1 0.111530 10.0
 6 95 20  1 1 0.110460 10.0
 6 95 21  1 1 0.098660 10.0
 6 95 22  1 1 0.068560 10.0
 6 96 13  1 1 0.023950 10.0
 6 96 14  1 1 0.042590 10.0
 6 96 15  1 1 0.058290 10.0
 6 96 16  1 1 0.076120 10.0
 6 96 17  1 1 0.091320 10.0
 6 96 18  1 1 0.102740 10.0
 6 96 19  1 1 0.111260 10.0
 6 96 20  1 1 0.117850 10.0
 6 96 21  1 1 0.121040 10.0
 6 96 22  1 1 0.120300 10.0
 6 96 23  1 1 0.113170 10.0
 6 96 24  1 1 0.089520 10.0
 6 97 4  1 1 0.003170 10.0
 6 97 5  1 1 0.002670 10.0
 6 97 13  1 1 0.022570 10.0
 6 97 14  1 1 0.045550 10.0
 6 97 15  1 1 0.063580 10.0
 6 97 16  1 1 0.079470 10.0
 6 97 17  1 1 0.091690 10.0
 6 97 18  1 1 0.101030 10.0
 6 97 19  1 1 0.108200 10.0
 6 97 20  1 1 0.116160 10.0
 6 97 21  1 1 0.123670 10.0
 6 97 22  1 1 0.128900 10.0
 6 97 23  1 1 0.125230 10.0
 6 97 24  1 1 0.103540 10.0
 6 98 3  1 1 0.020100 10.0
 6 98 4  1 1 0.034770 10.0
 6 98 5  1 1 0.032880 10.0
 6 98 13  1 1 0.016870 10.0
 6 98 14  1 1 0.042680 10.0
 6 98 15  1 1 0.056460 10.0
 6 98 16  1 1 0.066540 10.0
 6 98 17  1 1 0.075440 10.0
 6 98 18  1 1 0.085210 10.0
 6 98 19  1 1 0.097270 10.0
 6 98 20  1 1 0.109880 10.0
 6 98 21  1 1 0.121840 10.0
 6 98 22  1 1 0.130530 10.0
 6 98 23  1 1 0.136220 10.0
 6 98 24  1 1 0.135460 10.0
 6 98 25  1 1 0.123510 10.0
 6 98 26  1 1 0.112460 10.0
 6 98 27  1 1 0.081790 10.0
 6 99 3  1 1 0.001730 10.0
 6 99 14  1 1 0.007360 10.0
 6 99 15  1 1 0.018460 10.0
 6 99 16  1 1 0.021190 10.0
 6 99 17  1 1 0.026670 10.0
 6 99 18  1 1 0.045060 10.0
 6 99 19  1 1 0.070490 10.0
 6 99 20  1 1 0.090900 10.0
 6 99 21  1 1 0.107230 10.0
 6 99 22  1 1 0.119710 10.0
 6 99 23  1 1 0.130990 10.0
 6 99 24  1 1 0.140830 10.0
 6 99 25  1 1 0.146550 10.0
 6 99 26  1 1 0.148640 10.0
 6 99 27  1 1 0.144410 10.0
 6 99 28  1 1 0.139570 10.0
 6 99 29  1 1 0.118670 10.0
 6 100 19  1 1 0.059100 10.0
 6 100 20  1 1 0.068190 10.0
 6 100 21  1 1 0.067960 10.0
 6 100 22  1 1 0.076740 10.0
 6 100 23  1 1 0.096860 10.0
 6 100 24  1 1 0.115520 10.0
 6 100 25  1 1 0.128940 10.0
 6 100 26  1 1 0.142490 10.0
 6 100 27  1 1 0.150930 10.0
 6 100 28  1 1 0.148870 10.0
 6 100 29  1 1 0.140030 10.0
 7 1 12  1 1 0.029750 10.0
 7 1 13  1 1 0.047710 10.0
 7 1 14  1 1 0.059150 10.0
 7 1 15  1 1 0.065220 10.0
 7 1 16  1 1 0.069860 10.0
 7 1 17  1 1 0.080410 10.0
 7 1 18  1 1 0.101420 10.0
 7 1 19  1 1 0.118520 10.0
 7 1 20  1 1 0.128760 10.0
 7 1 21  1 1 0.134120 10.0
 7 1 22  1 1 0.128750 10.0
 7 1 23  1 1 0.101600 10.0
 7 1 24  1 1 0.041150 10.0
 7 2 3  1 1 0.014230 10.0
 7 2 4  1 1 0.028350 10.0
 7 2 5  1 1 0.023090 10.0
 7 2 14  1 1 0.023140 10.0
 7 2 15  1 1 0.040310 10.0
 7 2 16  1 1 0.057250 10.0
 7 2 17  1 1 0.075310 10.0
 7 2 18  1 1 0.085790 10.0
 7 2 19  1 1 0.092830 10.0
 7 2 20  1 1 0.100070 10.0
 7 2 21  1 1 0.111460 10.0
 7 2 22  1 1 0.124360 10.0
 7 2 23  1 1 0.130760 10.0
 7 2 24  1 1 0.128180 10.0
 7 2 25  1 1 0.122800 10.0
 7 2 26  1 1 0.102960 10.0
 7 2 27  1 1 0.023840 10.0
 7 3 3  1 1 0.005760 10.0
 7 3 15  1 1 0.014980 10.0
 7 3 16  1 1 0.034920 10.0
 7 3 17  1 1 0.035240 10.0
 7 3 18  1 1 0.032580 10.0
 7 3 19  1 1 0.041820 10.0
 7 3 20  1 1 0.057330 10.0
 7 3 21  1 1 0.077840 10.0
 7 3 22  1 1 0.100850 10.0
 7 3 23  1 1 0.119990 10.0
 7 3 24  1 1 0.132820 10.0
 7 3 25  1 1 0.140470 10.0
 7 3 26  1 1 0.140920 10.0
 7 3 27  1 1 0.137640 10.0
 7 3 28  1 1 0.144810 10.0
 7 3 29  1 1 0.140120 10.0
 7 4 20  1 1 0.042090 10.0
 7 4 21  1 1 0.066270 10.0
 7 4 22  1 1 0.083070 10.0
 7 4 23  1 1 0.099800 10.0
 7 4 24  1 1 0.116290 10.0
 7 4 25  1 1 0.133550 10.0
 7 4 26  1 1 0.146540 10.0
 7 4 27  1 1 0.152290 10.0
 7 4 28  1 1 0.145390 10.0
 7 4 29  1 1 0.123330 10.0
 7 5 21  1 1 0.022450 10.0
 7 5 22  1 1 0.054610 10.0
 7 5 23  1 1 0.079710 10.0
 7 5 24  1 1 0.099840 10.0
 7 5 25  1 1 0.119710 10.0
 7 5 26  1 1 0.134160 10.0
 7 5 27  1 1 0.132480 10.0
 7 5 28  1 1 0.106420 10.0
 7 6 20  1 1 0.021020 10.0
 7 6 21  1 1 0.054930 10.0
 7 6 22  1 1 0.079750 10.0
 7 6 23  1 1 0.097180 10.0
 7 6 24  1 1 0.111850 10.0
 7 6 25  1 1 0.125930 10.0
 7 6 26  1 1 0.139670 10.0
 7 6 27  1 1 0.147540 10.0
 7 6 28  1 1 0.140600 10.0
 7 6 29  1 1 0.035720 10.0
 7 7 20  1 1 0.030640 10.0
 7 7 21  1 1 0.063450 10.0
 7 7 22  1 1 0.085800 10.0
 7 7 23  1 1 0.097890 10.0
 7 7 24  1 1 0.099210 10.0
 7 7 25  1 1 0.101520 10.0
 7 7 26  1 1 0.102350 10.0
 7 7 27  1 1 0.087960 10.0
 7 8 20  1 1 0.008930 10.0
 7 8 21  1 1 0.055450 10.0
 7 8 22  1 1 0.061010 10.0
 7 8 23  1 1 0.051010 10.0
 7 8 24  1 1 0.017340 10.0
 7 9 21  1 1 0.009420 10.0
 7 9 22  1 1 0.047890 10.0
 7 9 23  1 1 0.061370 10.0
 7 9 24  1 1 0.083920 10.0
 7 9 25  1 1 0.068590 10.0
 7 35 23  1 1 0.007360 10.0
 7 35 24  1 1 0.063850 10.0
 7 35 25  1 1 0.078110 10.0
 7 35 26  1 1 0.071490 10.0
 7 35 27  1 1 0.037610 10.0
 7 36 21  1 1 0.045920 10.0
 7 36 22  1 1 0.090560 10.0
 7 36 23  1 1 0.111600 10.0
 7 36 24  1 1 0.124590 10.0
 7 36 25  1 1 0.131980 10.0
 7 36 26  1 1 0.133680 10.0
 7 36 27  1 1 0.126880 10.0
 7 36 28  1 1 0.109270 10.0
 7 36 29  1 1 0.044920 10.0
 7 37 19  1 1 0.010700 10.0
 7 37 20  1 1 0.074440 10.0
 7 37 21  1 1 0.098110 10.0
 7 37 22  1 1 0.110490 10.0
 7 37 23  1 1 0.119070 10.0
 7 37 24  1 1 0.128400 10.0
 7 37 25  1 1 0.138900 10.0
 7 37 26  1 1 0.148290 10.0
 7 37 27  1 1 0.152980 10.0
 7 37 28  1 1 0.149940 10.0
 7 37 29  1 1 0.141560 10.0
 7 37 30  1 1 0.132620 10.0
 7 38 18  1 1 0.019020 10.0
 7 38 19  1 1 0.076810 10.0
 7 38 20  1 1 0.095600 10.0
 7 38 21  1 1 0.101710 10.0
 7 38 22  1 1 0.100230 10.0
 7 38 23  1 1 0.101240 10.0
 7 38 24  1 1 0.109490 10.0
 7 38 25  1 1 0.126700 10.0
 7 38 26  1 1 0.142110 10.0
 7 38 27  1 1 0.149240 10.0
 7 38 28  1 1 0.148170 10.0
 7 38 29  1 1 0.145870 10.0
 7 38 30  1 1 0.140650 10.0
 7 39 18  1 1 0.056940 10.0
 7 39 19  1 1 0.084460 10.0
 7 39 20  1 1 0.090720 10.0
 7 39 21  1 1 0.075380 10.0
 7 39 22  1 1 0.052680 10.0
 7 39 23  1 1 0.036050 10.0
 7 39 24  1 1 0.035600 10.0
 7 39 25  1 1 0.074620 10.0
 7 39 26  1 1 0.103870 10.0
 7 39 27  1 1 0.093710 10.0
 7 39 28  1 1 0.084430 10.0
 7 39 29  1 1 0.077800 10.0
 7 39 30  1 1 0.022650 10.0
 7 40 16  1 1 0.017630 10.0
 7 40 17  1 1 0.065830 10.0
 7 40 18  1 1 0.092890 10.0
 7 40 19  1 1 0.101300 10.0
 7 40 20  1 1 0.087030 10.0
 7 40 21  1 1 0.039610 10.0
 7 41 13  1 1 0.022040 10.0
 7 41 14  1 1 0.046780 10.0
 7 41 15  1 1 0.067120 10.0
 7 41 16  1 1 0.083090 10.0
 7 41 17  1 1 0.097510 10.0
 7 41 18  1 1 0.105880 10.0
 7 41 19  1 1 0.102920 10.0
 7 41 20  1 1 0.073360 10.0
 7 41 21  1 1 0.018620 10.0
 7 42 14  1 1 0.038530 10.0
 7 42 15  1 1 0.062540 10.0
 7 42 16  1 1 0.081080 10.0
 7 42 17  1 1 0.090980 10.0
 7 42 18  1 1 0.086000 10.0
 7 42 19  1 1 0.077520 10.0
 7 42 20  1 1 0.060380 10.0
 7 42 21  1 1 0.025240 10.0
 7 43 15  1 1 0.014560 10.0
 7 43 16  1 1 0.030240 10.0
 7 43 17  1 1 0.035470 10.0
 7 47 7  1 1 0.029970 10.0
 7 47 8  1 1 0.048950 10.0
 7 47 9  1 1 0.041560 10.0
 7 47 10  1 1 0.012590 10.0
 7 48 6  1 1 0.045830 10.0
 7 48 7  1 1 0.080710 10.0
 7 48 8  1 1 0.089770 10.0
 7 48 9  1 1 0.098770 10.0
 7 48 10  1 1 0.102710 10.0
 7 48 11  1 1 0.096830 10.0
 7 48 12  1 1 0.085900 10.0
 7 48 13  1 1 0.076500 10.0
 7 48 14  1 1 0.055740 10.0
 7 49 5  1 1 0.029940 10.0
 7 49 6  1 1 0.053080 10.0
 7 49 7  1 1 0.063010 10.0
 7 49 8  1 1 0.071480 10.0
 7 49 9  1 1 0.080190 10.0
 7 49 10  1 1 0.090340 10.0
 7 49 11  1 1 0.102190 10.0
 7 49 12  1 1 0.114530 10.0
 7 49 13  1 1 0.124080 10.0
 7 49 14  1 1 0.126280 10.0
 7 49 15  1 1 0.113640 10.0
 7 49 16  1 1 0.052320 10.0
 7 50 5  1 1 0.028530 10.0
 7 50 6  1 1 0.045270 10.0
 7 50 7  1 1 0.057890 10.0
 7 50 8  1 1 0.066430 10.0
 7 50 9  1 1 0.072030 10.0
 7 50 10  1 1 0.077060 10.0
 7 50 11  1 1 0.085030 10.0
 7 50 12  1 1 0.096200 10.0
 7 50 13  1 1 0.109080 10.0
 7 50 14  1 1 0.118390 10.0
 7 50 15  1 1 0.119820 10.0
 7 50 16  1 1 0.107390 10.0
 7 51 4  1 1 0.010780 10.0
 7 51 5  1 1 0.039620 10.0
 7 51 6  1 1 0.052820 10.0
 7 51 7  1 1 0.056350 10.0
 7 51 8  1 1 0.059460 10.0
 7 51 9  1 1 0.068280 10.0
 7 51 10  1 1 0.079420 10.0
 7 51 11  1 1 0.089800 10.0
 7 51 12  1 1 0.098410 10.0
 7 51 13  1 1 0.105700 10.0
 7 51 14  1 1 0.113700 10.0
 7 51 15  1 1 0.118980 10.0
 7 51 16  1 1 0.114300 10.0
 7 51 17  1 1 0.092460 10.0
 7 52 4  1 1 0.024890 10.0
 7 52 5  1 1 0.041820 10.0
 7 52 6  1 1 0.044010 10.0
 7 52 7  1 1 0.028440 10.0
 7 52 8  1 1 0.024930 10.0
 7 52 9  1 1 0.040490 10.0
 7 52 10  1 1 0.058520 10.0
 7 52 11  1 1 0.071710 10.0
 7 52 12  1 1 0.082320 10.0
 7 52 13  1 1 0.090720 10.0
 7 52 14  1 1 0.096200 10.0
 7 52 15  1 1 0.100260 10.0
 7 52 16  1 1 0.106990 10.0
 7 52 17  1 1 0.094080 10.0
 7 53 3  1 1 0.006460 10.0
 7 53 4  1 1 0.028770 10.0
 7 53 5  1 1 0.035800 10.0
 7 53 6  1 1 0.023940 10.0
 7 53 10  1 1 0.022460 10.0
 7 53 11  1 1 0.033910 10.0
 7 53 12  1 1 0.041660 10.0
 7 53 13  1 1 0.047710 10.0
 7 53 14  1 1 0.039370 10.0
 7 53 15  1 1 0.024020 10.0
 7 53 16  1 1 0.039410 10.0
 7 54 3  1 1 0.007610 10.0
 7 54 4  1 1 0.021310 10.0
 7 54 5  1 1 0.020890 10.0
 7 57 5  1 1 0.015350 10.0
 7 58 5  1 1 0.026070 10.0
 7 58 6  1 1 0.031850 10.0
 7 59 5  1 1 0.019480 10.0
 7 59 6  1 1 0.024490 10.0
 7 85 2  1 1 0.006750 10.0
 7 85 3  1 1 0.014560 10.0
 7 85 16  1 1 0.043420 10.0
 7 85 17  1 1 0.052680 10.0
 7 85 18  1 1 0.041200 10.0
 7 86 15  1 1 0.073020 10.0
 7 86 16  1 1 0.094570 10.0
 7 86 17  1 1 0.105860 10.0
 7 86 18  1 1 0.109820 10.0
 7 86 19  1 1 0.112090 10.0
 7 86 20  1 1 0.108080 10.0
 7 86 21  1 1 0.052760 10.0
 7 87 14  1 1 0.026700 10.0
 7 87 15  1 1 0.058520 10.0
 7 87 16  1 1 0.071500 10.0
 7 87 17  1 1 0.081240 10.0
 7 87 18  1 1 0.091070 10.0
 7 87 19  1 1 0.099660 10.0
 7 87 20  1 1 0.110620 10.0
 7 87 21  1 1 0.128100 10.0
 7 87 22  1 1 0.130440 10.0
 7 87 23  1 1 0.032700 10.0
 7 88 3  1 1 0.007900 10.0
 7 88 4  1 1 0.002300 10.0
 7 88 15  1 1 0.021250 10.0
 7 88 16  1 1 0.042880 10.0
 7 88 17  1 1 0.056630 10.0
 7 88 18  1 1 0.063700 10.0
 7 88 19  1 1 0.063250 10.0
 7 88 20  1 1 0.068870 10.0
 7 88 21  1 1 0.083860 10.0
 7 88 22  1 1 0.103820 10.0
 7 88 23  1 1 0.117370 10.0
 7 88 24  1 1 0.070020 10.0
 7 89 3  1 1 0.023170 10.0
 7 89 4  1 1 0.035390 10.0
 7 89 5  1 1 0.038590 10.0
 7 89 6  1 1 0.011190 10.0
 7 89 15  1 1 0.021380 10.0
 7 89 16  1 1 0.041260 10.0
 7 89 17  1 1 0.051050 10.0
 7 89 18  1 1 0.051050 10.0
 7 89 19  1 1 0.044640 10.0
 7 89 20  1 1 0.045940 10.0
 7 89 21  1 1 0.067370 10.0
 7 89 22  1 1 0.092700 10.0
 7 89 23  1 1 0.105890 10.0
 7 89 24  1 1 0.101520 10.0
 7 89 25  1 1 0.031560 10.0
 7 90 3  1 1 0.027140 10.0
 7 90 4  1 1 0.039380 10.0
 7 90 5  1 1 0.041940 10.0
 7 90 6  1 1 0.025650 10.0
 7 90 9  1 1 0.012340 10.0
 7 90 10  1 1 0.028010 10.0
 7 90 11  1 1 0.031310 10.0
 7 90 12  1 1 0.037650 10.0
 7 90 13  1 1 0.047890 10.0
 7 90 14  1 1 0.054460 10.0
 7 90 15  1 1 0.055320 10.0
 7 90 16  1 1 0.049630 10.0
 7 90 17  1 1 0.029390 10.0
 7 90 20  1 1 0.017670 10.0
 7 90 21  1 1 0.057160 10.0
 7 90 22  1 1 0.090990 10.0
 7 90 23  1 1 0.106610 10.0
 7 90 24  1 1 0.093600 10.0
 7 90 25  1 1 0.001440 10.0
 7 91 2  1 1 0.001770 10.0
 7 91 3  1 1 0.027270 10.0
 7 91 4  1 1 0.038100 10.0
 7 91 5  1 1 0.035980 10.0
 7 91 6  1 1 0.016220 10.0
 7 91 7  1 1 0.029470 10.0
 7 91 8  1 1 0.052940 10.0
 7 91 9  1 1 0.067100 10.0
 7 91 10  1 1 0.074760 10.0
 7 91 11  1 1 0.078510 10.0
 7 91 12  1 1 0.081550 10.0
 7 91 13  1 1 0.084010 10.0
 7 91 14  1 1 0.079690 10.0
 7 91 15  1 1 0.057760 10.0
 7 91 16  1 1 0.000780 10.0
 7 91 21  1 1 0.051010 10.0
 7 91 22  1 1 0.090670 10.0
 7 91 23  1 1 0.109490 10.0
 7 91 24  1 1 0.097140 10.0
 7 91 25  1 1 0.013950 10.0
 7 92 2  1 1 0.004770 10.0
 7 92 3  1 1 0.029410 10.0
 7 92 4  1 1 0.042350 10.0
 7 92 5  1 1 0.048160 10.0
 7 92 6  1 1 0.056750 10.0
 7 92 7  1 1 0.070500 10.0
 7 92 8  1 1 0.081890 10.0
 7 92 9  1 1 0.089730 10.0
 7 92 10  1 1 0.094600 10.0
 7 92 11  1 1 0.097070 10.0
 7 92 12  1 1 0.095740 10.0
 7 92 13  1 1 0.087310 10.0
 7 92 14  1 1 0.061470 10.0
 7 92 21  1 1 0.004280 10.0
 7 92 22  1 1 0.080780 10.0
 7 92 23  1 1 0.109880 10.0
 7 92 24  1 1 0.116600 10.0
 7 92 25  1 1 0.100800 10.0
 7 92 26  1 1 0.045250 10.0
 7 93 2  1 1 0.004810 10.0
 7 93 3  1 1 0.030060 10.0
 7 93 4  1 1 0.044300 10.0
 7 93 5  1 1 0.055320 10.0
 7 93 6  1 1 0.065000 10.0
 7 93 7  1 1 0.071160 10.0
 7 93 8  1 1 0.072310 10.0
 7 93 9  1 1 0.069540 10.0
 7 93 10  1 1 0.069030 10.0
 7 93 11  1 1 0.071330 10.0
 7 93 12  1 1 0.074440 10.0
 7 93 13  1 1 0.075790 10.0
 7 93 14  1 1 0.057780 10.0
 7 93 22  1 1 0.038950 10.0
 7 93 23  1 1 0.113040 10.0
 7 93 24  1 1 0.117630 10.0
 7 93 25  1 1 0.071390 10.0
 7 94 2  1 1 0.003250 10.0
 7 94 3  1 1 0.029500 10.0
 7 94 4  1 1 0.043490 10.0
 7 94 5  1 1 0.052460 10.0
 7 94 6  1 1 0.051510 10.0
 7 94 7  1 1 0.037330 10.0
 7 94 11  1 1 0.033020 10.0
 7 94 12  1 1 0.052780 10.0
 7 94 13  1 1 0.063820 10.0
 7 94 14  1 1 0.056390 10.0
 7 94 15  1 1 0.032290 10.0
 7 94 16  1 1 0.031960 10.0
 7 94 17  1 1 0.059680 10.0
 7 94 18  1 1 0.079490 10.0
 7 94 19  1 1 0.074850 10.0
 7 95 2  1 1 0.000700 10.0
 7 95 3  1 1 0.027030 10.0
 7 95 4  1 1 0.035630 10.0
 7 95 5  1 1 0.024560 10.0
 7 95 11  1 1 0.004850 10.0
 7 95 12  1 1 0.046280 10.0
 7 95 13  1 1 0.062680 10.0
 7 95 14  1 1 0.068740 10.0
 7 95 15  1 1 0.067060 10.0
 7 95 16  1 1 0.066230 10.0
 7 95 17  1 1 0.069770 10.0
 7 95 18  1 1 0.088970 10.0
 7 95 19  1 1 0.111820 10.0
 7 95 20  1 1 0.109850 10.0
 7 95 21  1 1 0.077610 10.0
 7 96 3  1 1 0.004070 10.0
 7 96 12  1 1 0.048100 10.0
 7 96 13  1 1 0.061350 10.0
 7 96 14  1 1 0.068800 10.0
 7 96 15  1 1 0.072010 10.0
 7 96 16  1 1 0.071360 10.0
 7 96 17  1 1 0.076790 10.0
 7 96 18  1 1 0.094470 10.0
 7 96 19  1 1 0.117590 10.0
 7 96 20  1 1 0.127360 10.0
 7 96 21  1 1 0.126680 10.0
 7 96 22  1 1 0.115500 10.0
 7 96 23  1 1 0.062840 10.0
 7 97 12  1 1 0.029750 10.0
 7 97 13  1 1 0.047710 10.0
 7 97 14  1 1 0.059150 10.0
 7 97 15  1 1 0.065220 10.0
 7 97 16  1 1 0.069860 10.0
 7 97 17  1 1 0.080410 10.0
 7 97 18  1 1 0.101420 10.0
 7 97 19  1 1 0.118520 10.0
 7 97 20  1 1 0.128760 10.0
 7 97 21  1 1 0.134120 10.0
 7 97 22  1 1 0.128750 10.0
 7 97 23  1 1 0.101600 10.0
 7 97 24  1 1 0.041150 10.0
 7 98 3  1 1 0.014230 10.0
 7 98 4  1 1 0.028350 10.0
 7 98 5  1 1 0.023090 10.0
 7 98 14  1 1 0.023140 10.0
 7 98 15  1 1 0.040310 10.0
 7 98 16  1 1 0.057250 10.0
 7 98 17  1 1 0.075310 10.0
 7 98 18  1 1 0.085790 10.0
 7 98 19  1 1 0.092830 10.0
 7 98 20  1 1 0.100070 10.0
 7 98 21  1 1 0.111460 10.0
 7 98 22  1 1 0.124360 10.0
 7 98 23  1 1 0.130760 10.0
 7 98 24  1 1 0.128180 10.0
 7 98 25  1 1 0.122800 10.0
 7 98 26  1 1 0.102960 10.0
 7 98 27  1 1 0.023840 10.0
 7 99 3  1 1 0.005760 10.0
 7 99 15  1 1 0.014980 10.0
 7 99 16  1 1 0.034920 10.0
 7 99 17  1 1 0.035240 10.0
 7 99 18  1 1 0.032580 10.0
 7 99 19  1 1 0.041820 10.0
 7 99 20  1 1 0.057330 10.0
 7 99 21  1 1 0.077840 10.0
 7 99 22  1 1 0.100850 10.0
 7 99 23  1 1 0.119990 10.0
 7 99 24  1 1 0.132820 10.0
 7 99 25  1 1 0.140470 10.0
 7 99 26  1 1 0.140920 10.0
 7 99 27  1 1 0.137640 10.0
 7 99 28  1 1 0.144810 10.0
 7 99 29  1 1 0.140120 10.0
 7 100 20  1 1 0.042090 10.0
 7 100 21  1 1 0.066270 10.0
 7 100 22  1 1 0.083070 10.0
 7 100 23  1 1 0.099800 10.0
 7 100 24  1 1 0.116290 10.0
 7 100 25  1 1 0.133550 10.0
 7 100 26  1 1 0.146540 10.0
 7 100 27  1 1 0.152290 10.0
 7 100 28  1 1 0.145390 10.0
 7 100 29  1 1 0.123330 10.0
 8 1 18  1 1 0.043590 10.0
 8 1 19  1 1 0.074220 10.0
 8 1 20  1 1 0.077740 10.0
 8 1 21  1 1 0.064920 10.0
 8 1 22  1 1 0.048660 10.0
 8 2 3  1 1 0.021090 10.0
 8 2 4  1 1 0.044080 10.0
 8 2 5  1 1 0.020170 10.0
 8 2 17  1 1 0.011680 10.0
 8 2 18  1 1 0.060520 10.0
 8 2 19  1 1 0.081400 10.0
 8 2 20  1 1 0.092700 10.0
 8 2 21  1 1 0.101220 10.0
 8 2 22  1 1 0.109610 10.0
 8 2 23  1 1 0.113610 10.0
 8 2 24  1 1 0.105400 10.0
 8 2 25  1 1 0.073610 10.0
 8 2 26  1 1 0.028200 10.0
 8 3 3  1 1 0.009500 10.0
 8 3 4  1 1 0.002590 10.0
 8 3 17  1 1 0.029720 10.0
 8 3 18  1 1 0.044780 10.0
 8 3 19  1 1 0.054350 10.0
 8 3 20  1 1 0.062380 10.0
 8 3 21  1 1 0.076380 10.0
 8 3 22  1 1 0.094320 10.0
 8 3 23  1 1 0.109720 10.0
 8 3 24  1 1 0.121170 10.0
 8 3 25  1 1 0.126890 10.0
 8 3 26  1 1 0.130760 10.0
 8 3 27  1 1 0.140470 10.0
 8 3 28  1 1 0.153510 10.0
 8 3 29  1 1 0.080750 10.0
 8 4 21  1 1 0.042580 10.0
 8 4 22  1 1 0.069910 10.0
 8 4 23  1 1 0.090410 10.0
 8 4 24  1 1 0.112680 10.0
 8 4 25  1 1 0.130770 10.0
 8 4 26  1 1 0.141410 10.0
 8 4 27  1 1 0.144790 10.0
 8 4 28  1 1 0.139160 10.0
 8 4 29  1 1 0.057110 10.0
 8 5 21  1 1 0.046810 10.0
 8 5 22  1 1 0.074600 10.0
 8 5 23  1 1 0.092310 10.0
 8 5 24  1 1 0.107260 10.0
 8 5 25  1 1 0.124170 10.0
 8 5 26  1 1 0.132880 10.0
 8 5 27  1 1 0.124560 10.0
 8 6 19  1 1 0.001110 10.0
 8 6 20  1 1 0.038950 10.0
 8 6 21  1 1 0.066380 10.0
 8 6 22  1 1 0.093030 10.0
 8 6 23  1 1 0.108820 10.0
 8 6 24  1 1 0.117440 10.0
 8 6 25  1 1 0.127150 10.0
 8 6 26  1 1 0.141120 10.0
 8 6 27  1 1 0.138170 10.0
 8 6 28  1 1 0.103780 10.0
 8 7 20  1 1 0.039630 10.0
 8 7 21  1 1 0.066710 10.0
 8 7 22  1 1 0.088120 10.0
 8 7 23  1 1 0.100830 10.0
 8 7 24  1 1 0.099470 10.0
 8 7 25  1 1 0.094830 10.0
 8 7 26  1 1 0.092290 10.0
 8 7 27  1 1 0.080750 10.0
 8 8 21  1 1 0.033530 10.0
 8 8 22  1 1 0.072980 10.0
 8 8 23  1 1 0.095190 10.0
 8 8 24  1 1 0.106190 10.0
 8 8 25  1 1 0.108140 10.0
 8 8 26  1 1 0.082960 10.0
 8 9 22  1 1 0.031960 10.0
 8 9 23  1 1 0.068310 10.0
 8 9 24  1 1 0.091620 10.0
 8 9 25  1 1 0.112280 10.0
 8 9 26  1 1 0.096430 10.0
 8 34 24  1 1 0.026320 10.0
 8 34 25  1 1 0.049910 10.0
 8 34 26  1 1 0.056420 10.0
 8 35 22  1 1 0.006540 10.0
 8 35 23  1 1 0.085950 10.0
 8 35 24  1 1 0.113770 10.0
 8 35 25  1 1 0.130650 10.0
 8 35 26  1 1 0.140400 10.0
 8 35 27  1 1 0.141730 10.0
 8 35 28  1 1 0.124680 10.0
 8 35 29  1 1 0.007860 10.0
 8 36 20  1 1 0.000580 10.0
 8 36 21  1 1 0.067400 10.0
 8 36 22  1 1 0.089320 10.0
 8 36 23  1 1 0.099610 10.0
 8 36 24  1 1 0.107810 10.0
 8 36 25  1 1 0.117260 10.0
 8 36 26  1 1 0.129420 10.0
 8 36 27  1 1 0.139250 10.0
 8 36 28  1 1 0.142840 10.0
 8 36 29  1 1 0.138560 10.0
 8 36 30  1 1 0.112800 10.0
 8 37 19  1 1 0.061470 10.0
 8 37 20  1 1 0.086870 10.0
 8 37 21  1 1 0.092640 10.0
 8 37 22  1 1 0.086170 10.0
 8 37 23  1 1 0.079890 10.0
 8 37 24  1 1 0.086510 10.0
 8 37 25  1 1 0.102490 10.0
 8 37 26  1 1 0.122320 10.0
 8 37 27  1 1 0.138750 10.0
 8 37 28  1 1 0.148910 10.0
 8 37 29  1 1 0.149920 10.0
 8 37 30  1 1 0.135280 10.0
 8 37 31  1 1 0.103450 10.0
 8 38 18  1 1 0.068930 10.0
 8 38 19  1 1 0.089680 10.0
 8 38 20  1 1 0.091190 10.0
 8 38 21  1 1 0.069520 10.0
 8 38 22  1 1 0.036750 10.0
 8 38 23  1 1 0.015510 10.0
 8 38 24  1 1 0.035830 10.0
 8 38 25  1 1 0.077100 10.0
 8 38 26  1 1 0.111070 10.0
 8 38 27  1 1 0.135720 10.0
 8 38 28  1 1 0.150850 10.0
 8 38 29  1 1 0.153470 10.0
 8 38 30  1 1 0.131880 10.0
 8 38 31  1 1 0.080380 10.0
 8 39 17  1 1 0.002430 10.0
 8 39 18  1 1 0.069700 10.0
 8 39 19  1 1 0.086140 10.0
 8 39 20  1 1 0.077060 10.0
 8 39 21  1 1 0.008520 10.0
 8 39 25  1 1 0.038090 10.0
 8 39 26  1 1 0.090200 10.0
 8 39 27  1 1 0.108200 10.0
 8 39 28  1 1 0.126560 10.0
 8 39 29  1 1 0.133870 10.0
 8 39 30  1 1 0.150600 10.0
 8 40 16  1 1 0.017450 10.0
 8 40 17  1 1 0.071540 10.0
 8 40 18  1 1 0.095400 10.0
 8 40 19  1 1 0.100400 10.0
 8 40 20  1 1 0.080550 10.0
 8 40 27  1 1 0.050210 10.0
 8 40 28  1 1 0.089850 10.0
 8 40 29  1 1 0.109390 10.0
 8 41 14  1 1 0.024800 10.0
 8 41 15  1 1 0.054570 10.0
 8 41 16  1 1 0.079520 10.0
 8 41 17  1 1 0.100270 10.0
 8 41 18  1 1 0.112770 10.0
 8 41 19  1 1 0.113760 10.0
 8 41 20  1 1 0.096180 10.0
 8 41 21  1 1 0.050170 10.0
 8 42 12  1 1 0.001730 10.0
 8 42 13  1 1 0.031280 10.0
 8 42 14  1 1 0.047730 10.0
 8 42 15  1 1 0.064100 10.0
 8 42 16  1 1 0.082840 10.0
 8 42 17  1 1 0.094840 10.0
 8 42 18  1 1 0.099610 10.0
 8 42 19  1 1 0.109540 10.0
 8 42 20  1 1 0.111960 10.0
 8 42 21  1 1 0.094810 10.0
 8 42 22  1 1 0.062160 10.0
 8 43 16  1 1 0.032750 10.0
 8 43 17  1 1 0.035360 10.0
 8 48 7  1 1 0.027660 10.0
 8 48 8  1 1 0.047430 10.0
 8 48 9  1 1 0.056880 10.0
 8 48 10  1 1 0.059420 10.0
 8 48 11  1 1 0.055330 10.0
 8 48 12  1 1 0.058850 10.0
 8 48 13  1 1 0.057440 10.0
 8 48 14  1 1 0.014110 10.0
 8 49 6  1 1 0.033740 10.0
 8 49 7  1 1 0.060200 10.0
 8 49 8  1 1 0.075440 10.0
 8 49 9  1 1 0.085370 10.0
 8 49 10  1 1 0.095050 10.0
 8 49 11  1 1 0.104780 10.0
 8 49 12  1 1 0.111480 10.0
 8 49 13  1 1 0.113660 10.0
 8 49 14  1 1 0.109310 10.0
 8 49 15  1 1 0.080210 10.0
 8 50 4  1 1 0.018890 10.0
 8 50 5  1 1 0.046590 10.0
 8 50 6  1 1 0.060830 10.0
 8 50 7  1 1 0.070820 10.0
 8 50 8  1 1 0.079180 10.0
 8 50 9  1 1 0.087280 10.0
 8 50 10  1 1 0.095060 10.0
 8 50 11  1 1 0.102060 10.0
 8 50 12  1 1 0.108180 10.0
 8 50 13  1 1 0.112380 10.0
 8 50 14  1 1 0.112130 10.0
 8 50 15  1 1 0.105070 10.0
 8 50 16  1 1 0.082830 10.0
 8 51 4  1 1 0.019570 10.0
 8 51 5  1 1 0.038810 10.0
 8 51 6  1 1 0.051690 10.0
 8 51 7  1 1 0.060220 10.0
 8 51 8  1 1 0.069010 10.0
 8 51 9  1 1 0.077770 10.0
 8 51 10  1 1 0.084060 10.0
 8 51 11  1 1 0.090100 10.0
 8 51 12  1 1 0.096760 10.0
 8 51 13  1 1 0.103030 10.0
 8 51 14  1 1 0.105290 10.0
 8 51 15  1 1 0.098670 10.0
 8 51 16  1 1 0.088260 10.0
 8 51 17  1 1 0.023300 10.0
 8 52 4  1 1 0.015920 10.0
 8 52 5  1 1 0.036600 10.0
 8 52 6  1 1 0.041610 10.0
 8 52 7  1 1 0.039920 10.0
 8 52 8  1 1 0.046940 10.0
 8 52 9  1 1 0.050280 10.0
 8 52 10  1 1 0.046460 10.0
 8 52 11  1 1 0.051520 10.0
 8 52 12  1 1 0.062580 10.0
 8 52 13  1 1 0.073520 10.0
 8 52 14  1 1 0.075610 10.0
 8 52 15  1 1 0.056370 10.0
 8 52 16  1 1 0.051160 10.0
 8 53 4  1 1 0.024540 10.0
 8 53 5  1 1 0.034510 10.0
 8 53 6  1 1 0.020000 10.0
 8 53 7  1 1 0.001980 10.0
 8 53 8  1 1 0.015920 10.0
 8 54 3  1 1 0.003990 10.0
 8 54 4  1 1 0.028290 10.0
 8 54 5  1 1 0.022200 10.0
 8 55 3  1 1 0.005760 10.0
 8 55 4  1 1 0.026970 10.0
 8 55 21  1 1 0.003410 10.0
 8 55 22  1 1 0.020340 10.0
 8 56 3  1 1 0.011020 10.0
 8 56 4  1 1 0.030810 10.0
 8 57 3  1 1 0.016990 10.0
 8 57 4  1 1 0.036720 10.0
 8 57 5  1 1 0.028530 10.0
 8 58 4  1 1 0.026940 10.0
 8 58 5  1 1 0.035860 10.0
 8 58 6  1 1 0.043240 10.0
 8 84 14  1 1 0.009460 10.0
 8 84 15  1 1 0.030870 10.0
 8 84 16  1 1 0.026480 10.0
 8 85 2  1 1 0.007490 10.0
 8 85 3  1 1 0.038460 10.0
 8 85 4  1 1 0.042110 10.0
 8 85 5  1 1 0.040720 10.0
 8 85 12  1 1 0.020070 10.0
 8 85 13  1 1 0.053380 10.0
 8 85 14  1 1 0.086260 10.0
 8 85 15  1 1 0.102690 10.0
 8 85 16  1 1 0.112690 10.0
 8 85 17  1 1 0.118900 10.0
 8 85 18  1 1 0.122360 10.0
 8 85 19  1 1 0.112220 10.0
 8 85 20  1 1 0.055090 10.0
 8 86 3  1 1 0.023450 10.0
 8 86 4  1 1 0.028620 10.0
 8 86 5  1 1 0.020540 10.0
 8 86 12  1 1 0.005310 10.0
 8 86 13  1 1 0.040470 10.0
 8 86 14  1 1 0.064240 10.0
 8 86 15  1 1 0.079070 10.0
 8 86 16  1 1 0.090880 10.0
 8 86 17  1 1 0.102920 10.0
 8 86 18  1 1 0.115930 10.0
 8 86 19  1 1 0.127690 10.0
 8 86 20  1 1 0.135560 10.0
 8 86 21  1 1 0.125600 10.0
 8 86 22  1 1 0.065910 10.0
 8 87 3  1 1 0.009130 10.0
 8 87 4  1 1 0.024240 10.0
 8 87 5  1 1 0.018070 10.0
 8 87 13  1 1 0.001360 10.0
 8 87 14  1 1 0.034240 10.0
 8 87 15  1 1 0.050590 10.0
 8 87 16  1 1 0.064520 10.0
 8 87 17  1 1 0.077360 10.0
 8 87 18  1 1 0.090260 10.0
 8 87 19  1 1 0.103750 10.0
 8 87 20  1 1 0.118430 10.0
 8 87 21  1 1 0.132590 10.0
 8 87 22  1 1 0.138270 10.0
 8 87 23  1 1 0.122750 10.0
 8 87 24  1 1 0.046830 10.0
 8 88 3  1 1 0.020300 10.0
 8 88 4  1 1 0.030780 10.0
 8 88 5  1 1 0.022200 10.0
 8 88 14  1 1 0.001360 10.0
 8 88 15  1 1 0.028200 10.0
 8 88 16  1 1 0.047780 10.0
 8 88 17  1 1 0.062080 10.0
 8 88 18  1 1 0.069160 10.0
 8 88 19  1 1 0.075880 10.0
 8 88 20  1 1 0.087040 10.0
 8 88 21  1 1 0.107130 10.0
 8 88 22  1 1 0.128640 10.0
 8 88 23  1 1 0.135450 10.0
 8 88 24  1 1 0.122710 10.0
 8 88 25  1 1 0.059620 10.0
 8 89 3  1 1 0.025170 10.0
 8 89 4  1 1 0.037190 10.0
 8 89 5  1 1 0.038210 10.0
 8 89 6  1 1 0.007980 10.0
 8 89 9  1 1 0.004850 10.0
 8 89 10  1 1 0.019420 10.0
 8 89 11  1 1 0.025650 10.0
 8 89 12  1 1 0.030690 10.0
 8 89 13  1 1 0.038580 10.0
 8 89 14  1 1 0.047660 10.0
 8 89 15  1 1 0.056970 10.0
 8 89 16  1 1 0.065320 10.0
 8 89 17  1 1 0.069050 10.0
 8 89 18  1 1 0.066240 10.0
 8 89 19  1 1 0.066260 10.0
 8 89 20  1 1 0.076140 10.0
 8 89 21  1 1 0.092280 10.0
 8 89 22  1 1 0.116140 10.0
 8 89 23  1 1 0.133710 10.0
 8 89 24  1 1 0.134510 10.0
 8 89 25  1 1 0.117990 10.0
 8 90 3  1 1 0.026220 10.0
 8 90 4  1 1 0.040310 10.0
 8 90 5  1 1 0.048230 10.0
 8 90 6  1 1 0.049910 10.0
 8 90 7  1 1 0.049460 10.0
 8 90 8  1 1 0.058390 10.0
 8 90 9  1 1 0.070610 10.0
 8 90 10  1 1 0.080510 10.0
 8 90 11  1 1 0.088040 10.0
 8 90 12  1 1 0.094680 10.0
 8 90 13  1 1 0.100560 10.0
 8 90 14  1 1 0.101920 10.0
 8 90 15  1 1 0.096490 10.0
 8 90 16  1 1 0.081870 10.0
 8 90 17  1 1 0.053880 10.0
 8 90 18  1 1 0.026560 10.0
 8 90 19  1 1 0.031530 10.0
 8 90 20  1 1 0.053970 10.0
 8 90 21  1 1 0.079210 10.0
 8 90 22  1 1 0.103540 10.0
 8 90 23  1 1 0.127460 10.0
 8 90 24  1 1 0.140030 10.0
 8 90 25  1 1 0.132080 10.0
 8 90 26  1 1 0.083440 10.0
 8 91 2  1 1 0.001810 10.0
 8 91 3  1 1 0.027470 10.0
 8 91 4  1 1 0.041610 10.0
 8 91 5  1 1 0.051220 10.0
 8 91 6  1 1 0.057810 10.0
 8 91 7  1 1 0.067510 10.0
 8 91 8  1 1 0.079060 10.0
 8 91 9  1 1 0.089380 10.0
 8 91 10  1 1 0.097730 10.0
 8 91 11  1 1 0.104290 10.0
 8 91 12  1 1 0.108600 10.0
 8 91 13  1 1 0.108140 10.0
 8 91 14  1 1 0.096900 10.0
 8 91 15  1 1 0.065050 10.0
 8 91 21  1 1 0.049720 10.0
 8 91 22  1 1 0.087390 10.0
 8 91 23  1 1 0.115670 10.0
 8 91 24  1 1 0.129970 10.0
 8 91 25  1 1 0.127060 10.0
 8 91 26  1 1 0.097330 10.0
 8 92 3  1 1 0.026590 10.0
 8 92 4  1 1 0.042210 10.0
 8 92 5  1 1 0.055150 10.0
 8 92 6  1 1 0.065520 10.0
 8 92 7  1 1 0.073230 10.0
 8 92 8  1 1 0.078040 10.0
 8 92 9  1 1 0.082100 10.0
 8 92 10  1 1 0.087170 10.0
 8 92 11  1 1 0.092730 10.0
 8 92 12  1 1 0.095810 10.0
 8 92 13  1 1 0.089620 10.0
 8 92 14  1 1 0.063410 10.0
 8 92 21  1 1 0.002670 10.0
 8 92 22  1 1 0.081030 10.0
 8 92 23  1 1 0.113990 10.0
 8 92 24  1 1 0.129000 10.0
 8 92 25  1 1 0.133390 10.0
 8 92 26  1 1 0.117480 10.0
 8 92 27  1 1 0.050990 10.0
 8 93 2  1 1 0.002140 10.0
 8 93 3  1 1 0.030750 10.0
 8 93 4  1 1 0.047020 10.0
 8 93 5  1 1 0.055130 10.0
 8 93 6  1 1 0.053460 10.0
 8 93 7  1 1 0.044180 10.0
 8 93 8  1 1 0.038780 10.0
 8 93 9  1 1 0.044230 10.0
 8 93 10  1 1 0.056900 10.0
 8 93 11  1 1 0.071030 10.0
 8 93 12  1 1 0.078620 10.0
 8 93 13  1 1 0.074000 10.0
 8 93 14  1 1 0.036260 10.0
 8 93 22  1 1 0.023180 10.0
 8 93 23  1 1 0.103490 10.0
 8 93 24  1 1 0.126580 10.0
 8 93 25  1 1 0.119960 10.0
 8 93 26  1 1 0.096090 10.0
 8 94 2  1 1 0.003950 10.0
 8 94 3  1 1 0.028950 10.0
 8 94 4  1 1 0.036670 10.0
 8 94 5  1 1 0.019820 10.0
 8 94 11  1 1 0.045780 10.0
 8 94 12  1 1 0.061310 10.0
 8 94 13  1 1 0.056990 10.0
 8 95 2  1 1 0.001520 10.0
 8 95 3  1 1 0.023880 10.0
 8 95 11  1 1 0.008060 10.0
 8 95 12  1 1 0.056260 10.0
 8 95 13  1 1 0.065630 10.0
 8 95 14  1 1 0.045670 10.0
 8 96 3  1 1 0.001810 10.0
 8 96 12  1 1 0.020030 10.0
 8 96 13  1 1 0.037740 10.0
 8 97 18  1 1 0.043590 10.0
 8 97 19  1 1 0.074220 10.0
 8 97 20  1 1 0.077740 10.0
 8 97 21  1 1 0.064920 10.0
 8 97 22  1 1 0.048660 10.0
 8 98 3  1 1 0.021090 10.0
 8 98 4  1 1 0.044080 10.0
 8 98 5  1 1 0.020170 10.0
 8 98 17  1 1 0.011680 10.0
 8 98 18  1 1 0.060520 10.0
 8 98 19  1 1 0.081400 10.0
 8 98 20  1 1 0.092700 10.0
 8 98 21  1 1 0.101220 10.0
 8 98 22  1 1 0.109610 10.0
 8 98 23  1 1 0.113610 10.0
 8 98 24  1 1 0.105400 10.0
 8 98 25  1 1 0.073610 10.0
 8 98 26  1 1 0.028200 10.0
 8 99 3  1 1 0.009500 10.0
 8 99 4  1 1 0.002590 10.0
 8 99 17  1 1 0.029720 10.0
 8 99 18  1 1 0.044780 10.0
 8 99 19  1 1 0.054350 10.0
 8 99 20  1 1 0.062380 10.0
 8 99 21  1 1 0.076380 10.0
 8 99 22  1 1 0.094320 10.0
 8 99 23  1 1 0.109720 10.0
 8 99 24  1 1 0.121170 10.0
 8 99 25  1 1 0.126890 10.0
 8 99 26  1 1 0.130760 10.0
 8 99 27  1 1 0.140470 10.0
 8 99 28  1 1 0.153510 10.0
 8 99 29  1 1 0.080750 10.0
 8 100 21  1 1 0.042580 10.0
 8 100 22  1 1 0.069910 10.0
 8 100 23  1 1 0.090410 10.0
 8 100 24  1 1 0.112680 10.0
 8 100 25  1 1 0.130770 10.0
 8 100 26  1 1 0.141410 10.0
 8 100 27  1 1 0.144790 10.0
 8 100 28  1 1 0.139160 10.0
 8 100 29  1 1 0.057110 10.0
 9 2 3  1 1 0.017030 10.0
 9 2 4  1 1 0.039230 10.0
 9 2 21  1 1 0.016910 10.0
 9 2 22  1 1 0.024170 10.0
 9 2 23  1 1 0.000170 10.0
 9 3 3  1 1 0.019670 10.0
 9 3 4  1 1 0.024420 10.0
 9 3 19  1 1 0.038440 10.0
 9 3 20  1 1 0.065380 10.0
 9 3 21  1 1 0.081370 10.0
 9 3 22  1 1 0.095070 10.0
 9 3 23  1 1 0.106820 10.0
 9 3 24  1 1 0.116760 10.0
 9 3 25  1 1 0.127220 10.0
 9 3 26  1 1 0.138150 10.0
 9 3 27  1 1 0.145800 10.0
 9 4 18  1 1 0.030610 10.0
 9 4 19  1 1 0.047680 10.0
 9 4 20  1 1 0.060220 10.0
 9 4 21  1 1 0.074800 10.0
 9 4 22  1 1 0.089520 10.0
 9 4 23  1 1 0.103130 10.0
 9 4 24  1 1 0.116290 10.0
 9 4 25  1 1 0.126920 10.0
 9 4 26  1 1 0.134090 10.0
 9 4 27  1 1 0.133650 10.0
 9 4 28  1 1 0.097510 10.0
 9 5 18  1 1 0.007360 10.0
 9 5 19  1 1 0.027200 10.0
 9 5 20  1 1 0.043350 10.0
 9 5 21  1 1 0.062500 10.0
 9 5 22  1 1 0.079760 10.0
 9 5 23  1 1 0.095630 10.0
 9 5 24  1 1 0.112660 10.0
 9 5 25  1 1 0.125820 10.0
 9 5 26  1 1 0.130430 10.0
 9 5 27  1 1 0.122320 10.0
 9 6 17  1 1 0.006910 10.0
 9 6 18  1 1 0.029850 10.0
 9 6 19  1 1 0.046780 10.0
 9 6 20  1 1 0.062060 10.0
 9 6 21  1 1 0.076880 10.0
 9 6 22  1 1 0.091270 10.0
 9 6 23  1 1 0.105180 10.0
 9 6 24  1 1 0.117770 10.0
 9 6 25  1 1 0.128760 10.0
 9 6 26  1 1 0.134370 10.0
 9 6 27  1 1 0.123230 10.0
 9 6 28  1 1 0.070390 10.0
 9 6 29  1 1 0.060790 10.0
 9 6 30  1 1 0.101270 10.0
 9 7 19  1 1 0.017900 10.0
 9 7 20  1 1 0.039870 10.0
 9 7 21  1 1 0.062220 10.0
 9 7 22  1 1 0.084970 10.0
 9 7 23  1 1 0.101540 10.0
 9 7 24  1 1 0.112470 10.0
 9 7 25  1 1 0.122050 10.0
 9 7 26  1 1 0.127320 10.0
 9 7 27  1 1 0.124120 10.0
 9 7 28  1 1 0.094430 10.0
 9 8 22  1 1 0.047520 10.0
 9 8 23  1 1 0.079920 10.0
 9 8 24  1 1 0.099350 10.0
 9 8 25  1 1 0.111010 10.0
 9 8 26  1 1 0.116080 10.0
 9 34 23  1 1 0.042710 10.0
 9 34 24  1 1 0.090460 10.0
 9 34 25  1 1 0.102900 10.0
 9 34 26  1 1 0.102520 10.0
 9 34 27  1 1 0.084160 10.0
 9 35 22  1 1 0.060850 10.0
 9 35 23  1 1 0.091880 10.0
 9 35 24  1 1 0.105780 10.0
 9 35 25  1 1 0.116590 10.0
 9 35 26  1 1 0.126490 10.0
 9 35 27  1 1 0.130690 10.0
 9 35 28  1 1 0.119890 10.0
 9 36 20  1 1 0.053820 10.0
 9 36 21  1 1 0.081440 10.0
 9 36 22  1 1 0.086970 10.0
 9 36 23  1 1 0.083620 10.0
 9 36 24  1 1 0.084250 10.0
 9 36 25  1 1 0.093710 10.0
 9 36 26  1 1 0.111180 10.0
 9 36 27  1 1 0.125000 10.0
 9 36 28  1 1 0.127520 10.0
 9 36 29  1 1 0.115390 10.0
 9 37 18  1 1 0.052680 10.0
 9 37 19  1 1 0.084510 10.0
 9 37 20  1 1 0.094100 10.0
 9 37 21  1 1 0.079300 10.0
 9 37 22  1 1 0.044400 10.0
 9 37 23  1 1 0.022220 10.0
 9 37 24  1 1 0.048140 10.0
 9 37 25  1 1 0.084920 10.0
 9 37 26  1 1 0.117360 10.0
 9 37 27  1 1 0.134890 10.0
 9 37 28  1 1 0.137960 10.0
 9 37 29  1 1 0.120360 10.0
 9 37 30  1 1 0.064740 10.0
 9 38 16  1 1 0.017710 10.0
 9 38 17  1 1 0.063330 10.0
 9 38 18  1 1 0.090650 10.0
 9 38 19  1 1 0.099070 10.0
 9 38 20  1 1 0.081750 10.0
 9 38 24  1 1 0.027820 10.0
 9 38 25  1 1 0.085740 10.0
 9 38 26  1 1 0.117640 10.0
 9 38 27  1 1 0.135680 10.0
 9 38 28  1 1 0.135630 10.0
 9 38 29  1 1 0.132080 10.0
 9 39 17  1 1 0.054530 10.0
 9 39 18  1 1 0.086260 10.0
 9 39 19  1 1 0.092370 10.0
 9 39 20  1 1 0.072710 10.0
 9 39 25  1 1 0.090670 10.0
 9 39 26  1 1 0.114270 10.0
 9 39 27  1 1 0.133510 10.0
 9 39 28  1 1 0.135330 10.0
 9 39 29  1 1 0.048100 10.0
 9 40 16  1 1 0.025270 10.0
 9 40 17  1 1 0.072490 10.0
 9 40 18  1 1 0.095100 10.0
 9 40 19  1 1 0.102350 10.0
 9 40 20  1 1 0.083390 10.0
 9 40 25  1 1 0.018420 10.0
 9 40 26  1 1 0.084990 10.0
 9 40 27  1 1 0.072460 10.0
 9 41 12  1 1 0.000990 10.0
 9 41 13  1 1 0.016750 10.0
 9 41 14  1 1 0.042480 10.0
 9 41 15  1 1 0.064680 10.0
 9 41 16  1 1 0.083620 10.0
 9 41 17  1 1 0.101180 10.0
 9 41 18  1 1 0.112440 10.0
 9 41 19  1 1 0.118350 10.0
 9 41 20  1 1 0.110630 10.0
 9 41 21  1 1 0.085790 10.0
 9 41 22  1 1 0.032700 10.0
 9 42 12  1 1 0.030630 10.0
 9 42 13  1 1 0.047050 10.0
 9 42 14  1 1 0.054590 10.0
 9 42 15  1 1 0.065490 10.0
 9 42 16  1 1 0.083040 10.0
 9 42 17  1 1 0.100580 10.0
 9 42 18  1 1 0.113820 10.0
 9 42 19  1 1 0.124030 10.0
 9 42 20  1 1 0.128650 10.0
 9 42 21  1 1 0.124120 10.0
 9 42 22  1 1 0.112610 10.0
 9 42 23  1 1 0.087900 10.0
 9 43 16  1 1 0.005760 10.0
 9 43 17  1 1 0.046850 10.0
 9 43 18  1 1 0.062540 10.0
 9 43 19  1 1 0.080550 10.0
 9 43 20  1 1 0.094780 10.0
 9 43 21  1 1 0.100930 10.0
 9 43 22  1 1 0.096210 10.0
 9 43 23  1 1 0.071460 10.0
 9 43 24  1 1 0.030310 10.0
 9 44 21  1 1 0.016750 10.0
 9 44 22  1 1 0.034120 10.0
 9 44 23  1 1 0.015550 10.0
 9 49 8  1 1 0.027980 10.0
 9 49 9  1 1 0.043320 10.0
 9 49 10  1 1 0.056790 10.0
 9 49 11  1 1 0.066580 10.0
 9 49 12  1 1 0.072290 10.0
 9 49 13  1 1 0.075670 10.0
 9 49 14  1 1 0.067960 10.0
 9 50 5  1 1 0.032210 10.0
 9 50 6  1 1 0.051610 10.0
 9 50 7  1 1 0.063350 10.0
 9 50 8  1 1 0.071410 10.0
 9 50 9  1 1 0.079180 10.0
 9 50 10  1 1 0.087180 10.0
 9 50 11  1 1 0.093550 10.0
 9 50 12  1 1 0.096730 10.0
 9 50 13  1 1 0.093120 10.0
 9 50 14  1 1 0.081590 10.0
 9 50 15  1 1 0.049110 10.0
 9 51 3  1 1 0.005640 10.0
 9 51 4  1 1 0.033250 10.0
 9 51 5  1 1 0.049110 10.0
 9 51 6  1 1 0.059880 10.0
 9 51 7  1 1 0.067700 10.0
 9 51 8  1 1 0.072670 10.0
 9 51 9  1 1 0.074270 10.0
 9 51 10  1 1 0.076450 10.0
 9 51 11  1 1 0.080070 10.0
 9 51 12  1 1 0.083780 10.0
 9 51 13  1 1 0.078550 10.0
 9 51 14  1 1 0.062380 10.0
 9 51 15  1 1 0.050300 10.0
 9 52 4  1 1 0.020800 10.0
 9 52 5  1 1 0.037240 10.0
 9 52 6  1 1 0.046270 10.0
 9 52 7  1 1 0.051360 10.0
 9 52 8  1 1 0.048710 10.0
 9 52 9  1 1 0.025380 10.0
 9 52 11  1 1 0.002670 10.0
 9 52 12  1 1 0.024750 10.0
 9 52 13  1 1 0.028710 10.0
 9 52 25  1 1 0.048930 10.0
 9 52 26  1 1 0.067300 10.0
 9 53 4  1 1 0.020300 10.0
 9 53 5  1 1 0.022720 10.0
 9 53 6  1 1 0.021550 10.0
 9 53 7  1 1 0.025130 10.0
 9 53 22  1 1 0.027630 10.0
 9 53 23  1 1 0.018960 10.0
 9 54 3  1 1 0.013250 10.0
 9 54 4  1 1 0.005310 10.0
 9 54 22  1 1 0.005140 10.0
 9 55 3  1 1 0.005220 10.0
 9 57 4  1 1 0.014650 10.0
 9 58 4  1 1 0.018390 10.0
 9 58 5  1 1 0.016750 10.0
 9 58 6  1 1 0.022630 10.0
 9 83 15  1 1 0.000740 10.0
 9 84 11  1 1 0.019180 10.0
 9 84 12  1 1 0.047110 10.0
 9 84 13  1 1 0.066890 10.0
 9 84 14  1 1 0.084510 10.0
 9 84 15  1 1 0.098180 10.0
 9 84 16  1 1 0.104640 10.0
 9 84 17  1 1 0.097420 10.0
 9 84 18  1 1 0.077440 10.0
 9 84 19  1 1 0.050630 10.0
 9 85 4  1 1 0.033020 10.0
 9 85 5  1 1 0.039620 10.0
 9 85 6  1 1 0.016590 10.0
 9 85 11  1 1 0.036230 10.0
 9 85 12  1 1 0.062280 10.0
 9 85 13  1 1 0.081790 10.0
 9 85 14  1 1 0.096930 10.0
 9 85 15  1 1 0.109610 10.0
 9 85 16  1 1 0.120750 10.0
 9 85 17  1 1 0.130990 10.0
 9 85 18  1 1 0.138300 10.0
 9 85 19  1 1 0.137600 10.0
 9 85 20  1 1 0.120070 10.0
 9 85 21  1 1 0.080950 10.0
 9 86 3  1 1 0.024460 10.0
 9 86 4  1 1 0.042940 10.0
 9 86 5  1 1 0.051870 10.0
 9 86 6  1 1 0.054620 10.0
 9 86 7  1 1 0.045300 10.0
 9 86 8  1 1 0.027100 10.0
 9 86 9  1 1 0.019650 10.0
 9 86 10  1 1 0.026210 10.0
 9 86 11  1 1 0.038500 10.0
 9 86 12  1 1 0.053310 10.0
 9 86 13  1 1 0.069290 10.0
 9 86 14  1 1 0.084580 10.0
 9 86 15  1 1 0.097920 10.0
 9 86 16  1 1 0.109860 10.0
 9 86 17  1 1 0.120830 10.0
 9 86 18  1 1 0.131260 10.0
 9 86 19  1 1 0.139970 10.0
 9 86 20  1 1 0.145570 10.0
 9 86 21  1 1 0.145560 10.0
 9 86 22  1 1 0.127100 10.0
 9 86 23  1 1 0.061270 10.0
 9 87 3  1 1 0.016090 10.0
 9 87 4  1 1 0.032370 10.0
 9 87 5  1 1 0.040600 10.0
 9 87 6  1 1 0.038900 10.0
 9 87 7  1 1 0.036510 10.0
 9 87 8  1 1 0.030340 10.0
 9 87 9  1 1 0.034250 10.0
 9 87 10  1 1 0.047470 10.0
 9 87 11  1 1 0.061130 10.0
 9 87 12  1 1 0.073300 10.0
 9 87 13  1 1 0.084540 10.0
 9 87 14  1 1 0.094840 10.0
 9 87 15  1 1 0.103640 10.0
 9 87 16  1 1 0.112260 10.0
 9 87 17  1 1 0.121260 10.0
 9 87 18  1 1 0.129740 10.0
 9 87 19  1 1 0.138070 10.0
 9 87 20  1 1 0.146800 10.0
 9 87 21  1 1 0.154170 10.0
 9 87 22  1 1 0.156760 10.0
 9 87 23  1 1 0.150240 10.0
 9 87 24  1 1 0.122050 10.0
 9 87 25  1 1 0.041100 10.0
 9 88 3  1 1 0.022080 10.0
 9 88 4  1 1 0.038410 10.0
 9 88 5  1 1 0.045550 10.0
 9 88 6  1 1 0.034880 10.0
 9 88 7  1 1 0.035210 10.0
 9 88 8  1 1 0.047850 10.0
 9 88 9  1 1 0.058740 10.0
 9 88 10  1 1 0.067400 10.0
 9 88 11  1 1 0.074440 10.0
 9 88 12  1 1 0.080800 10.0
 9 88 13  1 1 0.086830 10.0
 9 88 14  1 1 0.093960 10.0
 9 88 15  1 1 0.101020 10.0
 9 88 16  1 1 0.108430 10.0
 9 88 17  1 1 0.116090 10.0
 9 88 18  1 1 0.122980 10.0
 9 88 19  1 1 0.130140 10.0
 9 88 20  1 1 0.137480 10.0
 9 88 21  1 1 0.147550 10.0
 9 88 22  1 1 0.158500 10.0
 9 88 23  1 1 0.162450 10.0
 9 88 24  1 1 0.154190 10.0
 9 88 25  1 1 0.130000 10.0
 9 88 26  1 1 0.050820 10.0
 9 89 3  1 1 0.024610 10.0
 9 89 4  1 1 0.040440 10.0
 9 89 5  1 1 0.049060 10.0
 9 89 6  1 1 0.048500 10.0
 9 89 7  1 1 0.053330 10.0
 9 89 8  1 1 0.065330 10.0
 9 89 9  1 1 0.077890 10.0
 9 89 10  1 1 0.087450 10.0
 9 89 11  1 1 0.094730 10.0
 9 89 12  1 1 0.100390 10.0
 9 89 13  1 1 0.104810 10.0
 9 89 14  1 1 0.108670 10.0
 9 89 15  1 1 0.112320 10.0
 9 89 16  1 1 0.116270 10.0
 9 89 17  1 1 0.120300 10.0
 9 89 18  1 1 0.122400 10.0
 9 89 19  1 1 0.125420 10.0
 9 89 20  1 1 0.131540 10.0
 9 89 21  1 1 0.139310 10.0
 9 89 22  1 1 0.150070 10.0
 9 89 23  1 1 0.160340 10.0
 9 89 24  1 1 0.161790 10.0
 9 89 25  1 1 0.145130 10.0
 9 89 26  1 1 0.102690 10.0
 9 90 3  1 1 0.025520 10.0
 9 90 4  1 1 0.040260 10.0
 9 90 5  1 1 0.051670 10.0
 9 90 6  1 1 0.061780 10.0
 9 90 7  1 1 0.071710 10.0
 9 90 8  1 1 0.081110 10.0
 9 90 9  1 1 0.089700 10.0
 9 90 10  1 1 0.097310 10.0
 9 90 11  1 1 0.103990 10.0
 9 90 12  1 1 0.110070 10.0
 9 90 13  1 1 0.115270 10.0
 9 90 14  1 1 0.119960 10.0
 9 90 15  1 1 0.123460 10.0
 9 90 16  1 1 0.123460 10.0
 9 90 17  1 1 0.119180 10.0
 9 90 18  1 1 0.114920 10.0
 9 90 19  1 1 0.116390 10.0
 9 90 20  1 1 0.122530 10.0
 9 90 21  1 1 0.131780 10.0
 9 90 22  1 1 0.143050 10.0
 9 90 23  1 1 0.154830 10.0
 9 90 24  1 1 0.161620 10.0
 9 90 25  1 1 0.151170 10.0
 9 90 26  1 1 0.117180 10.0
 9 91 3  1 1 0.019860 10.0
 9 91 4  1 1 0.030390 10.0
 9 91 5  1 1 0.038420 10.0
 9 91 6  1 1 0.048010 10.0
 9 91 7  1 1 0.058620 10.0
 9 91 8  1 1 0.068620 10.0
 9 91 9  1 1 0.077370 10.0
 9 91 10  1 1 0.084850 10.0
 9 91 11  1 1 0.091810 10.0
 9 91 12  1 1 0.098890 10.0
 9 91 13  1 1 0.104980 10.0
 9 91 14  1 1 0.107890 10.0
 9 91 15  1 1 0.102980 10.0
 9 91 16  1 1 0.090290 10.0
 9 91 17  1 1 0.070290 10.0
 9 91 18  1 1 0.052270 10.0
 9 91 19  1 1 0.051720 10.0
 9 91 20  1 1 0.065260 10.0
 9 91 21  1 1 0.088810 10.0
 9 91 22  1 1 0.113670 10.0
 9 91 23  1 1 0.135870 10.0
 9 91 24  1 1 0.149410 10.0
 9 91 25  1 1 0.148350 10.0
 9 91 26  1 1 0.124380 10.0
 9 92 5  1 1 0.009010 10.0
 9 92 6  1 1 0.020990 10.0
 9 92 7  1 1 0.032530 10.0
 9 92 8  1 1 0.043370 10.0
 9 92 9  1 1 0.051310 10.0
 9 92 10  1 1 0.058230 10.0
 9 92 11  1 1 0.068890 10.0
 9 92 12  1 1 0.082440 10.0
 9 92 13  1 1 0.091460 10.0
 9 92 14  1 1 0.086720 10.0
 9 92 15  1 1 0.060790 10.0
 9 92 16  1 1 0.017710 10.0
 9 92 21  1 1 0.049060 10.0
 9 92 22  1 1 0.094730 10.0
 9 92 23  1 1 0.123710 10.0
 9 92 24  1 1 0.139310 10.0
 9 92 25  1 1 0.141280 10.0
 9 92 26  1 1 0.131970 10.0
 9 92 27  1 1 0.122680 10.0
 9 93 10  1 1 0.023600 10.0
 9 93 11  1 1 0.050000 10.0
 9 93 12  1 1 0.073950 10.0
 9 93 13  1 1 0.079110 10.0
 9 93 14  1 1 0.049760 10.0
 9 93 22  1 1 0.045200 10.0
 9 93 23  1 1 0.096420 10.0
 9 93 24  1 1 0.134270 10.0
 9 93 25  1 1 0.142260 10.0
 9 93 26  1 1 0.126050 10.0
 9 94 11  1 1 0.036720 10.0
 9 94 12  1 1 0.061040 10.0
 9 94 13  1 1 0.034250 10.0
 9 95 12  1 1 0.034090 10.0
 9 95 13  1 1 0.041970 10.0
 9 98 3  1 1 0.017030 10.0
 9 98 4  1 1 0.039230 10.0
 9 98 21  1 1 0.016910 10.0
 9 98 22  1 1 0.024170 10.0
 9 98 23  1 1 0.000170 10.0
 9 99 3  1 1 0.019670 10.0
 9 99 4  1 1 0.024420 10.0
 9 99 19  1 1 0.038440 10.0
 9 99 20  1 1 0.065380 10.0
 9 99 21  1 1 0.081370 10.0
 9 99 22  1 1 0.095070 10.0
 9 99 23  1 1 0.106820 10.0
 9 99 24  1 1 0.116760 10.0
 9 99 25  1 1 0.127220 10.0
 9 99 26  1 1 0.138150 10.0
 9 99 27  1 1 0.145800 10.0
 9 100 18  1 1 0.030610 10.0
 9 100 19  1 1 0.047680 10.0
 9 100 20  1 1 0.060220 10.0
 9 100 21  1 1 0.074800 10.0
 9 100 22  1 1 0.089520 10.0
 9 100 23  1 1 0.103130 10.0
 9 100 24  1 1 0.116290 10.0
 9 100 25  1 1 0.126920 10.0
 9 100 26  1 1 0.134090 10.0
 9 100 27  1 1 0.133650 10.0
 9 100 28  1 1 0.097510 10.0
 10 3 23  1 1 0.012420 10.0
 10 4 20  1 1 0.021360 10.0
 10 4 21  1 1 0.051250 10.0
 10 4 22  1 1 0.073800 10.0
 10 4 23  1 1 0.092700 10.0
 10 4 24  1 1 0.109170 10.0
 10 4 25  1 1 0.120380 10.0
 10 4 26  1 1 0.116260 10.0
 10 4 27  1 1 0.080560 10.0
 10 5 19  1 1 0.035260 10.0
 10 5 20  1 1 0.053450 10.0
 10 5 21  1 1 0.069540 10.0
 10 5 22  1 1 0.087180 10.0
 10 5 23  1 1 0.102000 10.0
 10 5 24  1 1 0.113450 10.0
 10 5 25  1 1 0.121330 10.0
 10 5 26  1 1 0.121720 10.0
 10 5 27  1 1 0.110840 10.0
 10 6 19  1 1 0.033250 10.0
 10 6 20  1 1 0.053930 10.0
 10 6 21  1 1 0.073110 10.0
 10 6 22  1 1 0.093080 10.0
 10 6 23  1 1 0.109240 10.0
 10 6 24  1 1 0.121880 10.0
 10 6 25  1 1 0.130770 10.0
 10 6 26  1 1 0.135720 10.0
 10 6 27  1 1 0.130840 10.0
 10 6 28  1 1 0.110790 10.0
 10 6 29  1 1 0.120430 10.0
 10 6 30  1 1 0.137600 10.0
 10 7 21  1 1 0.017710 10.0
 10 7 22  1 1 0.058440 10.0
 10 7 23  1 1 0.088630 10.0
 10 7 24  1 1 0.114430 10.0
 10 7 25  1 1 0.133950 10.0
 10 7 26  1 1 0.133870 10.0
 10 7 27  1 1 0.082250 10.0
 10 31 3  1 1 0.010650 10.0
 10 31 4  1 1 0.028410 10.0
 10 31 5  1 1 0.025160 10.0
 10 31 6  1 1 0.010570 10.0
 10 32 4  1 1 0.027730 10.0
 10 32 5  1 1 0.043440 10.0
 10 32 6  1 1 0.023810 10.0
 10 34 23  1 1 0.086490 10.0
 10 34 24  1 1 0.114010 10.0
 10 34 25  1 1 0.129060 10.0
 10 34 26  1 1 0.133890 10.0
 10 34 27  1 1 0.129660 10.0
 10 34 28  1 1 0.109990 10.0
 10 34 29  1 1 0.003830 10.0
 10 35 22  1 1 0.067240 10.0
 10 35 23  1 1 0.091250 10.0
 10 35 24  1 1 0.103400 10.0
 10 35 25  1 1 0.113330 10.0
 10 35 26  1 1 0.125630 10.0
 10 35 27  1 1 0.138650 10.0
 10 35 28  1 1 0.145020 10.0
 10 35 29  1 1 0.134100 10.0
 10 35 30  1 1 0.052060 10.0
 10 36 19  1 1 0.003990 10.0
 10 36 20  1 1 0.063620 10.0
 10 36 21  1 1 0.088270 10.0
 10 36 22  1 1 0.100140 10.0
 10 36 23  1 1 0.105160 10.0
 10 36 24  1 1 0.108820 10.0
 10 36 25  1 1 0.110890 10.0
 10 36 26  1 1 0.117710 10.0
 10 36 27  1 1 0.129290 10.0
 10 36 28  1 1 0.136850 10.0
 10 36 29  1 1 0.132750 10.0
 10 36 30  1 1 0.108950 10.0
 10 37 13  1 1 0.011770 10.0
 10 37 14  1 1 0.008970 10.0
 10 37 16  1 1 0.019320 10.0
 10 37 17  1 1 0.045250 10.0
 10 37 18  1 1 0.073890 10.0
 10 37 19  1 1 0.097100 10.0
 10 37 20  1 1 0.106660 10.0
 10 37 21  1 1 0.102780 10.0
 10 37 22  1 1 0.096460 10.0
 10 37 23  1 1 0.094070 10.0
 10 37 24  1 1 0.097740 10.0
 10 37 25  1 1 0.101490 10.0
 10 37 26  1 1 0.116880 10.0
 10 37 27  1 1 0.134420 10.0
 10 37 28  1 1 0.135340 10.0
 10 37 29  1 1 0.121370 10.0
 10 37 30  1 1 0.122240 10.0
 10 38 14  1 1 0.042380 10.0
 10 38 15  1 1 0.063490 10.0
 10 38 16  1 1 0.082290 10.0
 10 38 17  1 1 0.098010 10.0
 10 38 18  1 1 0.110860 10.0
 10 38 19  1 1 0.114280 10.0
 10 38 20  1 1 0.097560 10.0
 10 38 21  1 1 0.068190 10.0
 10 38 22  1 1 0.068310 10.0
 10 38 23  1 1 0.069740 10.0
 10 38 24  1 1 0.078410 10.0
 10 38 25  1 1 0.090520 10.0
 10 38 26  1 1 0.110700 10.0
 10 38 27  1 1 0.134290 10.0
 10 38 28  1 1 0.147050 10.0
 10 38 29  1 1 0.144720 10.0
 10 38 30  1 1 0.028720 10.0
 10 39 15  1 1 0.005920 10.0
 10 39 16  1 1 0.051100 10.0
 10 39 17  1 1 0.087720 10.0
 10 39 18  1 1 0.103820 10.0
 10 39 19  1 1 0.100710 10.0
 10 39 20  1 1 0.072040 10.0
 10 39 21  1 1 0.040340 10.0
 10 39 22  1 1 0.025650 10.0
 10 39 23  1 1 0.042690 10.0
 10 39 24  1 1 0.075280 10.0
 10 39 25  1 1 0.091620 10.0
 10 39 26  1 1 0.098660 10.0
 10 39 27  1 1 0.096070 10.0
 10 39 28  1 1 0.069060 10.0
 10 40 16  1 1 0.035440 10.0
 10 40 17  1 1 0.085770 10.0
 10 40 18  1 1 0.107200 10.0
 10 40 19  1 1 0.108540 10.0
 10 40 20  1 1 0.065480 10.0
 10 40 21  1 1 0.018730 10.0
 10 40 32  1 1 0.060770 10.0
 10 40 33  1 1 0.108260 10.0
 10 40 34  1 1 0.118420 10.0
 10 41 11  1 1 0.018110 10.0
 10 41 12  1 1 0.033300 10.0
 10 41 13  1 1 0.041690 10.0
 10 41 14  1 1 0.053300 10.0
 10 41 15  1 1 0.061880 10.0
 10 41 16  1 1 0.075010 10.0
 10 41 17  1 1 0.097130 10.0
 10 41 18  1 1 0.114900 10.0
 10 41 19  1 1 0.123230 10.0
 10 41 20  1 1 0.113230 10.0
 10 41 21  1 1 0.084920 10.0
 10 41 22  1 1 0.049520 10.0
 10 41 23  1 1 0.021550 10.0
 10 41 30  1 1 0.037850 10.0
 10 41 31  1 1 0.098980 10.0
 10 41 32  1 1 0.135900 10.0
 10 41 33  1 1 0.145520 10.0
 10 41 34  1 1 0.130850 10.0
 10 42 11  1 1 0.021530 10.0
 10 42 12  1 1 0.045410 10.0
 10 42 13  1 1 0.053690 10.0
 10 42 14  1 1 0.052710 10.0
 10 42 15  1 1 0.057440 10.0
 10 42 16  1 1 0.072660 10.0
 10 42 17  1 1 0.091970 10.0
 10 42 18  1 1 0.110570 10.0
 10 42 19  1 1 0.124380 10.0
 10 42 20  1 1 0.131780 10.0
 10 42 21  1 1 0.129950 10.0
 10 42 22  1 1 0.125180 10.0
 10 42 23  1 1 0.116910 10.0
 10 42 24  1 1 0.094870 10.0
 10 42 25  1 1 0.053910 10.0
 10 42 31  1 1 0.064680 10.0
 10 42 32  1 1 0.085040 10.0
 10 42 33  1 1 0.081500 10.0
 10 43 12  1 1 0.006090 10.0
 10 43 17  1 1 0.036330 10.0
 10 43 18  1 1 0.068890 10.0
 10 43 19  1 1 0.091060 10.0
 10 43 20  1 1 0.110160 10.0
 10 43 21  1 1 0.121590 10.0
 10 43 22  1 1 0.125610 10.0
 10 43 23  1 1 0.123370 10.0
 10 43 24  1 1 0.118120 10.0
 10 43 25  1 1 0.119410 10.0
 10 43 26  1 1 0.115080 10.0
 10 43 27  1 1 0.071330 10.0
 10 44 21  1 1 0.032960 10.0
 10 44 22  1 1 0.061310 10.0
 10 44 23  1 1 0.082080 10.0
 10 44 24  1 1 0.099340 10.0
 10 44 25  1 1 0.114080 10.0
 10 44 26  1 1 0.118470 10.0
 10 45 24  1 1 0.022220 10.0
 10 49 10  1 1 0.006090 10.0
 10 49 11  1 1 0.029660 10.0
 10 50 8  1 1 0.017750 10.0
 10 50 9  1 1 0.030150 10.0
 10 50 10  1 1 0.047820 10.0
 10 50 11  1 1 0.056630 10.0
 10 50 12  1 1 0.040360 10.0
 10 51 4  1 1 0.016090 10.0
 10 51 5  1 1 0.026930 10.0
 10 51 6  1 1 0.032100 10.0
 10 51 7  1 1 0.030060 10.0
 10 51 8  1 1 0.021490 10.0
 10 51 9  1 1 0.024210 10.0
 10 51 10  1 1 0.033460 10.0
 10 51 11  1 1 0.034040 10.0
 10 52 4  1 1 0.019420 10.0
 10 52 5  1 1 0.028230 10.0
 10 52 6  1 1 0.029160 10.0
 10 52 7  1 1 0.023300 10.0
 10 52 22  1 1 0.003460 10.0
 10 52 23  1 1 0.054770 10.0
 10 52 24  1 1 0.066280 10.0
 10 52 25  1 1 0.054250 10.0
 10 53 6  1 1 0.011440 10.0
 10 53 7  1 1 0.001930 10.0
 10 53 22  1 1 0.020890 10.0
 10 53 23  1 1 0.040310 10.0
 10 53 24  1 1 0.044130 10.0
 10 53 25  1 1 0.006660 10.0
 10 54 21  1 1 0.018660 10.0
 10 54 22  1 1 0.041420 10.0
 10 54 23  1 1 0.036850 10.0
 10 55 21  1 1 0.017450 10.0
 10 55 22  1 1 0.041170 10.0
 10 55 23  1 1 0.038310 10.0
 10 83 8  1 1 0.023200 10.0
 10 83 9  1 1 0.049060 10.0
 10 83 10  1 1 0.066420 10.0
 10 83 11  1 1 0.071380 10.0
 10 83 12  1 1 0.068560 10.0
 10 83 13  1 1 0.060560 10.0
 10 83 14  1 1 0.042860 10.0
 10 83 15  1 1 0.040440 10.0
 10 83 16  1 1 0.034730 10.0
 10 83 17  1 1 0.002140 10.0
 10 84 9  1 1 0.035240 10.0
 10 84 10  1 1 0.065780 10.0
 10 84 11  1 1 0.087930 10.0
 10 84 12  1 1 0.104760 10.0
 10 84 13  1 1 0.117180 10.0
 10 84 14  1 1 0.123880 10.0
 10 84 15  1 1 0.124910 10.0
 10 84 16  1 1 0.124350 10.0
 10 84 17  1 1 0.123480 10.0
 10 84 18  1 1 0.118000 10.0
 10 84 19  1 1 0.104020 10.0
 10 84 20  1 1 0.082960 10.0
 10 84 21  1 1 0.059820 10.0
 10 85 10  1 1 0.033990 10.0
 10 85 11  1 1 0.059680 10.0
 10 85 12  1 1 0.078020 10.0
 10 85 13  1 1 0.093930 10.0
 10 85 14  1 1 0.108290 10.0
 10 85 15  1 1 0.120780 10.0
 10 85 16  1 1 0.131420 10.0
 10 85 17  1 1 0.139990 10.0
 10 85 18  1 1 0.146550 10.0
 10 85 19  1 1 0.150630 10.0
 10 85 20  1 1 0.148680 10.0
 10 85 21  1 1 0.135380 10.0
 10 85 22  1 1 0.104980 10.0
 10 86 3  1 1 0.017260 10.0
 10 86 4  1 1 0.039380 10.0
 10 86 5  1 1 0.054910 10.0
 10 86 6  1 1 0.063760 10.0
 10 86 7  1 1 0.065930 10.0
 10 86 8  1 1 0.064080 10.0
 10 86 9  1 1 0.065940 10.0
 10 86 10  1 1 0.072200 10.0
 10 86 11  1 1 0.080920 10.0
 10 86 12  1 1 0.091450 10.0
 10 86 13  1 1 0.102140 10.0
 10 86 14  1 1 0.112300 10.0
 10 86 15  1 1 0.121080 10.0
 10 86 16  1 1 0.128760 10.0
 10 86 17  1 1 0.136170 10.0
 10 86 18  1 1 0.142900 10.0
 10 86 19  1 1 0.148010 10.0
 10 86 20  1 1 0.151350 10.0
 10 86 21  1 1 0.149220 10.0
 10 86 22  1 1 0.134140 10.0
 10 86 23  1 1 0.099270 10.0
 10 87 3  1 1 0.019530 10.0
 10 87 4  1 1 0.036700 10.0
 10 87 5  1 1 0.049410 10.0
 10 87 6  1 1 0.060240 10.0
 10 87 7  1 1 0.070380 10.0
 10 87 8  1 1 0.078420 10.0
 10 87 9  1 1 0.086930 10.0
 10 87 10  1 1 0.096940 10.0
 10 87 11  1 1 0.107260 10.0
 10 87 12  1 1 0.116790 10.0
 10 87 13  1 1 0.125210 10.0
 10 87 14  1 1 0.132620 10.0
 10 87 15  1 1 0.138850 10.0
 10 87 16  1 1 0.144170 10.0
 10 87 17  1 1 0.149520 10.0
 10 87 18  1 1 0.153870 10.0
 10 87 19  1 1 0.157430 10.0
 10 87 20  1 1 0.160170 10.0
 10 87 21  1 1 0.160010 10.0
 10 87 22  1 1 0.152450 10.0
 10 87 23  1 1 0.130650 10.0
 10 87 24  1 1 0.072100 10.0
 10 88 3  1 1 0.023010 10.0
 10 88 4  1 1 0.040940 10.0
 10 88 5  1 1 0.053460 10.0
 10 88 6  1 1 0.061030 10.0
 10 88 7  1 1 0.070740 10.0
 10 88 8  1 1 0.081490 10.0
 10 88 9  1 1 0.091780 10.0
 10 88 10  1 1 0.101040 10.0
 10 88 11  1 1 0.108870 10.0
 10 88 12  1 1 0.115240 10.0
 10 88 13  1 1 0.120120 10.0
 10 88 14  1 1 0.124110 10.0
 10 88 15  1 1 0.127520 10.0
 10 88 16  1 1 0.131580 10.0
 10 88 17  1 1 0.137030 10.0
 10 88 18  1 1 0.143640 10.0
 10 88 19  1 1 0.150200 10.0
 10 88 20  1 1 0.157050 10.0
 10 88 21  1 1 0.163110 10.0
 10 88 22  1 1 0.165590 10.0
 10 88 23  1 1 0.157990 10.0
 10 88 24  1 1 0.134470 10.0
 10 88 25  1 1 0.072800 10.0
 10 89 3  1 1 0.024690 10.0
 10 89 4  1 1 0.040650 10.0
 10 89 5  1 1 0.052350 10.0
 10 89 6  1 1 0.062200 10.0
 10 89 7  1 1 0.072760 10.0
 10 89 8  1 1 0.083530 10.0
 10 89 9  1 1 0.093740 10.0
 10 89 10  1 1 0.102350 10.0
 10 89 11  1 1 0.108290 10.0
 10 89 12  1 1 0.111220 10.0
 10 89 13  1 1 0.111870 10.0
 10 89 14  1 1 0.112190 10.0
 10 89 15  1 1 0.114660 10.0
 10 89 16  1 1 0.120090 10.0
 10 89 17  1 1 0.126620 10.0
 10 89 18  1 1 0.132900 10.0
 10 89 19  1 1 0.139130 10.0
 10 89 20  1 1 0.145680 10.0
 10 89 21  1 1 0.152730 10.0
 10 89 22  1 1 0.160000 10.0
 10 89 23  1 1 0.163600 10.0
 10 89 24  1 1 0.157540 10.0
 10 89 25  1 1 0.133120 10.0
 10 89 26  1 1 0.061470 10.0
 10 90 3  1 1 0.022080 10.0
 10 90 4  1 1 0.032230 10.0
 10 90 5  1 1 0.038950 10.0
 10 90 6  1 1 0.048730 10.0
 10 90 7  1 1 0.060320 10.0
 10 90 8  1 1 0.072480 10.0
 10 90 9  1 1 0.083290 10.0
 10 90 10  1 1 0.090460 10.0
 10 90 11  1 1 0.091720 10.0
 10 90 12  1 1 0.087940 10.0
 10 90 13  1 1 0.084410 10.0
 10 90 14  1 1 0.086800 10.0
 10 90 15  1 1 0.093910 10.0
 10 90 16  1 1 0.101440 10.0
 10 90 17  1 1 0.108430 10.0
 10 90 18  1 1 0.114870 10.0
 10 90 19  1 1 0.121230 10.0
 10 90 20  1 1 0.129160 10.0
 10 90 21  1 1 0.139670 10.0
 10 90 22  1 1 0.151180 10.0
 10 90 23  1 1 0.159120 10.0
 10 90 24  1 1 0.159100 10.0
 10 90 25  1 1 0.140620 10.0
 10 90 26  1 1 0.016510 10.0
 10 91 6  1 1 0.006950 10.0
 10 91 7  1 1 0.028740 10.0
 10 91 8  1 1 0.043590 10.0
 10 91 9  1 1 0.054410 10.0
 10 91 10  1 1 0.059130 10.0
 10 91 11  1 1 0.054270 10.0
 10 91 12  1 1 0.049370 10.0
 10 91 13  1 1 0.055500 10.0
 10 91 14  1 1 0.068120 10.0
 10 91 15  1 1 0.074490 10.0
 10 91 16  1 1 0.072960 10.0
 10 91 17  1 1 0.066760 10.0
 10 91 18  1 1 0.067740 10.0
 10 91 19  1 1 0.075830 10.0
 10 91 20  1 1 0.091720 10.0
 10 91 21  1 1 0.116460 10.0
 10 91 22  1 1 0.136780 10.0
 10 91 23  1 1 0.149120 10.0
 10 91 24  1 1 0.155220 10.0
 10 91 25  1 1 0.145290 10.0
 10 91 26  1 1 0.091610 10.0
 10 92 12  1 1 0.025630 10.0
 10 92 13  1 1 0.052960 10.0
 10 92 14  1 1 0.053350 10.0
 10 92 15  1 1 0.030030 10.0
 10 92 20  1 1 0.048480 10.0
 10 92 21  1 1 0.083570 10.0
 10 92 22  1 1 0.103900 10.0
 10 92 23  1 1 0.121330 10.0
 10 92 24  1 1 0.134130 10.0
 10 92 25  1 1 0.123840 10.0
 10 92 26  1 1 0.086410 10.0
 10 93 12  1 1 0.008060 10.0
 10 93 13  1 1 0.023730 10.0
 10 93 22  1 1 0.001980 10.0
 10 93 23  1 1 0.054350 10.0
 10 93 24  1 1 0.073490 10.0
 10 93 25  1 1 0.066700 10.0
 10 99 23  1 1 0.012420 10.0
 10 100 20  1 1 0.021360 10.0
 10 100 21  1 1 0.051250 10.0
 10 100 22  1 1 0.073800 10.0
 10 100 23  1 1 0.092700 10.0
 10 100 24  1 1 0.109170 10.0
 10 100 25  1 1 0.120380 10.0
 10 100 26  1 1 0.116260 10.0
 10 100 27  1 1 0.080560 10.0
 11 4 24  1 1 0.015920 10.0
 11 4 25  1 1 0.032560 10.0
 11 5 22  1 1 0.026450 10.0
 11 5 23  1 1 0.089920 10.0
 11 5 24  1 1 0.121580 10.0
 11 5 25  1 1 0.134100 10.0
 11 5 26  1 1 0.126760 10.0
 11 6 22  1 1 0.050780 10.0
 11 6 23  1 1 0.092570 10.0
 11 6 24  1 1 0.115670 10.0
 11 6 25  1 1 0.142280 10.0
 11 6 26  1 1 0.149780 10.0
 11 6 27  1 1 0.138090 10.0
 11 6 28  1 1 0.128190 10.0
 11 6 29  1 1 0.052870 10.0
 11 30 2  1 1 0.016750 10.0
 11 30 3  1 1 0.025030 10.0
 11 30 4  1 1 0.032830 10.0
 11 30 5  1 1 0.042530 10.0
 11 30 6  1 1 0.045180 10.0
 11 30 7  1 1 0.037900 10.0
 11 31 3  1 1 0.001730 10.0
 11 31 4  1 1 0.030750 10.0
 11 31 5  1 1 0.045850 10.0
 11 31 6  1 1 0.057720 10.0
 11 31 7  1 1 0.059680 10.0
 11 32 3  1 1 0.019760 10.0
 11 32 4  1 1 0.032910 10.0
 11 32 5  1 1 0.043740 10.0
 11 32 6  1 1 0.055200 10.0
 11 32 7  1 1 0.054170 10.0
 11 33 3  1 1 0.025780 10.0
 11 33 4  1 1 0.040180 10.0
 11 33 5  1 1 0.048260 10.0
 11 33 6  1 1 0.055580 10.0
 11 33 7  1 1 0.026800 10.0
 11 34 6  1 1 0.017680 10.0
 11 34 23  1 1 0.089080 10.0
 11 34 24  1 1 0.117490 10.0
 11 34 25  1 1 0.129210 10.0
 11 34 26  1 1 0.122770 10.0
 11 34 27  1 1 0.111260 10.0
 11 35 22  1 1 0.060220 10.0
 11 35 23  1 1 0.095080 10.0
 11 35 24  1 1 0.114860 10.0
 11 35 25  1 1 0.127550 10.0
 11 35 26  1 1 0.137940 10.0
 11 35 27  1 1 0.145010 10.0
 11 35 28  1 1 0.141100 10.0
 11 35 29  1 1 0.089420 10.0
 11 36 20  1 1 0.011930 10.0
 11 36 21  1 1 0.067560 10.0
 11 36 22  1 1 0.098520 10.0
 11 36 23  1 1 0.115960 10.0
 11 36 24  1 1 0.127140 10.0
 11 36 25  1 1 0.130600 10.0
 11 36 26  1 1 0.131330 10.0
 11 36 27  1 1 0.133650 10.0
 11 36 28  1 1 0.134570 10.0
 11 36 29  1 1 0.114510 10.0
 11 36 30  1 1 0.028680 10.0
 11 37 11  1 1 0.032850 10.0
 11 37 12  1 1 0.053330 10.0
 11 37 13  1 1 0.060520 10.0
 11 37 14  1 1 0.037450 10.0
 11 37 18  1 1 0.035980 10.0
 11 37 19  1 1 0.069950 10.0
 11 37 20  1 1 0.097390 10.0
 11 37 21  1 1 0.117290 10.0
 11 37 22  1 1 0.131540 10.0
 11 37 23  1 1 0.138070 10.0
 11 37 24  1 1 0.135410 10.0
 11 37 25  1 1 0.129280 10.0
 11 37 26  1 1 0.130650 10.0
 11 37 27  1 1 0.136780 10.0
 11 37 28  1 1 0.131970 10.0
 11 37 29  1 1 0.101440 10.0
 11 38 10  1 1 0.020830 10.0
 11 38 11  1 1 0.041530 10.0
 11 38 12  1 1 0.060830 10.0
 11 38 13  1 1 0.081070 10.0
 11 38 14  1 1 0.091890 10.0
 11 38 15  1 1 0.093720 10.0
 11 38 16  1 1 0.098000 10.0
 11 38 17  1 1 0.108200 10.0
 11 38 18  1 1 0.122810 10.0
 11 38 19  1 1 0.134120 10.0
 11 38 20  1 1 0.141840 10.0
 11 38 21  1 1 0.146580 10.0
 11 38 22  1 1 0.145930 10.0
 11 38 23  1 1 0.133810 10.0
 11 38 24  1 1 0.115520 10.0
 11 38 25  1 1 0.109860 10.0
 11 38 26  1 1 0.118270 10.0
 11 38 27  1 1 0.136500 10.0
 11 38 28  1 1 0.127390 10.0
 11 38 29  1 1 0.062000 10.0
 11 38 32  1 1 0.016710 10.0
 11 38 33  1 1 0.054150 10.0
 11 39 14  1 1 0.041940 10.0
 11 39 15  1 1 0.075670 10.0
 11 39 16  1 1 0.096790 10.0
 11 39 17  1 1 0.113420 10.0
 11 39 18  1 1 0.127650 10.0
 11 39 19  1 1 0.138990 10.0
 11 39 20  1 1 0.141850 10.0
 11 39 21  1 1 0.134900 10.0
 11 39 22  1 1 0.118510 10.0
 11 39 23  1 1 0.102120 10.0
 11 39 24  1 1 0.098380 10.0
 11 39 25  1 1 0.105980 10.0
 11 39 26  1 1 0.105410 10.0
 11 39 27  1 1 0.107470 10.0
 11 39 28  1 1 0.106160 10.0
 11 39 29  1 1 0.051410 10.0
 11 39 31  1 1 0.108790 10.0
 11 39 32  1 1 0.156200 10.0
 11 39 33  1 1 0.169750 10.0
 11 39 34  1 1 0.157060 10.0
 11 40 15  1 1 0.005800 10.0
 11 40 16  1 1 0.064980 10.0
 11 40 17  1 1 0.104810 10.0
 11 40 18  1 1 0.125850 10.0
 11 40 19  1 1 0.134620 10.0
 11 40 20  1 1 0.126610 10.0
 11 40 21  1 1 0.109220 10.0
 11 40 22  1 1 0.097000 10.0
 11 40 23  1 1 0.087830 10.0
 11 40 24  1 1 0.080170 10.0
 11 40 25  1 1 0.069860 10.0
 11 40 26  1 1 0.052260 10.0
 11 40 27  1 1 0.034790 10.0
 11 40 28  1 1 0.032990 10.0
 11 40 29  1 1 0.022720 10.0
 11 40 30  1 1 0.054790 10.0
 11 40 31  1 1 0.127300 10.0
 11 40 32  1 1 0.155820 10.0
 11 40 33  1 1 0.170490 10.0
 11 40 34  1 1 0.171200 10.0
 11 40 35  1 1 0.176580 10.0
 11 41 13  1 1 0.015590 10.0
 11 41 14  1 1 0.032290 10.0
 11 41 15  1 1 0.050340 10.0
 11 41 16  1 1 0.078390 10.0
 11 41 17  1 1 0.105390 10.0
 11 41 18  1 1 0.123890 10.0
 11 41 19  1 1 0.135080 10.0
 11 41 20  1 1 0.135640 10.0
 11 41 21  1 1 0.122920 10.0
 11 41 22  1 1 0.106130 10.0
 11 41 23  1 1 0.097020 10.0
 11 41 24  1 1 0.095510 10.0
 11 41 25  1 1 0.089380 10.0
 11 41 26  1 1 0.069680 10.0
 11 41 27  1 1 0.043060 10.0
 11 41 28  1 1 0.047980 10.0
 11 41 29  1 1 0.079690 10.0
 11 41 30  1 1 0.120130 10.0
 11 41 31  1 1 0.141320 10.0
 11 41 32  1 1 0.148490 10.0
 11 41 33  1 1 0.142730 10.0
 11 41 34  1 1 0.154100 10.0
 11 41 35  1 1 0.162540 10.0
 11 41 36  1 1 0.054530 10.0
 11 42 11  1 1 0.015220 10.0
 11 42 12  1 1 0.035160 10.0
 11 42 13  1 1 0.047500 10.0
 11 42 14  1 1 0.053310 10.0
 11 42 15  1 1 0.059260 10.0
 11 42 16  1 1 0.072840 10.0
 11 42 17  1 1 0.092680 10.0
 11 42 18  1 1 0.112290 10.0
 11 42 19  1 1 0.127490 10.0
 11 42 20  1 1 0.137820 10.0
 11 42 21  1 1 0.140700 10.0
 11 42 22  1 1 0.139610 10.0
 11 42 23  1 1 0.138070 10.0
 11 42 24  1 1 0.135520 10.0
 11 42 25  1 1 0.135660 10.0
 11 42 26  1 1 0.127740 10.0
 11 42 27  1 1 0.087690 10.0
 11 42 28  1 1 0.046550 10.0
 11 42 29  1 1 0.078340 10.0
 11 42 30  1 1 0.108290 10.0
 11 42 31  1 1 0.116110 10.0
 11 42 32  1 1 0.123060 10.0
 11 42 33  1 1 0.136390 10.0
 11 42 34  1 1 0.148190 10.0
 11 42 35  1 1 0.134270 10.0
 11 43 17  1 1 0.016390 10.0
 11 43 18  1 1 0.066240 10.0
 11 43 19  1 1 0.096790 10.0
 11 43 20  1 1 0.120030 10.0
 11 43 21  1 1 0.133650 10.0
 11 43 22  1 1 0.141310 10.0
 11 43 23  1 1 0.145880 10.0
 11 43 24  1 1 0.148390 10.0
 11 43 25  1 1 0.150490 10.0
 11 43 26  1 1 0.145900 10.0
 11 43 27  1 1 0.127630 10.0
 11 43 28  1 1 0.093060 10.0
 11 43 29  1 1 0.079640 10.0
 11 43 30  1 1 0.127150 10.0
 11 43 31  1 1 0.144290 10.0
 11 43 32  1 1 0.149120 10.0
 11 43 33  1 1 0.151010 10.0
 11 43 34  1 1 0.134200 10.0
 11 44 19  1 1 0.024770 10.0
 11 44 20  1 1 0.048710 10.0
 11 44 21  1 1 0.065480 10.0
 11 44 22  1 1 0.081050 10.0
 11 44 23  1 1 0.100600 10.0
 11 44 24  1 1 0.114600 10.0
 11 44 25  1 1 0.120410 10.0
 11 44 26  1 1 0.117610 10.0
 11 44 27  1 1 0.108510 10.0
 11 45 24  1 1 0.042170 10.0
 11 45 25  1 1 0.097500 10.0
 11 45 26  1 1 0.095820 10.0
 11 52 5  1 1 0.003170 10.0
 11 53 24  1 1 0.016750 10.0
 11 55 20  1 1 0.018420 10.0
 11 55 21  1 1 0.005920 10.0
 11 82 6  1 1 0.033510 10.0
 11 82 7  1 1 0.057760 10.0
 11 82 8  1 1 0.073340 10.0
 11 82 9  1 1 0.079870 10.0
 11 82 10  1 1 0.070840 10.0
 11 82 11  1 1 0.045550 10.0
 11 83 7  1 1 0.036400 10.0
 11 83 8  1 1 0.061290 10.0
 11 83 9  1 1 0.081070 10.0
 11 83 10  1 1 0.095920 10.0
 11 83 11  1 1 0.102870 10.0
 11 83 12  1 1 0.097080 10.0
 11 83 13  1 1 0.076020 10.0
 11 83 14  1 1 0.042120 10.0
 11 83 15  1 1 0.027630 10.0
 11 83 16  1 1 0.035230 10.0
 11 83 17  1 1 0.018000 10.0
 11 84 7  1 1 0.010820 10.0
 11 84 8  1 1 0.040470 10.0
 11 84 9  1 1 0.062060 10.0
 11 84 10  1 1 0.080310 10.0
 11 84 11  1 1 0.094750 10.0
 11 84 12  1 1 0.105790 10.0
 11 84 13  1 1 0.112830 10.0
 11 84 14  1 1 0.114210 10.0
 11 84 15  1 1 0.111460 10.0
 11 84 16  1 1 0.110020 10.0
 11 84 17  1 1 0.111440 10.0
 11 84 18  1 1 0.107430 10.0
 11 84 19  1 1 0.083810 10.0
 11 84 20  1 1 0.047870 10.0
 11 85 6  1 1 0.021080 10.0
 11 85 7  1 1 0.036110 10.0
 11 85 8  1 1 0.049910 10.0
 11 85 9  1 1 0.064750 10.0
 11 85 10  1 1 0.079880 10.0
 11 85 11  1 1 0.093500 10.0
 11 85 12  1 1 0.104140 10.0
 11 85 13  1 1 0.112790 10.0
 11 85 14  1 1 0.119730 10.0
 11 85 15  1 1 0.122890 10.0
 11 85 16  1 1 0.125110 10.0
 11 85 17  1 1 0.131090 10.0
 11 85 18  1 1 0.138680 10.0
 11 85 19  1 1 0.144100 10.0
 11 85 20  1 1 0.144270 10.0
 11 85 21  1 1 0.126000 10.0
 11 85 22  1 1 0.061610 10.0
 11 86 3  1 1 0.017300 10.0
 11 86 4  1 1 0.037250 10.0
 11 86 5  1 1 0.052260 10.0
 11 86 6  1 1 0.064080 10.0
 11 86 7  1 1 0.073800 10.0
 11 86 8  1 1 0.082620 10.0
 11 86 9  1 1 0.091430 10.0
 11 86 10  1 1 0.099970 10.0
 11 86 11  1 1 0.107860 10.0
 11 86 12  1 1 0.115110 10.0
 11 86 13  1 1 0.121210 10.0
 11 86 14  1 1 0.126150 10.0
 11 86 15  1 1 0.130850 10.0
 11 86 16  1 1 0.135010 10.0
 11 86 17  1 1 0.139480 10.0
 11 86 18  1 1 0.145520 10.0
 11 86 19  1 1 0.152030 10.0
 11 86 20  1 1 0.155370 10.0
 11 86 21  1 1 0.152890 10.0
 11 86 22  1 1 0.135840 10.0
 11 86 23  1 1 0.063640 10.0
 11 87 3  1 1 0.021120 10.0
 11 87 4  1 1 0.038800 10.0
 11 87 5  1 1 0.053120 10.0
 11 87 6  1 1 0.065810 10.0
 11 87 7  1 1 0.077240 10.0
 11 87 8  1 1 0.087760 10.0
 11 87 9  1 1 0.097310 10.0
 11 87 10  1 1 0.105650 10.0
 11 87 11  1 1 0.112050 10.0
 11 87 12  1 1 0.115490 10.0
 11 87 13  1 1 0.116610 10.0
 11 87 14  1 1 0.119480 10.0
 11 87 15  1 1 0.125630 10.0
 11 87 16  1 1 0.133540 10.0
 11 87 17  1 1 0.140760 10.0
 11 87 18  1 1 0.147260 10.0
 11 87 19  1 1 0.154590 10.0
 11 87 20  1 1 0.160480 10.0
 11 87 21  1 1 0.161360 10.0
 11 87 22  1 1 0.153210 10.0
 11 87 23  1 1 0.124250 10.0
 11 88 3  1 1 0.022800 10.0
 11 88 4  1 1 0.040550 10.0
 11 88 5  1 1 0.054610 10.0
 11 88 6  1 1 0.066550 10.0
 11 88 7  1 1 0.077220 10.0
 11 88 8  1 1 0.087110 10.0
 11 88 9  1 1 0.095730 10.0
 11 88 10  1 1 0.102150 10.0
 11 88 11  1 1 0.103760 10.0
 11 88 12  1 1 0.099090 10.0
 11 88 13  1 1 0.091920 10.0
 11 88 14  1 1 0.091030 10.0
 11 88 15  1 1 0.098280 10.0
 11 88 16  1 1 0.110150 10.0
 11 88 17  1 1 0.121680 10.0
 11 88 18  1 1 0.131950 10.0
 11 88 19  1 1 0.142090 10.0
 11 88 20  1 1 0.152000 10.0
 11 88 21  1 1 0.159840 10.0
 11 88 22  1 1 0.160750 10.0
 11 88 23  1 1 0.143640 10.0
 11 88 24  1 1 0.079540 10.0
 11 89 3  1 1 0.025240 10.0
 11 89 4  1 1 0.041170 10.0
 11 89 5  1 1 0.053190 10.0
 11 89 6  1 1 0.063490 10.0
 11 89 7  1 1 0.073520 10.0
 11 89 8  1 1 0.083040 10.0
 11 89 9  1 1 0.091250 10.0
 11 89 10  1 1 0.094710 10.0
 11 89 11  1 1 0.088220 10.0
 11 89 12  1 1 0.070380 10.0
 11 89 13  1 1 0.055170 10.0
 11 89 14  1 1 0.053040 10.0
 11 89 15  1 1 0.063950 10.0
 11 89 16  1 1 0.082910 10.0
 11 89 17  1 1 0.101720 10.0
 11 89 18  1 1 0.117640 10.0
 11 89 19  1 1 0.132000 10.0
 11 89 20  1 1 0.144470 10.0
 11 89 21  1 1 0.155060 10.0
 11 89 22  1 1 0.161050 10.0
 11 89 23  1 1 0.152540 10.0
 11 89 24  1 1 0.113580 10.0
 11 90 3  1 1 0.023060 10.0
 11 90 4  1 1 0.034170 10.0
 11 90 5  1 1 0.038500 10.0
 11 90 6  1 1 0.044490 10.0
 11 90 7  1 1 0.055740 10.0
 11 90 8  1 1 0.067360 10.0
 11 90 9  1 1 0.074360 10.0
 11 90 10  1 1 0.072080 10.0
 11 90 11  1 1 0.049650 10.0
 11 90 15  1 1 0.020000 10.0
 11 90 16  1 1 0.052480 10.0
 11 90 17  1 1 0.076860 10.0
 11 90 18  1 1 0.097510 10.0
 11 90 19  1 1 0.116630 10.0
 11 90 20  1 1 0.133180 10.0
 11 90 21  1 1 0.146620 10.0
 11 90 22  1 1 0.154270 10.0
 11 90 23  1 1 0.145830 10.0
 11 90 24  1 1 0.107830 10.0
 11 91 3  1 1 0.006090 10.0
 11 91 4  1 1 0.010450 10.0
 11 91 6  1 1 0.003330 10.0
 11 91 7  1 1 0.031700 10.0
 11 91 8  1 1 0.043240 10.0
 11 91 9  1 1 0.033090 10.0
 11 91 16  1 1 0.008560 10.0
 11 91 17  1 1 0.033020 10.0
 11 91 18  1 1 0.055290 10.0
 11 91 19  1 1 0.081200 10.0
 11 91 20  1 1 0.109150 10.0
 11 91 21  1 1 0.132180 10.0
 11 91 22  1 1 0.139960 10.0
 11 91 23  1 1 0.124300 10.0
 11 91 24  1 1 0.089320 10.0
 11 91 25  1 1 0.012670 10.0
 11 92 20  1 1 0.045660 10.0
 11 92 21  1 1 0.058270 10.0
 11 92 22  1 1 0.053310 10.0
 11 92 23  1 1 0.033580 10.0
 11 96 4  1 1 0.004480 10.0
 11 96 5  1 1 0.040260 10.0
 11 96 6  1 1 0.049130 10.0
 11 100 24  1 1 0.015920 10.0
 11 100 25  1 1 0.032560 10.0
 12 10 14  1 1 0.006910 10.0
 12 11 14  1 1 0.038910 10.0
 12 11 15  1 1 0.024690 10.0
 12 29 3  1 1 0.005680 10.0
 12 29 4  1 1 0.010900 10.0
 12 29 5  1 1 0.018970 10.0
 12 29 6  1 1 0.031310 10.0
 12 29 7  1 1 0.030960 10.0
 12 30 2  1 1 0.021380 10.0
 12 30 3  1 1 0.040290 10.0
 12 30 4  1 1 0.053210 10.0
 12 30 5  1 1 0.064910 10.0
 12 30 6  1 1 0.073190 10.0
 12 30 7  1 1 0.079060 10.0
 12 30 8  1 1 0.080000 10.0
 12 30 9  1 1 0.052890 10.0
 12 31 3  1 1 0.002350 10.0
 12 31 4  1 1 0.028980 10.0
 12 31 5  1 1 0.042330 10.0
 12 31 6  1 1 0.053310 10.0
 12 31 7  1 1 0.064900 10.0
 12 31 8  1 1 0.074110 10.0
 12 31 9  1 1 0.058230 10.0
 12 32 3  1 1 0.023840 10.0
 12 32 4  1 1 0.042170 10.0
 12 32 5  1 1 0.056770 10.0
 12 32 6  1 1 0.067540 10.0
 12 32 7  1 1 0.078320 10.0
 12 32 8  1 1 0.087860 10.0
 12 33 3  1 1 0.023060 10.0
 12 33 4  1 1 0.040420 10.0
 12 33 5  1 1 0.054570 10.0
 12 33 6  1 1 0.066960 10.0
 12 33 7  1 1 0.079070 10.0
 12 33 8  1 1 0.085820 10.0
 12 33 9  1 1 0.033120 10.0
 12 34 3  1 1 0.021250 10.0
 12 34 4  1 1 0.033430 10.0
 12 34 5  1 1 0.043960 10.0
 12 34 6  1 1 0.057100 10.0
 12 34 7  1 1 0.071020 10.0
 12 34 8  1 1 0.074270 10.0
 12 34 9  1 1 0.015670 10.0
 12 34 23  1 1 0.063760 10.0
 12 34 24  1 1 0.104870 10.0
 12 34 25  1 1 0.108620 10.0
 12 34 26  1 1 0.094260 10.0
 12 34 27  1 1 0.072400 10.0
 12 35 6  1 1 0.022430 10.0
 12 35 7  1 1 0.059540 10.0
 12 35 22  1 1 0.064990 10.0
 12 35 23  1 1 0.100190 10.0
 12 35 24  1 1 0.115630 10.0
 12 35 25  1 1 0.126910 10.0
 12 35 26  1 1 0.138670 10.0
 12 35 27  1 1 0.146960 10.0
 12 35 28  1 1 0.141090 10.0
 12 35 29  1 1 0.097450 10.0
 12 36 7  1 1 0.048570 10.0
 12 36 8  1 1 0.038320 10.0
 12 36 9  1 1 0.010530 10.0
 12 36 10  1 1 0.021210 10.0
 12 36 11  1 1 0.040910 10.0
 12 36 12  1 1 0.038890 10.0
 12 36 21  1 1 0.043240 10.0
 12 36 22  1 1 0.081780 10.0
 12 36 23  1 1 0.099960 10.0
 12 36 24  1 1 0.108640 10.0
 12 36 25  1 1 0.111830 10.0
 12 36 26  1 1 0.118000 10.0
 12 36 27  1 1 0.129360 10.0
 12 36 28  1 1 0.133950 10.0
 12 36 29  1 1 0.117980 10.0
 12 36 30  1 1 0.049410 10.0
 12 37 7  1 1 0.018040 10.0
 12 37 8  1 1 0.054790 10.0
 12 37 9  1 1 0.067940 10.0
 12 37 10  1 1 0.078320 10.0
 12 37 11  1 1 0.088380 10.0
 12 37 12  1 1 0.097010 10.0
 12 37 13  1 1 0.101150 10.0
 12 37 14  1 1 0.093190 10.0
 12 37 15  1 1 0.054430 10.0
 12 37 20  1 1 0.027850 10.0
 12 37 21  1 1 0.073470 10.0
 12 37 22  1 1 0.103180 10.0
 12 37 23  1 1 0.115310 10.0
 12 37 24  1 1 0.116760 10.0
 12 37 25  1 1 0.121980 10.0
 12 37 26  1 1 0.134010 10.0
 12 37 27  1 1 0.144880 10.0
 12 37 28  1 1 0.145790 10.0
 12 37 29  1 1 0.132880 10.0
 12 37 30  1 1 0.093650 10.0
 12 37 31  1 1 0.046170 10.0
 12 37 32  1 1 0.007570 10.0
 12 38 9  1 1 0.050380 10.0
 12 38 10  1 1 0.073350 10.0
 12 38 11  1 1 0.089500 10.0
 12 38 12  1 1 0.101990 10.0
 12 38 13  1 1 0.112090 10.0
 12 38 14  1 1 0.118680 10.0
 12 38 15  1 1 0.117420 10.0
 12 38 16  1 1 0.110440 10.0
 12 38 17  1 1 0.108610 10.0
 12 38 18  1 1 0.114250 10.0
 12 38 19  1 1 0.121570 10.0
 12 38 20  1 1 0.128430 10.0
 12 38 21  1 1 0.136680 10.0
 12 38 22  1 1 0.138410 10.0
 12 38 23  1 1 0.125810 10.0
 12 38 24  1 1 0.109890 10.0
 12 38 25  1 1 0.111880 10.0
 12 38 26  1 1 0.125860 10.0
 12 38 27  1 1 0.142330 10.0
 12 38 28  1 1 0.147260 10.0
 12 38 29  1 1 0.128880 10.0
 12 38 30  1 1 0.106460 10.0
 12 38 31  1 1 0.098890 10.0
 12 38 32  1 1 0.116390 10.0
 12 38 33  1 1 0.147890 10.0
 12 38 34  1 1 0.167510 10.0
 12 39 11  1 1 0.000450 10.0
 12 39 12  1 1 0.027100 10.0
 12 39 13  1 1 0.050650 10.0
 12 39 14  1 1 0.079690 10.0
 12 39 15  1 1 0.105260 10.0
 12 39 16  1 1 0.122690 10.0
 12 39 17  1 1 0.135690 10.0
 12 39 18  1 1 0.146890 10.0
 12 39 19  1 1 0.155390 10.0
 12 39 20  1 1 0.157870 10.0
 12 39 21  1 1 0.152780 10.0
 12 39 22  1 1 0.136990 10.0
 12 39 23  1 1 0.114110 10.0
 12 39 24  1 1 0.107650 10.0
 12 39 25  1 1 0.115070 10.0
 12 39 26  1 1 0.121260 10.0
 12 39 27  1 1 0.125410 10.0
 12 39 28  1 1 0.135450 10.0
 12 39 29  1 1 0.130690 10.0
 12 39 30  1 1 0.133070 10.0
 12 39 31  1 1 0.144390 10.0
 12 39 32  1 1 0.151780 10.0
 12 39 33  1 1 0.144040 10.0
 12 39 34  1 1 0.114540 10.0
 12 39 35  1 1 0.084060 10.0
 12 40 15  1 1 0.058950 10.0
 12 40 16  1 1 0.097270 10.0
 12 40 17  1 1 0.123520 10.0
 12 40 18  1 1 0.142780 10.0
 12 40 19  1 1 0.151790 10.0
 12 40 20  1 1 0.149860 10.0
 12 40 21  1 1 0.137230 10.0
 12 40 22  1 1 0.119110 10.0
 12 40 23  1 1 0.110380 10.0
 12 40 24  1 1 0.109800 10.0
 12 40 25  1 1 0.111710 10.0
 12 40 26  1 1 0.111270 10.0
 12 40 27  1 1 0.110510 10.0
 12 40 28  1 1 0.116910 10.0
 12 40 29  1 1 0.125780 10.0
 12 40 30  1 1 0.144270 10.0
 12 40 31  1 1 0.161100 10.0
 12 40 32  1 1 0.165850 10.0
 12 40 33  1 1 0.154210 10.0
 12 40 34  1 1 0.095990 10.0
 12 40 35  1 1 0.100460 10.0
 12 41 14  1 1 0.000490 10.0
 12 41 15  1 1 0.053100 10.0
 12 41 16  1 1 0.088020 10.0
 12 41 17  1 1 0.114470 10.0
 12 41 18  1 1 0.134940 10.0
 12 41 19  1 1 0.146550 10.0
 12 41 20  1 1 0.149270 10.0
 12 41 21  1 1 0.141850 10.0
 12 41 22  1 1 0.128680 10.0
 12 41 23  1 1 0.122230 10.0
 12 41 24  1 1 0.122050 10.0
 12 41 25  1 1 0.125420 10.0
 12 41 26  1 1 0.123930 10.0
 12 41 27  1 1 0.116950 10.0
 12 41 28  1 1 0.118970 10.0
 12 41 29  1 1 0.132190 10.0
 12 41 30  1 1 0.142530 10.0
 12 41 31  1 1 0.148040 10.0
 12 41 32  1 1 0.132900 10.0
 12 41 33  1 1 0.065930 10.0
 12 41 34  1 1 0.037970 10.0
 12 42 13  1 1 0.030390 10.0
 12 42 14  1 1 0.052150 10.0
 12 42 15  1 1 0.069070 10.0
 12 42 16  1 1 0.085070 10.0
 12 42 17  1 1 0.103210 10.0
 12 42 18  1 1 0.119500 10.0
 12 42 19  1 1 0.131540 10.0
 12 42 20  1 1 0.141260 10.0
 12 42 21  1 1 0.145010 10.0
 12 42 22  1 1 0.143440 10.0
 12 42 23  1 1 0.142280 10.0
 12 42 24  1 1 0.143880 10.0
 12 42 25  1 1 0.146080 10.0
 12 42 26  1 1 0.142690 10.0
 12 42 27  1 1 0.131210 10.0
 12 42 28  1 1 0.116180 10.0
 12 42 29  1 1 0.111930 10.0
 12 42 30  1 1 0.097850 10.0
 12 42 31  1 1 0.063890 10.0
 12 42 32  1 1 0.046810 10.0
 12 42 33  1 1 0.063150 10.0
 12 42 34  1 1 0.120100 10.0
 12 42 35  1 1 0.091590 10.0
 12 43 17  1 1 0.037520 10.0
 12 43 18  1 1 0.068000 10.0
 12 43 19  1 1 0.093620 10.0
 12 43 20  1 1 0.118900 10.0
 12 43 21  1 1 0.134820 10.0
 12 43 22  1 1 0.143240 10.0
 12 43 23  1 1 0.148560 10.0
 12 43 24  1 1 0.150380 10.0
 12 43 25  1 1 0.146420 10.0
 12 43 26  1 1 0.136730 10.0
 12 43 27  1 1 0.125860 10.0
 12 43 28  1 1 0.114250 10.0
 12 43 29  1 1 0.110290 10.0
 12 43 30  1 1 0.106230 10.0
 12 43 31  1 1 0.092730 10.0
 12 43 32  1 1 0.104000 10.0
 12 43 33  1 1 0.142990 10.0
 12 43 34  1 1 0.142990 10.0
 12 44 18  1 1 0.022390 10.0
 12 44 19  1 1 0.045370 10.0
 12 44 20  1 1 0.062600 10.0
 12 44 21  1 1 0.079440 10.0
 12 44 22  1 1 0.095110 10.0
 12 44 23  1 1 0.106750 10.0
 12 44 24  1 1 0.112210 10.0
 12 44 25  1 1 0.113070 10.0
 12 44 26  1 1 0.102840 10.0
 12 44 27  1 1 0.084320 10.0
 12 44 28  1 1 0.056080 10.0
 12 44 29  1 1 0.065920 10.0
 12 44 30  1 1 0.092100 10.0
 12 44 31  1 1 0.101680 10.0
 12 44 32  1 1 0.086140 10.0
 12 44 33  1 1 0.003250 10.0
 12 45 24  1 1 0.008230 10.0
 12 45 25  1 1 0.037170 10.0
 12 45 26  1 1 0.004360 10.0
 12 81 4  1 1 0.022100 10.0
 12 81 5  1 1 0.034510 10.0
 12 81 6  1 1 0.042860 10.0
 12 81 7  1 1 0.045670 10.0
 12 81 8  1 1 0.038270 10.0
 12 82 4  1 1 0.020860 10.0
 12 82 5  1 1 0.042110 10.0
 12 82 6  1 1 0.061630 10.0
 12 82 7  1 1 0.077480 10.0
 12 82 8  1 1 0.088610 10.0
 12 82 9  1 1 0.093230 10.0
 12 82 10  1 1 0.084540 10.0
 12 82 11  1 1 0.056420 10.0
 12 83 3  1 1 0.004690 10.0
 12 83 4  1 1 0.019610 10.0
 12 83 5  1 1 0.034040 10.0
 12 83 6  1 1 0.048640 10.0
 12 83 7  1 1 0.063030 10.0
 12 83 8  1 1 0.076020 10.0
 12 83 9  1 1 0.086930 10.0
 12 83 10  1 1 0.094840 10.0
 12 83 11  1 1 0.095430 10.0
 12 83 12  1 1 0.081760 10.0
 12 83 13  1 1 0.055040 10.0
 12 84 3  1 1 0.004320 10.0
 12 84 4  1 1 0.022220 10.0
 12 84 5  1 1 0.036820 10.0
 12 84 6  1 1 0.052130 10.0
 12 84 7  1 1 0.067260 10.0
 12 84 8  1 1 0.080140 10.0
 12 84 9  1 1 0.090520 10.0
 12 84 10  1 1 0.098800 10.0
 12 84 11  1 1 0.104580 10.0
 12 84 12  1 1 0.105630 10.0
 12 84 13  1 1 0.097950 10.0
 12 84 14  1 1 0.074810 10.0
 12 84 15  1 1 0.036520 10.0
 12 84 16  1 1 0.019280 10.0
 12 84 17  1 1 0.045690 10.0
 12 85 4  1 1 0.025250 10.0
 12 85 5  1 1 0.042960 10.0
 12 85 6  1 1 0.057970 10.0
 12 85 7  1 1 0.070990 10.0
 12 85 8  1 1 0.083020 10.0
 12 85 9  1 1 0.093760 10.0
 12 85 10  1 1 0.102490 10.0
 12 85 11  1 1 0.108860 10.0
 12 85 12  1 1 0.111880 10.0
 12 85 13  1 1 0.111860 10.0
 12 85 14  1 1 0.107830 10.0
 12 85 15  1 1 0.090990 10.0
 12 85 16  1 1 0.068840 10.0
 12 85 17  1 1 0.067040 10.0
 12 85 18  1 1 0.079260 10.0
 12 85 19  1 1 0.081090 10.0
 12 85 20  1 1 0.075810 10.0
 12 85 21  1 1 0.022690 10.0
 12 86 3  1 1 0.018870 10.0
 12 86 4  1 1 0.038540 10.0
 12 86 5  1 1 0.054040 10.0
 12 86 6  1 1 0.067180 10.0
 12 86 7  1 1 0.078780 10.0
 12 86 8  1 1 0.088870 10.0
 12 86 9  1 1 0.097390 10.0
 12 86 10  1 1 0.103890 10.0
 12 86 11  1 1 0.108420 10.0
 12 86 12  1 1 0.111290 10.0
 12 86 13  1 1 0.112910 10.0
 12 86 14  1 1 0.115800 10.0
 12 86 15  1 1 0.116950 10.0
 12 86 16  1 1 0.111690 10.0
 12 86 17  1 1 0.107280 10.0
 12 86 18  1 1 0.109690 10.0
 12 86 19  1 1 0.114790 10.0
 12 86 20  1 1 0.117000 10.0
 12 86 21  1 1 0.103430 10.0
 12 86 22  1 1 0.043120 10.0
 12 87 3  1 1 0.022270 10.0
 12 87 4  1 1 0.040050 10.0
 12 87 5  1 1 0.054490 10.0
 12 87 6  1 1 0.067080 10.0
 12 87 7  1 1 0.078160 10.0
 12 87 8  1 1 0.087860 10.0
 12 87 9  1 1 0.095650 10.0
 12 87 10  1 1 0.099480 10.0
 12 87 11  1 1 0.097280 10.0
 12 87 12  1 1 0.094490 10.0
 12 87 13  1 1 0.095600 10.0
 12 87 14  1 1 0.099880 10.0
 12 87 15  1 1 0.107740 10.0
 12 87 16  1 1 0.114120 10.0
 12 87 17  1 1 0.116930 10.0
 12 87 18  1 1 0.118880 10.0
 12 87 19  1 1 0.124770 10.0
 12 87 20  1 1 0.132280 10.0
 12 87 21  1 1 0.126830 10.0
 12 87 22  1 1 0.088260 10.0
 12 88 3  1 1 0.024970 10.0
 12 88 4  1 1 0.041960 10.0
 12 88 5  1 1 0.055470 10.0
 12 88 6  1 1 0.066780 10.0
 12 88 7  1 1 0.076740 10.0
 12 88 8  1 1 0.085870 10.0
 12 88 9  1 1 0.093010 10.0
 12 88 10  1 1 0.093990 10.0
 12 88 11  1 1 0.084580 10.0
 12 88 12  1 1 0.070040 10.0
 12 88 13  1 1 0.064200 10.0
 12 88 14  1 1 0.069590 10.0
 12 88 15  1 1 0.083370 10.0
 12 88 16  1 1 0.096030 10.0
 12 88 17  1 1 0.100180 10.0
 12 88 18  1 1 0.099900 10.0
 12 88 19  1 1 0.111260 10.0
 12 88 20  1 1 0.129600 10.0
 12 88 21  1 1 0.132440 10.0
 12 88 22  1 1 0.101210 10.0
 12 88 23  1 1 0.026640 10.0
 12 89 3  1 1 0.025660 10.0
 12 89 4  1 1 0.040830 10.0
 12 89 5  1 1 0.050930 10.0
 12 89 6  1 1 0.058740 10.0
 12 89 7  1 1 0.068600 10.0
 12 89 8  1 1 0.079320 10.0
 12 89 9  1 1 0.085990 10.0
 12 89 10  1 1 0.081470 10.0
 12 89 11  1 1 0.054330 10.0
 12 89 12  1 1 0.003620 10.0
 12 89 16  1 1 0.038410 10.0
 12 89 17  1 1 0.062460 10.0
 12 89 18  1 1 0.082950 10.0
 12 89 19  1 1 0.108290 10.0
 12 89 20  1 1 0.123710 10.0
 12 89 21  1 1 0.118220 10.0
 12 89 22  1 1 0.086970 10.0
 12 89 23  1 1 0.023950 10.0
 12 90 3  1 1 0.022620 10.0
 12 90 4  1 1 0.032510 10.0
 12 90 5  1 1 0.032720 10.0
 12 90 6  1 1 0.032880 10.0
 12 90 7  1 1 0.050060 10.0
 12 90 8  1 1 0.068370 10.0
 12 90 9  1 1 0.074510 10.0
 12 90 10  1 1 0.062140 10.0
 12 90 17  1 1 0.001770 10.0
 12 90 18  1 1 0.052640 10.0
 12 90 19  1 1 0.084160 10.0
 12 90 20  1 1 0.091160 10.0
 12 90 21  1 1 0.076470 10.0
 12 90 22  1 1 0.041230 10.0
 12 91 3  1 1 0.017110 10.0
 12 91 4  1 1 0.018460 10.0
 12 91 5  1 1 0.003410 10.0
 12 91 7  1 1 0.023220 10.0
 12 91 8  1 1 0.056190 10.0
 12 91 9  1 1 0.062060 10.0
 12 91 10  1 1 0.055730 10.0
 12 92 3  1 1 0.003620 10.0
 12 92 4  1 1 0.002630 10.0
 12 92 8  1 1 0.040370 10.0
 12 92 9  1 1 0.062060 10.0
 12 95 4  1 1 0.022100 10.0
 12 95 5  1 1 0.051040 10.0
 12 95 6  1 1 0.058520 10.0
 12 96 4  1 1 0.020990 10.0
 12 96 5  1 1 0.041150 10.0
 12 96 6  1 1 0.060140 10.0
 13 1 4  1 1 0.016630 10.0
 13 1 5  1 1 0.006620 10.0
 13 2 4  1 1 0.008680 10.0
 13 2 5  1 1 0.026490 10.0
 13 2 6  1 1 0.026770 10.0
 13 9 13  1 1 0.000950 10.0
 13 9 14  1 1 0.026520 10.0
 13 10 10  1 1 0.043020 10.0
 13 10 11  1 1 0.065380 10.0
 13 10 12  1 1 0.082950 10.0
 13 10 13  1 1 0.095250 10.0
 13 10 14  1 1 0.102930 10.0
 13 10 15  1 1 0.105990 10.0
 13 10 16  1 1 0.111810 10.0
 13 11 11  1 1 0.019350 10.0
 13 11 12  1 1 0.038730 10.0
 13 11 13  1 1 0.057780 10.0
 13 11 14  1 1 0.072930 10.0
 13 11 15  1 1 0.081250 10.0
 13 11 16  1 1 0.082980 10.0
 13 11 17  1 1 0.093210 10.0
 13 22 3  1 1 0.000740 10.0
 13 23 3  1 1 0.003620 10.0
 13 23 4  1 1 0.004810 10.0
 13 29 3  1 1 0.037850 10.0
 13 29 4  1 1 0.054650 10.0
 13 29 5  1 1 0.063150 10.0
 13 29 6  1 1 0.074270 10.0
 13 29 7  1 1 0.081290 10.0
 13 29 8  1 1 0.079280 10.0
 13 29 9  1 1 0.065630 10.0
 13 29 10  1 1 0.018630 10.0
 13 30 3  1 1 0.027600 10.0
 13 30 4  1 1 0.042480 10.0
 13 30 5  1 1 0.054930 10.0
 13 30 6  1 1 0.065800 10.0
 13 30 7  1 1 0.075310 10.0
 13 30 8  1 1 0.082080 10.0
 13 30 9  1 1 0.083330 10.0
 13 30 10  1 1 0.074900 10.0
 13 31 3  1 1 0.022200 10.0
 13 31 4  1 1 0.040320 10.0
 13 31 5  1 1 0.053670 10.0
 13 31 6  1 1 0.064390 10.0
 13 31 7  1 1 0.070990 10.0
 13 31 8  1 1 0.072160 10.0
 13 31 9  1 1 0.063810 10.0
 13 31 10  1 1 0.009130 10.0
 13 32 3  1 1 0.025630 10.0
 13 32 4  1 1 0.043140 10.0
 13 32 5  1 1 0.056790 10.0
 13 32 6  1 1 0.068390 10.0
 13 32 7  1 1 0.076800 10.0
 13 32 8  1 1 0.078040 10.0
 13 32 9  1 1 0.077070 10.0
 13 33 3  1 1 0.028650 10.0
 13 33 4  1 1 0.044660 10.0
 13 33 5  1 1 0.056640 10.0
 13 33 6  1 1 0.066600 10.0
 13 33 7  1 1 0.074340 10.0
 13 33 8  1 1 0.077470 10.0
 13 33 9  1 1 0.078510 10.0
 13 34 2  1 1 0.000120 10.0
 13 34 3  1 1 0.027460 10.0
 13 34 4  1 1 0.042120 10.0
 13 34 5  1 1 0.054810 10.0
 13 34 6  1 1 0.066880 10.0
 13 34 7  1 1 0.075280 10.0
 13 34 8  1 1 0.078280 10.0
 13 34 9  1 1 0.080350 10.0
 13 34 23  1 1 0.027030 10.0
 13 34 24  1 1 0.080510 10.0
 13 34 25  1 1 0.089550 10.0
 13 34 26  1 1 0.079630 10.0
 13 34 27  1 1 0.056940 10.0
 13 35 3  1 1 0.001560 10.0
 13 35 4  1 1 0.023480 10.0
 13 35 5  1 1 0.041710 10.0
 13 35 6  1 1 0.061370 10.0
 13 35 7  1 1 0.074990 10.0
 13 35 8  1 1 0.083440 10.0
 13 35 9  1 1 0.084240 10.0
 13 35 10  1 1 0.069790 10.0
 13 35 11  1 1 0.045200 10.0
 13 35 22  1 1 0.051030 10.0
 13 35 23  1 1 0.100440 10.0
 13 35 24  1 1 0.117860 10.0
 13 35 25  1 1 0.129600 10.0
 13 35 26  1 1 0.139960 10.0
 13 35 27  1 1 0.144550 10.0
 13 35 28  1 1 0.132910 10.0
 13 35 29  1 1 0.083690 10.0
 13 36 5  1 1 0.018290 10.0
 13 36 6  1 1 0.053850 10.0
 13 36 7  1 1 0.073130 10.0
 13 36 8  1 1 0.084920 10.0
 13 36 9  1 1 0.094150 10.0
 13 36 10  1 1 0.101040 10.0
 13 36 11  1 1 0.104270 10.0
 13 36 12  1 1 0.100960 10.0
 13 36 13  1 1 0.082200 10.0
 13 36 14  1 1 0.041430 10.0
 13 36 21  1 1 0.014520 10.0
 13 36 22  1 1 0.069080 10.0
 13 36 23  1 1 0.089200 10.0
 13 36 24  1 1 0.097700 10.0
 13 36 25  1 1 0.104020 10.0
 13 36 26  1 1 0.113880 10.0
 13 36 27  1 1 0.128050 10.0
 13 36 28  1 1 0.137280 10.0
 13 36 29  1 1 0.132760 10.0
 13 36 30  1 1 0.109390 10.0
 13 36 31  1 1 0.079970 10.0
 13 36 32  1 1 0.086830 10.0
 13 36 33  1 1 0.011890 10.0
 13 37 6  1 1 0.031390 10.0
 13 37 7  1 1 0.060420 10.0
 13 37 8  1 1 0.080440 10.0
 13 37 9  1 1 0.094340 10.0
 13 37 10  1 1 0.104860 10.0
 13 37 11  1 1 0.113290 10.0
 13 37 12  1 1 0.118830 10.0
 13 37 13  1 1 0.119450 10.0
 13 37 14  1 1 0.118840 10.0
 13 37 15  1 1 0.116960 10.0
 13 37 16  1 1 0.105890 10.0
 13 37 17  1 1 0.067540 10.0
 13 37 21  1 1 0.051830 10.0
 13 37 22  1 1 0.090780 10.0
 13 37 23  1 1 0.106760 10.0
 13 37 24  1 1 0.107620 10.0
 13 37 25  1 1 0.114630 10.0
 13 37 26  1 1 0.132270 10.0
 13 37 27  1 1 0.147350 10.0
 13 37 28  1 1 0.153930 10.0
 13 37 29  1 1 0.152090 10.0
 13 37 30  1 1 0.141790 10.0
 13 37 31  1 1 0.138790 10.0
 13 37 32  1 1 0.148910 10.0
 13 37 33  1 1 0.154580 10.0
 13 37 34  1 1 0.137650 10.0
 13 38 8  1 1 0.042370 10.0
 13 38 9  1 1 0.072760 10.0
 13 38 10  1 1 0.092480 10.0
 13 38 11  1 1 0.106630 10.0
 13 38 12  1 1 0.117640 10.0
 13 38 13  1 1 0.126390 10.0
 13 38 14  1 1 0.133540 10.0
 13 38 15  1 1 0.138440 10.0
 13 38 16  1 1 0.139630 10.0
 13 38 17  1 1 0.137280 10.0
 13 38 18  1 1 0.135230 10.0
 13 38 19  1 1 0.133420 10.0
 13 38 20  1 1 0.131010 10.0
 13 38 21  1 1 0.132390 10.0
 13 38 22  1 1 0.132000 10.0
 13 38 23  1 1 0.116020 10.0
 13 38 24  1 1 0.093650 10.0
 13 38 25  1 1 0.099890 10.0
 13 38 26  1 1 0.126230 10.0
 13 38 27  1 1 0.147950 10.0
 13 38 28  1 1 0.160820 10.0
 13 38 29  1 1 0.162630 10.0
 13 38 30  1 1 0.161980 10.0
 13 38 31  1 1 0.163780 10.0
 13 38 32  1 1 0.170160 10.0
 13 38 33  1 1 0.167950 10.0
 13 38 34  1 1 0.153600 10.0
 13 39 9  1 1 0.009130 10.0
 13 39 10  1 1 0.050160 10.0
 13 39 11  1 1 0.071560 10.0
 13 39 12  1 1 0.088830 10.0
 13 39 13  1 1 0.104410 10.0
 13 39 14  1 1 0.120540 10.0
 13 39 15  1 1 0.134570 10.0
 13 39 16  1 1 0.145200 10.0
 13 39 17  1 1 0.153090 10.0
 13 39 18  1 1 0.159060 10.0
 13 39 19  1 1 0.162190 10.0
 13 39 20  1 1 0.160890 10.0
 13 39 21  1 1 0.153410 10.0
 13 39 22  1 1 0.134970 10.0
 13 39 23  1 1 0.105120 10.0
 13 39 24  1 1 0.097310 10.0
 13 39 25  1 1 0.112440 10.0
 13 39 26  1 1 0.126680 10.0
 13 39 27  1 1 0.142710 10.0
 13 39 28  1 1 0.158030 10.0
 13 39 29  1 1 0.166830 10.0
 13 39 30  1 1 0.172650 10.0
 13 39 31  1 1 0.174710 10.0
 13 39 32  1 1 0.166760 10.0
 13 39 33  1 1 0.133030 10.0
 13 40 11  1 1 0.009750 10.0
 13 40 12  1 1 0.038650 10.0
 13 40 13  1 1 0.063990 10.0
 13 40 14  1 1 0.088900 10.0
 13 40 15  1 1 0.113200 10.0
 13 40 16  1 1 0.133480 10.0
 13 40 17  1 1 0.148410 10.0
 13 40 18  1 1 0.158770 10.0
 13 40 19  1 1 0.162830 10.0
 13 40 20  1 1 0.158920 10.0
 13 40 21  1 1 0.146690 10.0
 13 40 22  1 1 0.122870 10.0
 13 40 23  1 1 0.110760 10.0
 13 40 24  1 1 0.116630 10.0
 13 40 25  1 1 0.125370 10.0
 13 40 26  1 1 0.125200 10.0
 13 40 27  1 1 0.129990 10.0
 13 40 28  1 1 0.144080 10.0
 13 40 29  1 1 0.156780 10.0
 13 40 30  1 1 0.168700 10.0
 13 40 31  1 1 0.173940 10.0
 13 40 32  1 1 0.166360 10.0
 13 40 33  1 1 0.144860 10.0
 13 41 13  1 1 0.036630 10.0
 13 41 14  1 1 0.064660 10.0
 13 41 15  1 1 0.092970 10.0
 13 41 16  1 1 0.116700 10.0
 13 41 17  1 1 0.135790 10.0
 13 41 18  1 1 0.149600 10.0
 13 41 19  1 1 0.155720 10.0
 13 41 20  1 1 0.154290 10.0
 13 41 21  1 1 0.145760 10.0
 13 41 22  1 1 0.132230 10.0
 13 41 23  1 1 0.127580 10.0
 13 41 24  1 1 0.129790 10.0
 13 41 25  1 1 0.131060 10.0
 13 41 26  1 1 0.121980 10.0
 13 41 27  1 1 0.107980 10.0
 13 41 28  1 1 0.109830 10.0
 13 41 29  1 1 0.120620 10.0
 13 41 30  1 1 0.136510 10.0
 13 41 31  1 1 0.149280 10.0
 13 41 32  1 1 0.119280 10.0
 13 42 13  1 1 0.037000 10.0
 13 42 14  1 1 0.062420 10.0
 13 42 15  1 1 0.078460 10.0
 13 42 16  1 1 0.091720 10.0
 13 42 17  1 1 0.105380 10.0
 13 42 18  1 1 0.119460 10.0
 13 42 19  1 1 0.131200 10.0
 13 42 20  1 1 0.140320 10.0
 13 42 21  1 1 0.143090 10.0
 13 42 22  1 1 0.141310 10.0
 13 42 23  1 1 0.140580 10.0
 13 42 24  1 1 0.138790 10.0
 13 42 25  1 1 0.130680 10.0
 13 42 26  1 1 0.113490 10.0
 13 42 27  1 1 0.099140 10.0
 13 42 28  1 1 0.090830 10.0
 13 42 29  1 1 0.082440 10.0
 13 42 30  1 1 0.059340 10.0
 13 43 12  1 1 0.014070 10.0
 13 43 13  1 1 0.024930 10.0
 13 43 14  1 1 0.023300 10.0
 13 43 15  1 1 0.009130 10.0
 13 43 16  1 1 0.010370 10.0
 13 43 17  1 1 0.031820 10.0
 13 43 18  1 1 0.060850 10.0
 13 43 19  1 1 0.091590 10.0
 13 43 20  1 1 0.116330 10.0
 13 43 21  1 1 0.130390 10.0
 13 43 22  1 1 0.135830 10.0
 13 43 23  1 1 0.135410 10.0
 13 43 24  1 1 0.129550 10.0
 13 43 25  1 1 0.115670 10.0
 13 43 26  1 1 0.078050 10.0
 13 43 27  1 1 0.055500 10.0
 13 43 28  1 1 0.051790 10.0
 13 43 29  1 1 0.029730 10.0
 13 44 19  1 1 0.017630 10.0
 13 44 20  1 1 0.033530 10.0
 13 44 21  1 1 0.052440 10.0
 13 44 22  1 1 0.062260 10.0
 13 44 23  1 1 0.055860 10.0
 13 44 24  1 1 0.066940 10.0
 13 44 25  1 1 0.072380 10.0
 13 44 26  1 1 0.033900 10.0
 13 81 3  1 1 0.008800 10.0
 13 81 4  1 1 0.037210 10.0
 13 81 5  1 1 0.053750 10.0
 13 81 6  1 1 0.064510 10.0
 13 81 7  1 1 0.067740 10.0
 13 81 8  1 1 0.060750 10.0
 13 81 9  1 1 0.036670 10.0
 13 82 3  1 1 0.004360 10.0
 13 82 4  1 1 0.031650 10.0
 13 82 5  1 1 0.048280 10.0
 13 82 6  1 1 0.062620 10.0
 13 82 7  1 1 0.075650 10.0
 13 82 8  1 1 0.086170 10.0
 13 82 9  1 1 0.089820 10.0
 13 82 10  1 1 0.075860 10.0
 13 82 11  1 1 0.021900 10.0
 13 83 3  1 1 0.019530 10.0
 13 83 4  1 1 0.038100 10.0
 13 83 5  1 1 0.051660 10.0
 13 83 6  1 1 0.062820 10.0
 13 83 7  1 1 0.072130 10.0
 13 83 8  1 1 0.080000 10.0
 13 83 9  1 1 0.085570 10.0
 13 83 10  1 1 0.087590 10.0
 13 83 11  1 1 0.082540 10.0
 13 83 12  1 1 0.044200 10.0
 13 84 3  1 1 0.018150 10.0
 13 84 4  1 1 0.037450 10.0
 13 84 5  1 1 0.052740 10.0
 13 84 6  1 1 0.066110 10.0
 13 84 7  1 1 0.077590 10.0
 13 84 8  1 1 0.086760 10.0
 13 84 9  1 1 0.092230 10.0
 13 84 10  1 1 0.093190 10.0
 13 84 11  1 1 0.090860 10.0
 13 84 12  1 1 0.080280 10.0
 13 85 3  1 1 0.019570 10.0
 13 85 4  1 1 0.038270 10.0
 13 85 5  1 1 0.053460 10.0
 13 85 6  1 1 0.066690 10.0
 13 85 7  1 1 0.077770 10.0
 13 85 8  1 1 0.087050 10.0
 13 85 9  1 1 0.093390 10.0
 13 85 10  1 1 0.095460 10.0
 13 85 11  1 1 0.093400 10.0
 13 85 12  1 1 0.082810 10.0
 13 85 13  1 1 0.044150 10.0
 13 86 3  1 1 0.023960 10.0
 13 86 4  1 1 0.042030 10.0
 13 86 5  1 1 0.056470 10.0
 13 86 6  1 1 0.068870 10.0
 13 86 7  1 1 0.079520 10.0
 13 86 8  1 1 0.087820 10.0
 13 86 9  1 1 0.092540 10.0
 13 86 10  1 1 0.092210 10.0
 13 86 11  1 1 0.089360 10.0
 13 86 12  1 1 0.082980 10.0
 13 86 13  1 1 0.057630 10.0
 13 87 3  1 1 0.027270 10.0
 13 87 4  1 1 0.043720 10.0
 13 87 5  1 1 0.057180 10.0
 13 87 6  1 1 0.068740 10.0
 13 87 7  1 1 0.078720 10.0
 13 87 8  1 1 0.086450 10.0
 13 87 9  1 1 0.089800 10.0
 13 87 10  1 1 0.085750 10.0
 13 87 11  1 1 0.078230 10.0
 13 87 12  1 1 0.070350 10.0
 13 87 13  1 1 0.050610 10.0
 13 87 20  1 1 0.028890 10.0
 13 88 3  1 1 0.027070 10.0
 13 88 4  1 1 0.042830 10.0
 13 88 5  1 1 0.055270 10.0
 13 88 6  1 1 0.066590 10.0
 13 88 7  1 1 0.076970 10.0
 13 88 8  1 1 0.085130 10.0
 13 88 9  1 1 0.087680 10.0
 13 88 10  1 1 0.079040 10.0
 13 88 11  1 1 0.060560 10.0
 13 88 12  1 1 0.041040 10.0
 13 88 20  1 1 0.032040 10.0
 13 88 21  1 1 0.021150 10.0
 13 89 3  1 1 0.024170 10.0
 13 89 4  1 1 0.037990 10.0
 13 89 5  1 1 0.046430 10.0
 13 89 6  1 1 0.054730 10.0
 13 89 7  1 1 0.066890 10.0
 13 89 8  1 1 0.078530 10.0
 13 89 9  1 1 0.082130 10.0
 13 89 10  1 1 0.067660 10.0
 13 89 11  1 1 0.022020 10.0
 13 90 3  1 1 0.019180 10.0
 13 90 4  1 1 0.027630 10.0
 13 90 5  1 1 0.029820 10.0
 13 90 6  1 1 0.015630 10.0
 13 90 7  1 1 0.037710 10.0
 13 90 8  1 1 0.065430 10.0
 13 90 9  1 1 0.076760 10.0
 13 90 10  1 1 0.077440 10.0
 13 91 3  1 1 0.014890 10.0
 13 91 4  1 1 0.019670 10.0
 13 91 5  1 1 0.024640 10.0
 13 91 8  1 1 0.048390 10.0
 13 91 9  1 1 0.069570 10.0
 13 91 10  1 1 0.070550 10.0
 13 92 3  1 1 0.011070 10.0
 13 92 4  1 1 0.018730 10.0
 13 92 5  1 1 0.021560 10.0
 13 92 8  1 1 0.027920 10.0
 13 92 9  1 1 0.052230 10.0
 13 92 10  1 1 0.023980 10.0
 13 93 4  1 1 0.014890 10.0
 13 93 5  1 1 0.010740 10.0
 13 94 3  1 1 0.000250 10.0
 13 94 4  1 1 0.029360 10.0
 13 94 5  1 1 0.041100 10.0
 13 94 6  1 1 0.034910 10.0
 13 95 3  1 1 0.009670 10.0
 13 95 4  1 1 0.036230 10.0
 13 95 5  1 1 0.050990 10.0
 13 95 6  1 1 0.068700 10.0
 13 96 3  1 1 0.002550 10.0
 13 96 4  1 1 0.027660 10.0
 13 96 5  1 1 0.028040 10.0
 13 97 4  1 1 0.016630 10.0
 13 97 5  1 1 0.006620 10.0
 13 98 4  1 1 0.008680 10.0
 13 98 5  1 1 0.026490 10.0
 13 98 6  1 1 0.026770 10.0
 14 1 3  1 1 0.016340 10.0
 14 1 4  1 1 0.034290 10.0
 14 1 5  1 1 0.046430 10.0
 14 1 6  1 1 0.054350 10.0
 14 1 7  1 1 0.063930 10.0
 14 1 8  1 1 0.057120 10.0
 14 2 3  1 1 0.001150 10.0
 14 2 4  1 1 0.024690 10.0
 14 2 5  1 1 0.041530 10.0
 14 2 6  1 1 0.054130 10.0
 14 2 7  1 1 0.061750 10.0
 14 2 8  1 1 0.074940 10.0
 14 3 6  1 1 0.019840 10.0
 14 3 7  1 1 0.003370 10.0
 14 9 10  1 1 0.023600 10.0
 14 9 11  1 1 0.048660 10.0
 14 9 12  1 1 0.064280 10.0
 14 9 13  1 1 0.068660 10.0
 14 9 14  1 1 0.070040 10.0
 14 9 15  1 1 0.063470 10.0
 14 10 8  1 1 0.031760 10.0
 14 10 9  1 1 0.055060 10.0
 14 10 10  1 1 0.073780 10.0
 14 10 11  1 1 0.088000 10.0
 14 10 12  1 1 0.100010 10.0
 14 10 13  1 1 0.109950 10.0
 14 10 14  1 1 0.117800 10.0
 14 10 15  1 1 0.122830 10.0
 14 10 16  1 1 0.122650 10.0
 14 10 17  1 1 0.107500 10.0
 14 11 8  1 1 0.025550 10.0
 14 11 9  1 1 0.043340 10.0
 14 11 10  1 1 0.052890 10.0
 14 11 11  1 1 0.060420 10.0
 14 11 12  1 1 0.070110 10.0
 14 11 13  1 1 0.077130 10.0
 14 11 14  1 1 0.087880 10.0
 14 11 15  1 1 0.102350 10.0
 14 11 16  1 1 0.111690 10.0
 14 11 17  1 1 0.112070 10.0
 14 11 18  1 1 0.097950 10.0
 14 11 19  1 1 0.029910 10.0
 14 12 7  1 1 0.003040 10.0
 14 12 15  1 1 0.033480 10.0
 14 12 16  1 1 0.057360 10.0
 14 12 17  1 1 0.053030 10.0
 14 22 3  1 1 0.007360 10.0
 14 28 5  1 1 0.018420 10.0
 14 28 6  1 1 0.035370 10.0
 14 28 7  1 1 0.044640 10.0
 14 28 8  1 1 0.043260 10.0
 14 28 9  1 1 0.022900 10.0
 14 29 3  1 1 0.008270 10.0
 14 29 4  1 1 0.042300 10.0
 14 29 5  1 1 0.060730 10.0
 14 29 6  1 1 0.075460 10.0
 14 29 7  1 1 0.086440 10.0
 14 29 8  1 1 0.092150 10.0
 14 29 9  1 1 0.090130 10.0
 14 29 10  1 1 0.072910 10.0
 14 30 3  1 1 0.017300 10.0
 14 30 4  1 1 0.037240 10.0
 14 30 5  1 1 0.050880 10.0
 14 30 6  1 1 0.062340 10.0
 14 30 7  1 1 0.072610 10.0
 14 30 8  1 1 0.082160 10.0
 14 30 9  1 1 0.089250 10.0
 14 30 10  1 1 0.089240 10.0
 14 30 11  1 1 0.074650 10.0
 14 31 3  1 1 0.023730 10.0
 14 31 4  1 1 0.042350 10.0
 14 31 5  1 1 0.056990 10.0
 14 31 6  1 1 0.069400 10.0
 14 31 7  1 1 0.079930 10.0
 14 31 8  1 1 0.087220 10.0
 14 31 9  1 1 0.088630 10.0
 14 31 10  1 1 0.081140 10.0
 14 31 11  1 1 0.055740 10.0
 14 32 3  1 1 0.027270 10.0
 14 32 4  1 1 0.043610 10.0
 14 32 5  1 1 0.056310 10.0
 14 32 6  1 1 0.067660 10.0
 14 32 7  1 1 0.078110 10.0
 14 32 8  1 1 0.086570 10.0
 14 32 9  1 1 0.089130 10.0
 14 32 10  1 1 0.077820 10.0
 14 32 11  1 1 0.025540 10.0
 14 33 3  1 1 0.028350 10.0
 14 33 4  1 1 0.044200 10.0
 14 33 5  1 1 0.057190 10.0
 14 33 6  1 1 0.068530 10.0
 14 33 7  1 1 0.078530 10.0
 14 33 8  1 1 0.085990 10.0
 14 33 9  1 1 0.088490 10.0
 14 33 10  1 1 0.078640 10.0
 14 33 11  1 1 0.060020 10.0
 14 34 2  1 1 0.001520 10.0
 14 34 3  1 1 0.028230 10.0
 14 34 4  1 1 0.043670 10.0
 14 34 5  1 1 0.056350 10.0
 14 34 6  1 1 0.067370 10.0
 14 34 7  1 1 0.077300 10.0
 14 34 8  1 1 0.085770 10.0
 14 34 9  1 1 0.090720 10.0
 14 34 10  1 1 0.086170 10.0
 14 34 11  1 1 0.074310 10.0
 14 34 24  1 1 0.005270 10.0
 14 34 25  1 1 0.037950 10.0
 14 34 26  1 1 0.032880 10.0
 14 35 3  1 1 0.025240 10.0
 14 35 4  1 1 0.041440 10.0
 14 35 5  1 1 0.055570 10.0
 14 35 6  1 1 0.067510 10.0
 14 35 7  1 1 0.077470 10.0
 14 35 8  1 1 0.085370 10.0
 14 35 9  1 1 0.092480 10.0
 14 35 10  1 1 0.096320 10.0
 14 35 11  1 1 0.092080 10.0
 14 35 12  1 1 0.073940 10.0
 14 35 22  1 1 0.037690 10.0
 14 35 23  1 1 0.104840 10.0
 14 35 24  1 1 0.125290 10.0
 14 35 25  1 1 0.136990 10.0
 14 35 26  1 1 0.144650 10.0
 14 35 27  1 1 0.147290 10.0
 14 35 28  1 1 0.140850 10.0
 14 35 29  1 1 0.124790 10.0
 14 35 30  1 1 0.108760 10.0
 14 35 31  1 1 0.083530 10.0
 14 36 3  1 1 0.008720 10.0
 14 36 4  1 1 0.034370 10.0
 14 36 5  1 1 0.052760 10.0
 14 36 6  1 1 0.066140 10.0
 14 36 7  1 1 0.076760 10.0
 14 36 8  1 1 0.085890 10.0
 14 36 9  1 1 0.093990 10.0
 14 36 10  1 1 0.101160 10.0
 14 36 11  1 1 0.106080 10.0
 14 36 12  1 1 0.104720 10.0
 14 36 13  1 1 0.093970 10.0
 14 36 14  1 1 0.083340 10.0
 14 36 15  1 1 0.080950 10.0
 14 36 16  1 1 0.063660 10.0
 14 36 21  1 1 0.024710 10.0
 14 36 22  1 1 0.082810 10.0
 14 36 23  1 1 0.099530 10.0
 14 36 24  1 1 0.106630 10.0
 14 36 25  1 1 0.112080 10.0
 14 36 26  1 1 0.120780 10.0
 14 36 27  1 1 0.132940 10.0
 14 36 28  1 1 0.144790 10.0
 14 36 29  1 1 0.150590 10.0
 14 36 30  1 1 0.149380 10.0
 14 36 31  1 1 0.152930 10.0
 14 36 32  1 1 0.158260 10.0
 14 36 33  1 1 0.145450 10.0
 14 36 34  1 1 0.023020 10.0
 14 37 3  1 1 0.001400 10.0
 14 37 4  1 1 0.030900 10.0
 14 37 5  1 1 0.049170 10.0
 14 37 6  1 1 0.063390 10.0
 14 37 7  1 1 0.075720 10.0
 14 37 8  1 1 0.086600 10.0
 14 37 9  1 1 0.096310 10.0
 14 37 10  1 1 0.104820 10.0
 14 37 11  1 1 0.112240 10.0
 14 37 12  1 1 0.118870 10.0
 14 37 13  1 1 0.124370 10.0
 14 37 14  1 1 0.129800 10.0
 14 37 15  1 1 0.133640 10.0
 14 37 16  1 1 0.132280 10.0
 14 37 17  1 1 0.120480 10.0
 14 37 18  1 1 0.085650 10.0
 14 37 19  1 1 0.026760 10.0
 14 37 21  1 1 0.043420 10.0
 14 37 22  1 1 0.082500 10.0
 14 37 23  1 1 0.101220 10.0
 14 37 24  1 1 0.104150 10.0
 14 37 25  1 1 0.105630 10.0
 14 37 26  1 1 0.123450 10.0
 14 37 27  1 1 0.142020 10.0
 14 37 28  1 1 0.152210 10.0
 14 37 29  1 1 0.159060 10.0
 14 37 30  1 1 0.165020 10.0
 14 37 31  1 1 0.171320 10.0
 14 37 32  1 1 0.173270 10.0
 14 37 33  1 1 0.165320 10.0
 14 37 34  1 1 0.141610 10.0
 14 37 35  1 1 0.090960 10.0
 14 38 4  1 1 0.016990 10.0
 14 38 5  1 1 0.032620 10.0
 14 38 6  1 1 0.045620 10.0
 14 38 7  1 1 0.059680 10.0
 14 38 8  1 1 0.075330 10.0
 14 38 9  1 1 0.090340 10.0
 14 38 10  1 1 0.102580 10.0
 14 38 11  1 1 0.112400 10.0
 14 38 12  1 1 0.120520 10.0
 14 38 13  1 1 0.127570 10.0
 14 38 14  1 1 0.133970 10.0
 14 38 15  1 1 0.139600 10.0
 14 38 16  1 1 0.143850 10.0
 14 38 17  1 1 0.145430 10.0
 14 38 18  1 1 0.142900 10.0
 14 38 19  1 1 0.137720 10.0
 14 38 20  1 1 0.132500 10.0
 14 38 21  1 1 0.130810 10.0
 14 38 22  1 1 0.130820 10.0
 14 38 23  1 1 0.119820 10.0
 14 38 24  1 1 0.090490 10.0
 14 38 25  1 1 0.075120 10.0
 14 38 26  1 1 0.119530 10.0
 14 38 27  1 1 0.157290 10.0
 14 38 28  1 1 0.169820 10.0
 14 38 29  1 1 0.173480 10.0
 14 38 30  1 1 0.175300 10.0
 14 38 31  1 1 0.176800 10.0
 14 38 32  1 1 0.173850 10.0
 14 38 33  1 1 0.161120 10.0
 14 38 34  1 1 0.152600 10.0
 14 39 6  1 1 0.004900 10.0
 14 39 7  1 1 0.024890 10.0
 14 39 8  1 1 0.044370 10.0
 14 39 9  1 1 0.066550 10.0
 14 39 10  1 1 0.086850 10.0
 14 39 11  1 1 0.102710 10.0
 14 39 12  1 1 0.115340 10.0
 14 39 13  1 1 0.125560 10.0
 14 39 14  1 1 0.134140 10.0
 14 39 15  1 1 0.141600 10.0
 14 39 16  1 1 0.148240 10.0
 14 39 17  1 1 0.153840 10.0
 14 39 18  1 1 0.157890 10.0
 14 39 19  1 1 0.160320 10.0
 14 39 20  1 1 0.160270 10.0
 14 39 21  1 1 0.155100 10.0
 14 39 22  1 1 0.139050 10.0
 14 39 23  1 1 0.103030 10.0
 14 39 24  1 1 0.055500 10.0
 14 39 25  1 1 0.038700 10.0
 14 39 26  1 1 0.089590 10.0
 14 39 27  1 1 0.133360 10.0
 14 39 28  1 1 0.159320 10.0
 14 39 29  1 1 0.172850 10.0
 14 39 30  1 1 0.178690 10.0
 14 39 31  1 1 0.176760 10.0
 14 39 32  1 1 0.163370 10.0
 14 39 33  1 1 0.131540 10.0
 14 40 7  1 1 0.013250 10.0
 14 40 8  1 1 0.030640 10.0
 14 40 9  1 1 0.049240 10.0
 14 40 10  1 1 0.067630 10.0
 14 40 11  1 1 0.084350 10.0
 14 40 12  1 1 0.099690 10.0
 14 40 13  1 1 0.114570 10.0
 14 40 14  1 1 0.127490 10.0
 14 40 15  1 1 0.137920 10.0
 14 40 16  1 1 0.146610 10.0
 14 40 17  1 1 0.153510 10.0
 14 40 18  1 1 0.158770 10.0
 14 40 19  1 1 0.161430 10.0
 14 40 20  1 1 0.159000 10.0
 14 40 21  1 1 0.150290 10.0
 14 40 22  1 1 0.125810 10.0
 14 40 23  1 1 0.092980 10.0
 14 40 24  1 1 0.080070 10.0
 14 40 25  1 1 0.069400 10.0
 14 40 26  1 1 0.062990 10.0
 14 40 27  1 1 0.092980 10.0
 14 40 28  1 1 0.122790 10.0
 14 40 29  1 1 0.147320 10.0
 14 40 30  1 1 0.164290 10.0
 14 40 31  1 1 0.170120 10.0
 14 40 32  1 1 0.167210 10.0
 14 40 33  1 1 0.156780 10.0
 14 40 34  1 1 0.139610 10.0
 14 40 35  1 1 0.053510 10.0
 14 41 9  1 1 0.024660 10.0
 14 41 10  1 1 0.044130 10.0
 14 41 11  1 1 0.057370 10.0
 14 41 12  1 1 0.071640 10.0
 14 41 13  1 1 0.088140 10.0
 14 41 14  1 1 0.105060 10.0
 14 41 15  1 1 0.120070 10.0
 14 41 16  1 1 0.131530 10.0
 14 41 17  1 1 0.140060 10.0
 14 41 18  1 1 0.146070 10.0
 14 41 19  1 1 0.147480 10.0
 14 41 20  1 1 0.145370 10.0
 14 41 21  1 1 0.139530 10.0
 14 41 22  1 1 0.123980 10.0
 14 41 23  1 1 0.111360 10.0
 14 41 24  1 1 0.101740 10.0
 14 41 25  1 1 0.078620 10.0
 14 41 26  1 1 0.034370 10.0
 14 41 27  1 1 0.034010 10.0
 14 41 28  1 1 0.068680 10.0
 14 41 29  1 1 0.100710 10.0
 14 41 30  1 1 0.135060 10.0
 14 41 31  1 1 0.166080 10.0
 14 41 32  1 1 0.179590 10.0
 14 41 33  1 1 0.172190 10.0
 14 41 34  1 1 0.077750 10.0
 14 42 11  1 1 0.010120 10.0
 14 42 12  1 1 0.031250 10.0
 14 42 13  1 1 0.051750 10.0
 14 42 14  1 1 0.066840 10.0
 14 42 15  1 1 0.077220 10.0
 14 42 16  1 1 0.084720 10.0
 14 42 17  1 1 0.093560 10.0
 14 42 18  1 1 0.107130 10.0
 14 42 19  1 1 0.120790 10.0
 14 42 20  1 1 0.129550 10.0
 14 42 21  1 1 0.131700 10.0
 14 42 22  1 1 0.129410 10.0
 14 42 23  1 1 0.126680 10.0
 14 42 24  1 1 0.116150 10.0
 14 42 25  1 1 0.092510 10.0
 14 42 26  1 1 0.022510 10.0
 14 42 30  1 1 0.030990 10.0
 14 42 31  1 1 0.049150 10.0
 14 42 32  1 1 0.024690 10.0
 14 43 18  1 1 0.048140 10.0
 14 43 19  1 1 0.086100 10.0
 14 43 20  1 1 0.108840 10.0
 14 43 21  1 1 0.117640 10.0
 14 43 22  1 1 0.112650 10.0
 14 43 23  1 1 0.103130 10.0
 14 43 24  1 1 0.095580 10.0
 14 43 25  1 1 0.082880 10.0
 14 43 26  1 1 0.018760 10.0
 14 44 25  1 1 0.015220 10.0
 14 75 7  1 1 0.034560 10.0
 14 76 7  1 1 0.039150 10.0
 14 81 3  1 1 0.000660 10.0
 14 81 4  1 1 0.034090 10.0
 14 81 5  1 1 0.053950 10.0
 14 81 6  1 1 0.067540 10.0
 14 81 7  1 1 0.070490 10.0
 14 81 8  1 1 0.058100 10.0
 14 81 9  1 1 0.001890 10.0
 14 82 3  1 1 0.012960 10.0
 14 82 4  1 1 0.033040 10.0
 14 82 5  1 1 0.046050 10.0
 14 82 6  1 1 0.057850 10.0
 14 82 7  1 1 0.069740 10.0
 14 82 8  1 1 0.078690 10.0
 14 82 9  1 1 0.077440 10.0
 14 82 10  1 1 0.032800 10.0
 14 83 3  1 1 0.021470 10.0
 14 83 4  1 1 0.040000 10.0
 14 83 5  1 1 0.053120 10.0
 14 83 6  1 1 0.062980 10.0
 14 83 7  1 1 0.069520 10.0
 14 83 8  1 1 0.071810 10.0
 14 83 9  1 1 0.068460 10.0
 14 83 10  1 1 0.052180 10.0
 14 84 3  1 1 0.019730 10.0
 14 84 4  1 1 0.038940 10.0
 14 84 5  1 1 0.053280 10.0
 14 84 6  1 1 0.065000 10.0
 14 84 7  1 1 0.073960 10.0
 14 84 8  1 1 0.077640 10.0
 14 84 9  1 1 0.072290 10.0
 14 84 10  1 1 0.062700 10.0
 14 84 11  1 1 0.011730 10.0
 14 85 3  1 1 0.024770 10.0
 14 85 4  1 1 0.042660 10.0
 14 85 5  1 1 0.056520 10.0
 14 85 6  1 1 0.067490 10.0
 14 85 7  1 1 0.075930 10.0
 14 85 8  1 1 0.080310 10.0
 14 85 9  1 1 0.075890 10.0
 14 85 10  1 1 0.060280 10.0
 14 85 11  1 1 0.042450 10.0
 14 86 3  1 1 0.028070 10.0
 14 86 4  1 1 0.044110 10.0
 14 86 5  1 1 0.056860 10.0
 14 86 6  1 1 0.067400 10.0
 14 86 7  1 1 0.076120 10.0
 14 86 8  1 1 0.081050 10.0
 14 86 9  1 1 0.077430 10.0
 14 86 10  1 1 0.061290 10.0
 14 86 11  1 1 0.034240 10.0
 14 87 3  1 1 0.027200 10.0
 14 87 4  1 1 0.042350 10.0
 14 87 5  1 1 0.054480 10.0
 14 87 6  1 1 0.064120 10.0
 14 87 7  1 1 0.072630 10.0
 14 87 8  1 1 0.077590 10.0
 14 87 9  1 1 0.074560 10.0
 14 87 10  1 1 0.059720 10.0
 14 87 11  1 1 0.034490 10.0
 14 88 3  1 1 0.025000 10.0
 14 88 4  1 1 0.040340 10.0
 14 88 5  1 1 0.052690 10.0
 14 88 6  1 1 0.062480 10.0
 14 88 7  1 1 0.070610 10.0
 14 88 8  1 1 0.077220 10.0
 14 88 9  1 1 0.076820 10.0
 14 88 10  1 1 0.063930 10.0
 14 88 11  1 1 0.044160 10.0
 14 89 3  1 1 0.024070 10.0
 14 89 4  1 1 0.037850 10.0
 14 89 5  1 1 0.047610 10.0
 14 89 6  1 1 0.051980 10.0
 14 89 7  1 1 0.058740 10.0
 14 89 8  1 1 0.069950 10.0
 14 89 9  1 1 0.074710 10.0
 14 89 10  1 1 0.069430 10.0
 14 90 3  1 1 0.021590 10.0
 14 90 4  1 1 0.032420 10.0
 14 90 5  1 1 0.038230 10.0
 14 90 6  1 1 0.010650 10.0
 14 90 7  1 1 0.017030 10.0
 14 90 8  1 1 0.051340 10.0
 14 90 9  1 1 0.067630 10.0
 14 90 10  1 1 0.068270 10.0
 14 91 3  1 1 0.019880 10.0
 14 91 4  1 1 0.030420 10.0
 14 91 5  1 1 0.038800 10.0
 14 91 8  1 1 0.031250 10.0
 14 91 9  1 1 0.059560 10.0
 14 91 10  1 1 0.075440 10.0
 14 92 3  1 1 0.020100 10.0
 14 92 4  1 1 0.031960 10.0
 14 92 5  1 1 0.039950 10.0
 14 93 3  1 1 0.017490 10.0
 14 93 4  1 1 0.033530 10.0
 14 93 5  1 1 0.042460 10.0
 14 93 6  1 1 0.047380 10.0
 14 94 3  1 1 0.016390 10.0
 14 94 4  1 1 0.035930 10.0
 14 94 5  1 1 0.049630 10.0
 14 94 6  1 1 0.064370 10.0
 14 95 3  1 1 0.018180 10.0
 14 95 4  1 1 0.037970 10.0
 14 95 5  1 1 0.049540 10.0
 14 95 6  1 1 0.047340 10.0
 14 95 7  1 1 0.030750 10.0
 14 96 3  1 1 0.016950 10.0
 14 96 4  1 1 0.036230 10.0
 14 96 5  1 1 0.045370 10.0
 14 96 6  1 1 0.041910 10.0
 14 96 7  1 1 0.025540 10.0
 14 97 3  1 1 0.016340 10.0
 14 97 4  1 1 0.034290 10.0
 14 97 5  1 1 0.046430 10.0
 14 97 6  1 1 0.054350 10.0
 14 97 7  1 1 0.063930 10.0
 14 97 8  1 1 0.057120 10.0
 14 98 3  1 1 0.001150 10.0
 14 98 4  1 1 0.024690 10.0
 14 98 5  1 1 0.041530 10.0
 14 98 6  1 1 0.054130 10.0
 14 98 7  1 1 0.061750 10.0
 14 98 8  1 1 0.074940 10.0
 14 99 6  1 1 0.019840 10.0
 14 99 7  1 1 0.003370 10.0
 15 1 3  1 1 0.018040 10.0
 15 1 4  1 1 0.037280 10.0
 15 1 5  1 1 0.051490 10.0
 15 1 6  1 1 0.063910 10.0
 15 1 7  1 1 0.074920 10.0
 15 1 8  1 1 0.079490 10.0
 15 1 9  1 1 0.077540 10.0
 15 2 3  1 1 0.014930 10.0
 15 2 4  1 1 0.029330 10.0
 15 2 5  1 1 0.040290 10.0
 15 2 6  1 1 0.053220 10.0
 15 2 7  1 1 0.065960 10.0
 15 2 8  1 1 0.077030 10.0
 15 2 9  1 1 0.074670 10.0
 15 3 6  1 1 0.027850 10.0
 15 3 7  1 1 0.046570 10.0
 15 3 8  1 1 0.051010 10.0
 15 3 9  1 1 0.033620 10.0
 15 8 6  1 1 0.004980 10.0
 15 9 5  1 1 0.003000 10.0
 15 9 6  1 1 0.036430 10.0
 15 9 7  1 1 0.051860 10.0
 15 9 8  1 1 0.064070 10.0
 15 9 9  1 1 0.074530 10.0
 15 9 10  1 1 0.071390 10.0
 15 9 11  1 1 0.064220 10.0
 15 9 12  1 1 0.062580 10.0
 15 9 13  1 1 0.059560 10.0
 15 9 14  1 1 0.055350 10.0
 15 9 15  1 1 0.038310 10.0
 15 10 6  1 1 0.018530 10.0
 15 10 7  1 1 0.045020 10.0
 15 10 8  1 1 0.059030 10.0
 15 10 9  1 1 0.069500 10.0
 15 10 10  1 1 0.080400 10.0
 15 10 11  1 1 0.090330 10.0
 15 10 12  1 1 0.099560 10.0
 15 10 13  1 1 0.106310 10.0
 15 10 14  1 1 0.110880 10.0
 15 10 15  1 1 0.114590 10.0
 15 10 16  1 1 0.114720 10.0
 15 10 17  1 1 0.093590 10.0
 15 11 7  1 1 0.023370 10.0
 15 11 8  1 1 0.033970 10.0
 15 11 9  1 1 0.039550 10.0
 15 11 10  1 1 0.048410 10.0
 15 11 11  1 1 0.061010 10.0
 15 11 12  1 1 0.076260 10.0
 15 11 13  1 1 0.088830 10.0
 15 11 14  1 1 0.098720 10.0
 15 11 15  1 1 0.105600 10.0
 15 11 16  1 1 0.111490 10.0
 15 11 17  1 1 0.110810 10.0
 15 11 18  1 1 0.099570 10.0
 15 12 13  1 1 0.004440 10.0
 15 12 14  1 1 0.045390 10.0
 15 12 15  1 1 0.073060 10.0
 15 12 16  1 1 0.071560 10.0
 15 22 3  1 1 0.013660 10.0
 15 28 5  1 1 0.040130 10.0
 15 28 6  1 1 0.059960 10.0
 15 28 7  1 1 0.067190 10.0
 15 28 8  1 1 0.058830 10.0
 15 28 9  1 1 0.022220 10.0
 15 29 3  1 1 0.005720 10.0
 15 29 4  1 1 0.034610 10.0
 15 29 5  1 1 0.050700 10.0
 15 29 6  1 1 0.063580 10.0
 15 29 7  1 1 0.076450 10.0
 15 29 8  1 1 0.089430 10.0
 15 29 9  1 1 0.094420 10.0
 15 29 10  1 1 0.075960 10.0
 15 29 11  1 1 0.015920 10.0
 15 30 3  1 1 0.023760 10.0
 15 30 4  1 1 0.041980 10.0
 15 30 5  1 1 0.055630 10.0
 15 30 6  1 1 0.066880 10.0
 15 30 7  1 1 0.076360 10.0
 15 30 8  1 1 0.083850 10.0
 15 30 9  1 1 0.088710 10.0
 15 30 10  1 1 0.088930 10.0
 15 30 11  1 1 0.077960 10.0
 15 31 3  1 1 0.025030 10.0
 15 31 4  1 1 0.041290 10.0
 15 31 5  1 1 0.053420 10.0
 15 31 6  1 1 0.064740 10.0
 15 31 7  1 1 0.076140 10.0
 15 31 8  1 1 0.086440 10.0
 15 31 9  1 1 0.091560 10.0
 15 31 10  1 1 0.087370 10.0
 15 31 11  1 1 0.073470 10.0
 15 32 3  1 1 0.026330 10.0
 15 32 4  1 1 0.041590 10.0
 15 32 5  1 1 0.053330 10.0
 15 32 6  1 1 0.064870 10.0
 15 32 7  1 1 0.075790 10.0
 15 32 8  1 1 0.085090 10.0
 15 32 9  1 1 0.090360 10.0
 15 32 10  1 1 0.088760 10.0
 15 32 11  1 1 0.074630 10.0
 15 33 3  1 1 0.025220 10.0
 15 33 4  1 1 0.040340 10.0
 15 33 5  1 1 0.053690 10.0
 15 33 6  1 1 0.065540 10.0
 15 33 7  1 1 0.075820 10.0
 15 33 8  1 1 0.084860 10.0
 15 33 9  1 1 0.091590 10.0
 15 33 10  1 1 0.096040 10.0
 15 33 11  1 1 0.091380 10.0
 15 33 12  1 1 0.012470 10.0
 15 34 3  1 1 0.026770 10.0
 15 34 4  1 1 0.042790 10.0
 15 34 5  1 1 0.055950 10.0
 15 34 6  1 1 0.067260 10.0
 15 34 7  1 1 0.076580 10.0
 15 34 8  1 1 0.084790 10.0
 15 34 9  1 1 0.092130 10.0
 15 34 10  1 1 0.095460 10.0
 15 34 11  1 1 0.089400 10.0
 15 34 12  1 1 0.058990 10.0
 15 35 3  1 1 0.027850 10.0
 15 35 4  1 1 0.043200 10.0
 15 35 5  1 1 0.055170 10.0
 15 35 6  1 1 0.065110 10.0
 15 35 7  1 1 0.074130 10.0
 15 35 8  1 1 0.083160 10.0
 15 35 9  1 1 0.091930 10.0
 15 35 10  1 1 0.099370 10.0
 15 35 11  1 1 0.101380 10.0
 15 35 12  1 1 0.091170 10.0
 15 35 13  1 1 0.064070 10.0
 15 35 14  1 1 0.035370 10.0
 15 35 15  1 1 0.018800 10.0
 15 35 22  1 1 0.047380 10.0
 15 35 23  1 1 0.107140 10.0
 15 35 24  1 1 0.129220 10.0
 15 35 25  1 1 0.143260 10.0
 15 35 26  1 1 0.150070 10.0
 15 35 27  1 1 0.152440 10.0
 15 35 28  1 1 0.149670 10.0
 15 35 29  1 1 0.139780 10.0
 15 35 30  1 1 0.112370 10.0
 15 35 31  1 1 0.056640 10.0
 15 36 3  1 1 0.027660 10.0
 15 36 4  1 1 0.042470 10.0
 15 36 5  1 1 0.053010 10.0
 15 36 6  1 1 0.061330 10.0
 15 36 7  1 1 0.070200 10.0
 15 36 8  1 1 0.080240 10.0
 15 36 9  1 1 0.090470 10.0
 15 36 10  1 1 0.100500 10.0
 15 36 11  1 1 0.109250 10.0
 15 36 12  1 1 0.114630 10.0
 15 36 13  1 1 0.115500 10.0
 15 36 14  1 1 0.116590 10.0
 15 36 15  1 1 0.117260 10.0
 15 36 16  1 1 0.105850 10.0
 15 36 17  1 1 0.059660 10.0
 15 36 21  1 1 0.058080 10.0
 15 36 22  1 1 0.108550 10.0
 15 36 23  1 1 0.121550 10.0
 15 36 24  1 1 0.125850 10.0
 15 36 25  1 1 0.128390 10.0
 15 36 26  1 1 0.134590 10.0
 15 36 27  1 1 0.144030 10.0
 15 36 28  1 1 0.155130 10.0
 15 36 29  1 1 0.162920 10.0
 15 36 30  1 1 0.166700 10.0
 15 36 31  1 1 0.167930 10.0
 15 36 32  1 1 0.160090 10.0
 15 37 3  1 1 0.027460 10.0
 15 37 4  1 1 0.042480 10.0
 15 37 5  1 1 0.054350 10.0
 15 37 6  1 1 0.065650 10.0
 15 37 7  1 1 0.076310 10.0
 15 37 8  1 1 0.085950 10.0
 15 37 9  1 1 0.094370 10.0
 15 37 10  1 1 0.102150 10.0
 15 37 11  1 1 0.109700 10.0
 15 37 12  1 1 0.117380 10.0
 15 37 13  1 1 0.124970 10.0
 15 37 14  1 1 0.131530 10.0
 15 37 15  1 1 0.135930 10.0
 15 37 16  1 1 0.136980 10.0
 15 37 17  1 1 0.131260 10.0
 15 37 18  1 1 0.110290 10.0
 15 37 19  1 1 0.063970 10.0
 15 37 20  1 1 0.030210 10.0
 15 37 21  1 1 0.059700 10.0
 15 37 22  1 1 0.090460 10.0
 15 37 23  1 1 0.103510 10.0
 15 37 24  1 1 0.102750 10.0
 15 37 25  1 1 0.099420 10.0
 15 37 26  1 1 0.111830 10.0
 15 37 27  1 1 0.129550 10.0
 15 37 28  1 1 0.144260 10.0
 15 37 29  1 1 0.155780 10.0
 15 37 30  1 1 0.166540 10.0
 15 37 31  1 1 0.173180 10.0
 15 37 32  1 1 0.168960 10.0
 15 37 33  1 1 0.148820 10.0
 15 37 34  1 1 0.013860 10.0
 15 38 3  1 1 0.026390 10.0
 15 38 4  1 1 0.041580 10.0
 15 38 5  1 1 0.054470 10.0
 15 38 6  1 1 0.066250 10.0
 15 38 7  1 1 0.077220 10.0
 15 38 8  1 1 0.087440 10.0
 15 38 9  1 1 0.096650 10.0
 15 38 10  1 1 0.104460 10.0
 15 38 11  1 1 0.111160 10.0
 15 38 12  1 1 0.117350 10.0
 15 38 13  1 1 0.123710 10.0
 15 38 14  1 1 0.130450 10.0
 15 38 15  1 1 0.136450 10.0
 15 38 16  1 1 0.140520 10.0
 15 38 17  1 1 0.140790 10.0
 15 38 18  1 1 0.135280 10.0
 15 38 19  1 1 0.122690 10.0
 15 38 20  1 1 0.113070 10.0
 15 38 21  1 1 0.114040 10.0
 15 38 22  1 1 0.119470 10.0
 15 38 23  1 1 0.112530 10.0
 15 38 24  1 1 0.080440 10.0
 15 38 25  1 1 0.058660 10.0
 15 38 26  1 1 0.105620 10.0
 15 38 27  1 1 0.147850 10.0
 15 38 28  1 1 0.161450 10.0
 15 38 29  1 1 0.165070 10.0
 15 38 30  1 1 0.169030 10.0
 15 38 31  1 1 0.172270 10.0
 15 38 32  1 1 0.168880 10.0
 15 38 33  1 1 0.155310 10.0
 15 39 3  1 1 0.018100 10.0
 15 39 4  1 1 0.033810 10.0
 15 39 5  1 1 0.046390 10.0
 15 39 6  1 1 0.057720 10.0
 15 39 7  1 1 0.068740 10.0
 15 39 8  1 1 0.079520 10.0
 15 39 9  1 1 0.089930 10.0
 15 39 10  1 1 0.099050 10.0
 15 39 11  1 1 0.106820 10.0
 15 39 12  1 1 0.113710 10.0
 15 39 13  1 1 0.120340 10.0
 15 39 14  1 1 0.127300 10.0
 15 39 15  1 1 0.134800 10.0
 15 39 16  1 1 0.142550 10.0
 15 39 17  1 1 0.149270 10.0
 15 39 18  1 1 0.153680 10.0
 15 39 19  1 1 0.154870 10.0
 15 39 20  1 1 0.153420 10.0
 15 39 21  1 1 0.148490 10.0
 15 39 22  1 1 0.133520 10.0
 15 39 23  1 1 0.097190 10.0
 15 39 24  1 1 0.007900 10.0
 15 39 26  1 1 0.072740 10.0
 15 39 27  1 1 0.138390 10.0
 15 39 28  1 1 0.158250 10.0
 15 39 29  1 1 0.167630 10.0
 15 39 30  1 1 0.172170 10.0
 15 39 31  1 1 0.173230 10.0
 15 39 32  1 1 0.169590 10.0
 15 39 33  1 1 0.155180 10.0
 15 40 5  1 1 0.023020 10.0
 15 40 6  1 1 0.039470 10.0
 15 40 7  1 1 0.052900 10.0
 15 40 8  1 1 0.065260 10.0
 15 40 9  1 1 0.077170 10.0
 15 40 10  1 1 0.087600 10.0
 15 40 11  1 1 0.096850 10.0
 15 40 12  1 1 0.105630 10.0
 15 40 13  1 1 0.114310 10.0
 15 40 14  1 1 0.122280 10.0
 15 40 15  1 1 0.129600 10.0
 15 40 16  1 1 0.136970 10.0
 15 40 17  1 1 0.143550 10.0
 15 40 18  1 1 0.148650 10.0
 15 40 19  1 1 0.151250 10.0
 15 40 20  1 1 0.149380 10.0
 15 40 21  1 1 0.140230 10.0
 15 40 22  1 1 0.111870 10.0
 15 40 23  1 1 0.073830 10.0
 15 40 24  1 1 0.029630 10.0
 15 40 27  1 1 0.085070 10.0
 15 40 28  1 1 0.126170 10.0
 15 40 29  1 1 0.144760 10.0
 15 40 30  1 1 0.155310 10.0
 15 40 31  1 1 0.158700 10.0
 15 40 32  1 1 0.161540 10.0
 15 40 33  1 1 0.158770 10.0
 15 40 34  1 1 0.138730 10.0
 15 41 8  1 1 0.021400 10.0
 15 41 9  1 1 0.040360 10.0
 15 41 10  1 1 0.054730 10.0
 15 41 11  1 1 0.067680 10.0
 15 41 12  1 1 0.080230 10.0
 15 41 13  1 1 0.092170 10.0
 15 41 14  1 1 0.103450 10.0
 15 41 15  1 1 0.113160 10.0
 15 41 16  1 1 0.121350 10.0
 15 41 17  1 1 0.127670 10.0
 15 41 18  1 1 0.130640 10.0
 15 41 19  1 1 0.130060 10.0
 15 41 20  1 1 0.125640 10.0
 15 41 21  1 1 0.115700 10.0
 15 41 22  1 1 0.104000 10.0
 15 41 23  1 1 0.098350 10.0
 15 41 24  1 1 0.066400 10.0
 15 41 27  1 1 0.055040 10.0
 15 41 28  1 1 0.091610 10.0
 15 41 29  1 1 0.098090 10.0
 15 41 30  1 1 0.109080 10.0
 15 41 31  1 1 0.134810 10.0
 15 41 32  1 1 0.157200 10.0
 15 41 33  1 1 0.158690 10.0
 15 42 11  1 1 0.010080 10.0
 15 42 12  1 1 0.034390 10.0
 15 42 13  1 1 0.048950 10.0
 15 42 14  1 1 0.061470 10.0
 15 42 15  1 1 0.072270 10.0
 15 42 16  1 1 0.080530 10.0
 15 42 17  1 1 0.091730 10.0
 15 42 18  1 1 0.103940 10.0
 15 42 19  1 1 0.112090 10.0
 15 42 20  1 1 0.113090 10.0
 15 42 21  1 1 0.112580 10.0
 15 42 22  1 1 0.114670 10.0
 15 42 23  1 1 0.111060 10.0
 15 42 24  1 1 0.091810 10.0
 15 42 25  1 1 0.021310 10.0
 15 43 16  1 1 0.016990 10.0
 15 43 17  1 1 0.044110 10.0
 15 43 18  1 1 0.076470 10.0
 15 43 19  1 1 0.097430 10.0
 15 43 20  1 1 0.108400 10.0
 15 43 21  1 1 0.110500 10.0
 15 43 22  1 1 0.097920 10.0
 15 43 23  1 1 0.079560 10.0
 15 43 24  1 1 0.067060 10.0
 15 43 25  1 1 0.043490 10.0
 15 44 18  1 1 0.001930 10.0
 15 44 19  1 1 0.017220 10.0
 15 44 20  1 1 0.021180 10.0
 15 73 5  1 1 0.009300 10.0
 15 74 5  1 1 0.022290 10.0
 15 74 6  1 1 0.047330 10.0
 15 74 7  1 1 0.026900 10.0
 15 75 6  1 1 0.033560 10.0
 15 75 7  1 1 0.063680 10.0
 15 75 8  1 1 0.003830 10.0
 15 76 6  1 1 0.005800 10.0
 15 76 7  1 1 0.039950 10.0
 15 80 4  1 1 0.010330 10.0
 15 80 5  1 1 0.000620 10.0
 15 81 4  1 1 0.027070 10.0
 15 81 5  1 1 0.051310 10.0
 15 81 6  1 1 0.063150 10.0
 15 81 7  1 1 0.051860 10.0
 15 82 3  1 1 0.005350 10.0
 15 82 4  1 1 0.026110 10.0
 15 82 5  1 1 0.039730 10.0
 15 82 6  1 1 0.052340 10.0
 15 82 7  1 1 0.061730 10.0
 15 82 8  1 1 0.058910 10.0
 15 82 9  1 1 0.009870 10.0
 15 83 3  1 1 0.019480 10.0
 15 83 4  1 1 0.034120 10.0
 15 83 5  1 1 0.045180 10.0
 15 83 6  1 1 0.053620 10.0
 15 83 7  1 1 0.052360 10.0
 15 83 8  1 1 0.043020 10.0
 15 83 9  1 1 0.021210 10.0
 15 84 3  1 1 0.021810 10.0
 15 84 4  1 1 0.036230 10.0
 15 84 5  1 1 0.047380 10.0
 15 84 6  1 1 0.056220 10.0
 15 84 7  1 1 0.055090 10.0
 15 84 8  1 1 0.043370 10.0
 15 84 9  1 1 0.020860 10.0
 15 85 3  1 1 0.025820 10.0
 15 85 4  1 1 0.040650 10.0
 15 85 5  1 1 0.052230 10.0
 15 85 6  1 1 0.062180 10.0
 15 85 7  1 1 0.069010 10.0
 15 85 8  1 1 0.063270 10.0
 15 85 9  1 1 0.036870 10.0
 15 86 3  1 1 0.023980 10.0
 15 86 4  1 1 0.039420 10.0
 15 86 5  1 1 0.051510 10.0
 15 86 6  1 1 0.061490 10.0
 15 86 7  1 1 0.069670 10.0
 15 86 8  1 1 0.072310 10.0
 15 86 9  1 1 0.059700 10.0
 15 86 10  1 1 0.012340 10.0
 15 87 3  1 1 0.020380 10.0
 15 87 4  1 1 0.036310 10.0
 15 87 5  1 1 0.046810 10.0
 15 87 6  1 1 0.052900 10.0
 15 87 7  1 1 0.059960 10.0
 15 87 8  1 1 0.065980 10.0
 15 87 9  1 1 0.063700 10.0
 15 87 10  1 1 0.040180 10.0
 15 88 3  1 1 0.021310 10.0
 15 88 4  1 1 0.036080 10.0
 15 88 5  1 1 0.045640 10.0
 15 88 6  1 1 0.048680 10.0
 15 88 7  1 1 0.053580 10.0
 15 88 8  1 1 0.062060 10.0
 15 88 9  1 1 0.064010 10.0
 15 88 10  1 1 0.063430 10.0
 15 89 3  1 1 0.024890 10.0
 15 89 4  1 1 0.038900 10.0
 15 89 5  1 1 0.046450 10.0
 15 89 6  1 1 0.041340 10.0
 15 89 7  1 1 0.040850 10.0
 15 89 8  1 1 0.054130 10.0
 15 89 9  1 1 0.058330 10.0
 15 89 10  1 1 0.042760 10.0
 15 90 3  1 1 0.025550 10.0
 15 90 4  1 1 0.037250 10.0
 15 90 5  1 1 0.039870 10.0
 15 90 8  1 1 0.036080 10.0
 15 90 9  1 1 0.057800 10.0
 15 90 10  1 1 0.052150 10.0
 15 91 3  1 1 0.022840 10.0
 15 91 4  1 1 0.034610 10.0
 15 91 5  1 1 0.040000 10.0
 15 91 8  1 1 0.005920 10.0
 15 91 9  1 1 0.037810 10.0
 15 92 3  1 1 0.022840 10.0
 15 92 4  1 1 0.036530 10.0
 15 92 5  1 1 0.042840 10.0
 15 93 3  1 1 0.023180 10.0
 15 93 4  1 1 0.038530 10.0
 15 93 5  1 1 0.047100 10.0
 15 93 6  1 1 0.058280 10.0
 15 94 3  1 1 0.020340 10.0
 15 94 4  1 1 0.038540 10.0
 15 94 5  1 1 0.050650 10.0
 15 94 6  1 1 0.058560 10.0
 15 95 3  1 1 0.019380 10.0
 15 95 4  1 1 0.038890 10.0
 15 95 5  1 1 0.051660 10.0
 15 95 6  1 1 0.055150 10.0
 15 95 7  1 1 0.055480 10.0
 15 95 8  1 1 0.018280 10.0
 15 96 3  1 1 0.018730 10.0
 15 96 4  1 1 0.038220 10.0
 15 96 5  1 1 0.052270 10.0
 15 96 6  1 1 0.062420 10.0
 15 96 7  1 1 0.067960 10.0
 15 96 8  1 1 0.071060 10.0
 15 96 9  1 1 0.068590 10.0
 15 97 3  1 1 0.018040 10.0
 15 97 4  1 1 0.037280 10.0
 15 97 5  1 1 0.051490 10.0
 15 97 6  1 1 0.063910 10.0
 15 97 7  1 1 0.074920 10.0
 15 97 8  1 1 0.079490 10.0
 15 97 9  1 1 0.077540 10.0
 15 98 3  1 1 0.014930 10.0
 15 98 4  1 1 0.029330 10.0
 15 98 5  1 1 0.040290 10.0
 15 98 6  1 1 0.053220 10.0
 15 98 7  1 1 0.065960 10.0
 15 98 8  1 1 0.077030 10.0
 15 98 9  1 1 0.074670 10.0
 15 99 6  1 1 0.027850 10.0
 15 99 7  1 1 0.046570 10.0
 15 99 8  1 1 0.051010 10.0
 15 99 9  1 1 0.033620 10.0
 16 1 3  1 1 0.020440 10.0
 16 1 4  1 1 0.038950 10.0
 16 1 5  1 1 0.051120 10.0
 16 1 6  1 1 0.060870 10.0
 16 1 7  1 1 0.071350 10.0
 16 1 8  1 1 0.081470 10.0
 16 1 9  1 1 0.088530 10.0
 16 1 10  1 1 0.080190 10.0
 16 1 11  1 1 0.038350 10.0
 16 2 3  1 1 0.020760 10.0
 16 2 4  1 1 0.034800 10.0
 16 2 5  1 1 0.041340 10.0
 16 2 6  1 1 0.047290 10.0
 16 2 7  1 1 0.060480 10.0
 16 2 8  1 1 0.074270 10.0
 16 2 9  1 1 0.082600 10.0
 16 2 10  1 1 0.068820 10.0
 16 2 11  1 1 0.025830 10.0
 16 3 3  1 1 0.013410 10.0
 16 3 4  1 1 0.022180 10.0
 16 3 5  1 1 0.021640 10.0
 16 3 6  1 1 0.014850 10.0
 16 3 7  1 1 0.032510 10.0
 16 3 8  1 1 0.048860 10.0
 16 3 9  1 1 0.046170 10.0
 16 4 4  1 1 0.001810 10.0
 16 5 4  1 1 0.004570 10.0
 16 6 3  1 1 0.016050 10.0
 16 6 4  1 1 0.024390 10.0
 16 6 5  1 1 0.038350 10.0
 16 6 6  1 1 0.037060 10.0
 16 7 3  1 1 0.023120 10.0
 16 7 4  1 1 0.035470 10.0
 16 7 5  1 1 0.047910 10.0
 16 7 6  1 1 0.053080 10.0
 16 7 7  1 1 0.041150 10.0
 16 8 3  1 1 0.020030 10.0
 16 8 4  1 1 0.033680 10.0
 16 8 5  1 1 0.046910 10.0
 16 8 6  1 1 0.057270 10.0
 16 8 7  1 1 0.057840 10.0
 16 8 8  1 1 0.048050 10.0
 16 8 9  1 1 0.025330 10.0
 16 9 3  1 1 0.010410 10.0
 16 9 4  1 1 0.028010 10.0
 16 9 5  1 1 0.042740 10.0
 16 9 6  1 1 0.056900 10.0
 16 9 7  1 1 0.068430 10.0
 16 9 8  1 1 0.076930 10.0
 16 9 9  1 1 0.083060 10.0
 16 9 10  1 1 0.082100 10.0
 16 9 11  1 1 0.059800 10.0
 16 9 12  1 1 0.006990 10.0
 16 10 5  1 1 0.019020 10.0
 16 10 6  1 1 0.033330 10.0
 16 10 7  1 1 0.045570 10.0
 16 10 8  1 1 0.057760 10.0
 16 10 9  1 1 0.071580 10.0
 16 10 10  1 1 0.084060 10.0
 16 10 11  1 1 0.091640 10.0
 16 10 12  1 1 0.093850 10.0
 16 10 13  1 1 0.088830 10.0
 16 10 14  1 1 0.084180 10.0
 16 10 15  1 1 0.079540 10.0
 16 11 8  1 1 0.002960 10.0
 16 11 9  1 1 0.024570 10.0
 16 11 10  1 1 0.043740 10.0
 16 11 11  1 1 0.062700 10.0
 16 11 12  1 1 0.073450 10.0
 16 11 13  1 1 0.076620 10.0
 16 11 14  1 1 0.073840 10.0
 16 11 15  1 1 0.057050 10.0
 16 11 16  1 1 0.064120 10.0
 16 22 3  1 1 0.014690 10.0
 16 28 3  1 1 0.003370 10.0
 16 28 4  1 1 0.026970 10.0
 16 28 5  1 1 0.044590 10.0
 16 28 6  1 1 0.063620 10.0
 16 28 7  1 1 0.077200 10.0
 16 28 8  1 1 0.077240 10.0
 16 28 9  1 1 0.042430 10.0
 16 29 3  1 1 0.022890 10.0
 16 29 4  1 1 0.041040 10.0
 16 29 5  1 1 0.054470 10.0
 16 29 6  1 1 0.064940 10.0
 16 29 7  1 1 0.073840 10.0
 16 29 8  1 1 0.081930 10.0
 16 29 9  1 1 0.089430 10.0
 16 29 10  1 1 0.084760 10.0
 16 30 3  1 1 0.023300 10.0
 16 30 4  1 1 0.039580 10.0
 16 30 5  1 1 0.051550 10.0
 16 30 6  1 1 0.061960 10.0
 16 30 7  1 1 0.073410 10.0
 16 30 8  1 1 0.083900 10.0
 16 30 9  1 1 0.089640 10.0
 16 30 10  1 1 0.087450 10.0
 16 30 11  1 1 0.066110 10.0
 16 31 3  1 1 0.024610 10.0
 16 31 4  1 1 0.039890 10.0
 16 31 5  1 1 0.049410 10.0
 16 31 6  1 1 0.059240 10.0
 16 31 7  1 1 0.071270 10.0
 16 31 8  1 1 0.082500 10.0
 16 31 9  1 1 0.087950 10.0
 16 31 10  1 1 0.080180 10.0
 16 31 11  1 1 0.024660 10.0
 16 32 3  1 1 0.023530 10.0
 16 32 4  1 1 0.036410 10.0
 16 32 5  1 1 0.045180 10.0
 16 32 6  1 1 0.057070 10.0
 16 32 7  1 1 0.070730 10.0
 16 32 8  1 1 0.080580 10.0
 16 32 9  1 1 0.080630 10.0
 16 32 10  1 1 0.055030 10.0
 16 33 3  1 1 0.021150 10.0
 16 33 4  1 1 0.035000 10.0
 16 33 5  1 1 0.048860 10.0
 16 33 6  1 1 0.060990 10.0
 16 33 7  1 1 0.071140 10.0
 16 33 8  1 1 0.079300 10.0
 16 33 9  1 1 0.079060 10.0
 16 33 10  1 1 0.034210 10.0
 16 34 3  1 1 0.025050 10.0
 16 34 4  1 1 0.041590 10.0
 16 34 5  1 1 0.054730 10.0
 16 34 6  1 1 0.065040 10.0
 16 34 7  1 1 0.072830 10.0
 16 34 8  1 1 0.079920 10.0
 16 34 9  1 1 0.084750 10.0
 16 34 10  1 1 0.080140 10.0
 16 34 11  1 1 0.053170 10.0
 16 34 25  1 1 0.018750 10.0
 16 34 26  1 1 0.032850 10.0
 16 34 27  1 1 0.033890 10.0
 16 35 3  1 1 0.025360 10.0
 16 35 4  1 1 0.039840 10.0
 16 35 5  1 1 0.050190 10.0
 16 35 6  1 1 0.057240 10.0
 16 35 7  1 1 0.065680 10.0
 16 35 8  1 1 0.076260 10.0
 16 35 9  1 1 0.086650 10.0
 16 35 10  1 1 0.095020 10.0
 16 35 11  1 1 0.100720 10.0
 16 35 12  1 1 0.095760 10.0
 16 35 13  1 1 0.079280 10.0
 16 35 14  1 1 0.069500 10.0
 16 35 22  1 1 0.070060 10.0
 16 35 23  1 1 0.107490 10.0
 16 35 24  1 1 0.133680 10.0
 16 35 25  1 1 0.152540 10.0
 16 35 26  1 1 0.161770 10.0
 16 35 27  1 1 0.166360 10.0
 16 35 28  1 1 0.166710 10.0
 16 35 29  1 1 0.162370 10.0
 16 35 30  1 1 0.148640 10.0
 16 35 31  1 1 0.124530 10.0
 16 35 32  1 1 0.026430 10.0
 16 36 3  1 1 0.024950 10.0
 16 36 4  1 1 0.038640 10.0
 16 36 5  1 1 0.048280 10.0
 16 36 6  1 1 0.053100 10.0
 16 36 7  1 1 0.060120 10.0
 16 36 8  1 1 0.071220 10.0
 16 36 9  1 1 0.083180 10.0
 16 36 10  1 1 0.094600 10.0
 16 36 11  1 1 0.105000 10.0
 16 36 12  1 1 0.114050 10.0
 16 36 13  1 1 0.121820 10.0
 16 36 14  1 1 0.126850 10.0
 16 36 15  1 1 0.123280 10.0
 16 36 16  1 1 0.090160 10.0
 16 36 21  1 1 0.086850 10.0
 16 36 22  1 1 0.119460 10.0
 16 36 23  1 1 0.136000 10.0
 16 36 24  1 1 0.144540 10.0
 16 36 25  1 1 0.149330 10.0
 16 36 26  1 1 0.154380 10.0
 16 36 27  1 1 0.160880 10.0
 16 36 28  1 1 0.168090 10.0
 16 36 29  1 1 0.175970 10.0
 16 36 30  1 1 0.181950 10.0
 16 36 31  1 1 0.183440 10.0
 16 36 32  1 1 0.176870 10.0
 16 36 33  1 1 0.156180 10.0
 16 37 3  1 1 0.025440 10.0
 16 37 4  1 1 0.040130 10.0
 16 37 5  1 1 0.053440 10.0
 16 37 6  1 1 0.066400 10.0
 16 37 7  1 1 0.076350 10.0
 16 37 8  1 1 0.082460 10.0
 16 37 9  1 1 0.088270 10.0
 16 37 10  1 1 0.095680 10.0
 16 37 11  1 1 0.104170 10.0
 16 37 12  1 1 0.112680 10.0
 16 37 13  1 1 0.120430 10.0
 16 37 14  1 1 0.127010 10.0
 16 37 15  1 1 0.130910 10.0
 16 37 16  1 1 0.129430 10.0
 16 37 17  1 1 0.116640 10.0
 16 37 18  1 1 0.083200 10.0
 16 37 19  1 1 0.045340 10.0
 16 37 20  1 1 0.040800 10.0
 16 37 21  1 1 0.077910 10.0
 16 37 22  1 1 0.104090 10.0
 16 37 23  1 1 0.116750 10.0
 16 37 24  1 1 0.119970 10.0
 16 37 25  1 1 0.119410 10.0
 16 37 26  1 1 0.125300 10.0
 16 37 27  1 1 0.136750 10.0
 16 37 28  1 1 0.146080 10.0
 16 37 29  1 1 0.151340 10.0
 16 37 30  1 1 0.161860 10.0
 16 37 31  1 1 0.172760 10.0
 16 37 32  1 1 0.175730 10.0
 16 37 33  1 1 0.168220 10.0
 16 37 34  1 1 0.146210 10.0
 16 37 35  1 1 0.055800 10.0
 16 38 3  1 1 0.026150 10.0
 16 38 4  1 1 0.041640 10.0
 16 38 5  1 1 0.054870 10.0
 16 38 6  1 1 0.066550 10.0
 16 38 7  1 1 0.076620 10.0
 16 38 8  1 1 0.085060 10.0
 16 38 9  1 1 0.091960 10.0
 16 38 10  1 1 0.097890 10.0
 16 38 11  1 1 0.104270 10.0
 16 38 12  1 1 0.111680 10.0
 16 38 13  1 1 0.119410 10.0
 16 38 14  1 1 0.126650 10.0
 16 38 15  1 1 0.132110 10.0
 16 38 16  1 1 0.133680 10.0
 16 38 17  1 1 0.129530 10.0
 16 38 18  1 1 0.116460 10.0
 16 38 19  1 1 0.097360 10.0
 16 38 20  1 1 0.088600 10.0
 16 38 21  1 1 0.096210 10.0
 16 38 22  1 1 0.109060 10.0
 16 38 23  1 1 0.110450 10.0
 16 38 24  1 1 0.094540 10.0
 16 38 25  1 1 0.078090 10.0
 16 38 26  1 1 0.091850 10.0
 16 38 27  1 1 0.120000 10.0
 16 38 28  1 1 0.139410 10.0
 16 38 29  1 1 0.151490 10.0
 16 38 30  1 1 0.158330 10.0
 16 38 31  1 1 0.163820 10.0
 16 38 32  1 1 0.168810 10.0
 16 38 33  1 1 0.165740 10.0
 16 38 34  1 1 0.147090 10.0
 16 38 35  1 1 0.120710 10.0
 16 39 3  1 1 0.026670 10.0
 16 39 4  1 1 0.042580 10.0
 16 39 5  1 1 0.055310 10.0
 16 39 6  1 1 0.065240 10.0
 16 39 7  1 1 0.071560 10.0
 16 39 8  1 1 0.075240 10.0
 16 39 9  1 1 0.080160 10.0
 16 39 10  1 1 0.086800 10.0
 16 39 11  1 1 0.094430 10.0
 16 39 12  1 1 0.102310 10.0
 16 39 13  1 1 0.110420 10.0
 16 39 14  1 1 0.119330 10.0
 16 39 15  1 1 0.128640 10.0
 16 39 16  1 1 0.137810 10.0
 16 39 17  1 1 0.144970 10.0
 16 39 18  1 1 0.148660 10.0
 16 39 19  1 1 0.148680 10.0
 16 39 20  1 1 0.146850 10.0
 16 39 21  1 1 0.143390 10.0
 16 39 22  1 1 0.130440 10.0
 16 39 23  1 1 0.094570 10.0
 16 39 24  1 1 0.028470 10.0
 16 39 26  1 1 0.063030 10.0
 16 39 27  1 1 0.122030 10.0
 16 39 28  1 1 0.145180 10.0
 16 39 29  1 1 0.155600 10.0
 16 39 30  1 1 0.160840 10.0
 16 39 31  1 1 0.162630 10.0
 16 39 32  1 1 0.163620 10.0
 16 39 33  1 1 0.161170 10.0
 16 39 34  1 1 0.141040 10.0
 16 39 35  1 1 0.076910 10.0
 16 40 3  1 1 0.016390 10.0
 16 40 4  1 1 0.033350 10.0
 16 40 5  1 1 0.045390 10.0
 16 40 6  1 1 0.054020 10.0
 16 40 7  1 1 0.059740 10.0
 16 40 8  1 1 0.063510 10.0
 16 40 9  1 1 0.066920 10.0
 16 40 10  1 1 0.072040 10.0
 16 40 11  1 1 0.079510 10.0
 16 40 12  1 1 0.088970 10.0
 16 40 13  1 1 0.099170 10.0
 16 40 14  1 1 0.110250 10.0
 16 40 15  1 1 0.120090 10.0
 16 40 16  1 1 0.127830 10.0
 16 40 17  1 1 0.133970 10.0
 16 40 18  1 1 0.139450 10.0
 16 40 19  1 1 0.142020 10.0
 16 40 20  1 1 0.139140 10.0
 16 40 21  1 1 0.124090 10.0
 16 40 22  1 1 0.085110 10.0
 16 40 23  1 1 0.020070 10.0
 16 40 26  1 1 0.050700 10.0
 16 40 27  1 1 0.111040 10.0
 16 40 28  1 1 0.143440 10.0
 16 40 29  1 1 0.151040 10.0
 16 40 30  1 1 0.147650 10.0
 16 40 31  1 1 0.130060 10.0
 16 40 32  1 1 0.129390 10.0
 16 40 33  1 1 0.144770 10.0
 16 40 34  1 1 0.157940 10.0
 16 41 7  1 1 0.004650 10.0
 16 41 8  1 1 0.023880 10.0
 16 41 9  1 1 0.037420 10.0
 16 41 10  1 1 0.049800 10.0
 16 41 11  1 1 0.062920 10.0
 16 41 12  1 1 0.076220 10.0
 16 41 13  1 1 0.088640 10.0
 16 41 14  1 1 0.100940 10.0
 16 41 15  1 1 0.108490 10.0
 16 41 16  1 1 0.112300 10.0
 16 41 17  1 1 0.113900 10.0
 16 41 18  1 1 0.112120 10.0
 16 41 19  1 1 0.100390 10.0
 16 41 20  1 1 0.085260 10.0
 16 41 21  1 1 0.082850 10.0
 16 41 22  1 1 0.082670 10.0
 16 41 23  1 1 0.075790 10.0
 16 41 26  1 1 0.058440 10.0
 16 41 27  1 1 0.126300 10.0
 16 41 28  1 1 0.141570 10.0
 16 41 29  1 1 0.119680 10.0
 16 41 30  1 1 0.057120 10.0
 16 41 31  1 1 0.038660 10.0
 16 41 32  1 1 0.055220 10.0
 16 41 33  1 1 0.044350 10.0
 16 42 11  1 1 0.016220 10.0
 16 42 12  1 1 0.036510 10.0
 16 42 13  1 1 0.050250 10.0
 16 42 14  1 1 0.062200 10.0
 16 42 15  1 1 0.066070 10.0
 16 42 16  1 1 0.072080 10.0
 16 42 17  1 1 0.084890 10.0
 16 42 18  1 1 0.094200 10.0
 16 42 19  1 1 0.094140 10.0
 16 42 20  1 1 0.097880 10.0
 16 42 21  1 1 0.107050 10.0
 16 42 22  1 1 0.109310 10.0
 16 42 23  1 1 0.094310 10.0
 16 43 17  1 1 0.041100 10.0
 16 43 18  1 1 0.075240 10.0
 16 43 19  1 1 0.093500 10.0
 16 43 20  1 1 0.102290 10.0
 16 43 21  1 1 0.098150 10.0
 16 43 22  1 1 0.076820 10.0
 16 43 23  1 1 0.058500 10.0
 16 43 24  1 1 0.024100 10.0
 16 44 19  1 1 0.005060 10.0
 16 73 3  1 1 0.019860 10.0
 16 73 4  1 1 0.035750 10.0
 16 73 5  1 1 0.022130 10.0
 16 74 4  1 1 0.045040 10.0
 16 74 5  1 1 0.063370 10.0
 16 74 6  1 1 0.055350 10.0
 16 75 5  1 1 0.049220 10.0
 16 75 6  1 1 0.066020 10.0
 16 75 7  1 1 0.044200 10.0
 16 76 5  1 1 0.020440 10.0
 16 76 6  1 1 0.037110 10.0
 16 80 4  1 1 0.013990 10.0
 16 81 4  1 1 0.034680 10.0
 16 81 5  1 1 0.046920 10.0
 16 81 6  1 1 0.035650 10.0
 16 82 4  1 1 0.024200 10.0
 16 82 5  1 1 0.038910 10.0
 16 82 6  1 1 0.037640 10.0
 16 82 7  1 1 0.019730 10.0
 16 83 4  1 1 0.021770 10.0
 16 83 5  1 1 0.035210 10.0
 16 83 6  1 1 0.025440 10.0
 16 84 4  1 1 0.023170 10.0
 16 84 5  1 1 0.037310 10.0
 16 84 6  1 1 0.039840 10.0
 16 85 3  1 1 0.004850 10.0
 16 85 4  1 1 0.027570 10.0
 16 85 5  1 1 0.043370 10.0
 16 85 6  1 1 0.055970 10.0
 16 85 7  1 1 0.056930 10.0
 16 85 8  1 1 0.029250 10.0
 16 86 3  1 1 0.006090 10.0
 16 86 4  1 1 0.029560 10.0
 16 86 5  1 1 0.044010 10.0
 16 86 6  1 1 0.054000 10.0
 16 86 7  1 1 0.062720 10.0
 16 86 8  1 1 0.062280 10.0
 16 86 9  1 1 0.029390 10.0
 16 87 3  1 1 0.007080 10.0
 16 87 4  1 1 0.030270 10.0
 16 87 5  1 1 0.039370 10.0
 16 87 6  1 1 0.039140 10.0
 16 87 7  1 1 0.046540 10.0
 16 87 8  1 1 0.056840 10.0
 16 87 9  1 1 0.060220 10.0
 16 88 3  1 1 0.013740 10.0
 16 88 4  1 1 0.032750 10.0
 16 88 5  1 1 0.038270 10.0
 16 88 6  1 1 0.031280 10.0
 16 88 7  1 1 0.034830 10.0
 16 88 8  1 1 0.047340 10.0
 16 88 9  1 1 0.050910 10.0
 16 89 3  1 1 0.022600 10.0
 16 89 4  1 1 0.038300 10.0
 16 89 5  1 1 0.043600 10.0
 16 89 6  1 1 0.030840 10.0
 16 89 7  1 1 0.022080 10.0
 16 89 8  1 1 0.044230 10.0
 16 89 9  1 1 0.061180 10.0
 16 90 3  1 1 0.025570 10.0
 16 90 4  1 1 0.038610 10.0
 16 90 5  1 1 0.041640 10.0
 16 90 8  1 1 0.025460 10.0
 16 90 9  1 1 0.047210 10.0
 16 90 10  1 1 0.037240 10.0
 16 91 3  1 1 0.023150 10.0
 16 91 4  1 1 0.036260 10.0
 16 91 5  1 1 0.043990 10.0
 16 92 3  1 1 0.023180 10.0
 16 92 4  1 1 0.038580 10.0
 16 92 5  1 1 0.045640 10.0
 16 92 6  1 1 0.035470 10.0
 16 93 3  1 1 0.025860 10.0
 16 93 4  1 1 0.040960 10.0
 16 93 5  1 1 0.051710 10.0
 16 93 6  1 1 0.065960 10.0
 16 93 7  1 1 0.004610 10.0
 16 94 3  1 1 0.024890 10.0
 16 94 4  1 1 0.041830 10.0
 16 94 5  1 1 0.054040 10.0
 16 94 6  1 1 0.058460 10.0
 16 94 7  1 1 0.065830 10.0
 16 94 8  1 1 0.044400 10.0
 16 95 3  1 1 0.021770 10.0
 16 95 4  1 1 0.040850 10.0
 16 95 5  1 1 0.055250 10.0
 16 95 6  1 1 0.066200 10.0
 16 95 7  1 1 0.072190 10.0
 16 95 8  1 1 0.076190 10.0
 16 95 9  1 1 0.079350 10.0
 16 96 3  1 1 0.019970 10.0
 16 96 4  1 1 0.039280 10.0
 16 96 5  1 1 0.054130 10.0
 16 96 6  1 1 0.066670 10.0
 16 96 7  1 1 0.077260 10.0
 16 96 8  1 1 0.085210 10.0
 16 96 9  1 1 0.089650 10.0
 16 96 10  1 1 0.090880 10.0
 16 96 11  1 1 0.027360 10.0
 16 97 3  1 1 0.020440 10.0
 16 97 4  1 1 0.038950 10.0
 16 97 5  1 1 0.051120 10.0
 16 97 6  1 1 0.060870 10.0
 16 97 7  1 1 0.071350 10.0
 16 97 8  1 1 0.081470 10.0
 16 97 9  1 1 0.088530 10.0
 16 97 10  1 1 0.080190 10.0
 16 97 11  1 1 0.038350 10.0
 16 98 3  1 1 0.020760 10.0
 16 98 4  1 1 0.034800 10.0
 16 98 5  1 1 0.041340 10.0
 16 98 6  1 1 0.047290 10.0
 16 98 7  1 1 0.060480 10.0
 16 98 8  1 1 0.074270 10.0
 16 98 9  1 1 0.082600 10.0
 16 98 10  1 1 0.068820 10.0
 16 98 11  1 1 0.025830 10.0
 16 99 3  1 1 0.013410 10.0
 16 99 4  1 1 0.022180 10.0
 16 99 5  1 1 0.021640 10.0
 16 99 6  1 1 0.014850 10.0
 16 99 7  1 1 0.032510 10.0
 16 99 8  1 1 0.048860 10.0
 16 99 9  1 1 0.046170 10.0
 16 100 4  1 1 0.001810 10.0
 17 1 3  1 1 0.025740 10.0
 17 1 4  1 1 0.042070 10.0
 17 1 5  1 1 0.053310 10.0
 17 1 6  1 1 0.060910 10.0
 17 1 7  1 1 0.070110 10.0
 17 1 8  1 1 0.080730 10.0
 17 1 9  1 1 0.089640 10.0
 17 1 10  1 1 0.091380 10.0
 17 1 11  1 1 0.087240 10.0
 17 2 3  1 1 0.025820 10.0
 17 2 4  1 1 0.040750 10.0
 17 2 5  1 1 0.049740 10.0
 17 2 6  1 1 0.052540 10.0
 17 2 7  1 1 0.059860 10.0
 17 2 8  1 1 0.073480 10.0
 17 2 9  1 1 0.084230 10.0
 17 2 10  1 1 0.084000 10.0
 17 2 11  1 1 0.073600 10.0
 17 3 3  1 1 0.025190 10.0
 17 3 4  1 1 0.037730 10.0
 17 3 5  1 1 0.040110 10.0
 17 3 6  1 1 0.028770 10.0
 17 3 7  1 1 0.031420 10.0
 17 3 8  1 1 0.049610 10.0
 17 3 9  1 1 0.062100 10.0
 17 3 10  1 1 0.050710 10.0
 17 4 3  1 1 0.024250 10.0
 17 4 4  1 1 0.033740 10.0
 17 4 5  1 1 0.019320 10.0
 17 5 3  1 1 0.025250 10.0
 17 5 4  1 1 0.034390 10.0
 17 5 5  1 1 0.019880 10.0
 17 6 3  1 1 0.026150 10.0
 17 6 4  1 1 0.040910 10.0
 17 6 5  1 1 0.047020 10.0
 17 6 6  1 1 0.037900 10.0
 17 7 3  1 1 0.024850 10.0
 17 7 4  1 1 0.042470 10.0
 17 7 5  1 1 0.053910 10.0
 17 7 6  1 1 0.055620 10.0
 17 7 7  1 1 0.046540 10.0
 17 8 3  1 1 0.018700 10.0
 17 8 4  1 1 0.038240 10.0
 17 8 5  1 1 0.053170 10.0
 17 8 6  1 1 0.062260 10.0
 17 8 7  1 1 0.062580 10.0
 17 8 8  1 1 0.055480 10.0
 17 9 4  1 1 0.025970 10.0
 17 9 5  1 1 0.046610 10.0
 17 9 6  1 1 0.061430 10.0
 17 9 7  1 1 0.072360 10.0
 17 9 8  1 1 0.078510 10.0
 17 9 9  1 1 0.079660 10.0
 17 9 10  1 1 0.070290 10.0
 17 9 11  1 1 0.054310 10.0
 17 10 5  1 1 0.006340 10.0
 17 10 6  1 1 0.034310 10.0
 17 10 7  1 1 0.052350 10.0
 17 10 8  1 1 0.066700 10.0
 17 10 9  1 1 0.076930 10.0
 17 10 10  1 1 0.082850 10.0
 17 10 11  1 1 0.085580 10.0
 17 10 12  1 1 0.080170 10.0
 17 10 13  1 1 0.051220 10.0
 17 11 9  1 1 0.001770 10.0
 17 11 10  1 1 0.022170 10.0
 17 11 11  1 1 0.039760 10.0
 17 11 12  1 1 0.042340 10.0
 17 11 13  1 1 0.014560 10.0
 17 20 7  1 1 0.007280 10.0
 17 22 3  1 1 0.004030 10.0
 17 22 4  1 1 0.022510 10.0
 17 27 5  1 1 0.021430 10.0
 17 27 6  1 1 0.040570 10.0
 17 27 7  1 1 0.052130 10.0
 17 27 8  1 1 0.053330 10.0
 17 27 9  1 1 0.029210 10.0
 17 28 3  1 1 0.023730 10.0
 17 28 4  1 1 0.035260 10.0
 17 28 5  1 1 0.046520 10.0
 17 28 6  1 1 0.059620 10.0
 17 28 7  1 1 0.073350 10.0
 17 28 8  1 1 0.083670 10.0
 17 28 9  1 1 0.085550 10.0
 17 28 10  1 1 0.072670 10.0
 17 29 3  1 1 0.022040 10.0
 17 29 4  1 1 0.040080 10.0
 17 29 5  1 1 0.053800 10.0
 17 29 6  1 1 0.064450 10.0
 17 29 7  1 1 0.074140 10.0
 17 29 8  1 1 0.083180 10.0
 17 29 9  1 1 0.089570 10.0
 17 29 10  1 1 0.089750 10.0
 17 29 11  1 1 0.075150 10.0
 17 29 12  1 1 0.039140 10.0
 17 30 3  1 1 0.022820 10.0
 17 30 4  1 1 0.038160 10.0
 17 30 5  1 1 0.046810 10.0
 17 30 6  1 1 0.054210 10.0
 17 30 7  1 1 0.066040 10.0
 17 30 8  1 1 0.079950 10.0
 17 30 9  1 1 0.090130 10.0
 17 30 10  1 1 0.093210 10.0
 17 30 11  1 1 0.081570 10.0
 17 30 12  1 1 0.058520 10.0
 17 31 3  1 1 0.023380 10.0
 17 31 4  1 1 0.036110 10.0
 17 31 5  1 1 0.040370 10.0
 17 31 6  1 1 0.047910 10.0
 17 31 7  1 1 0.064200 10.0
 17 31 8  1 1 0.079320 10.0
 17 31 9  1 1 0.087140 10.0
 17 31 10  1 1 0.086340 10.0
 17 31 11  1 1 0.069520 10.0
 17 31 12  1 1 0.042340 10.0
 17 32 3  1 1 0.019070 10.0
 17 32 4  1 1 0.026700 10.0
 17 32 5  1 1 0.028130 10.0
 17 32 6  1 1 0.042080 10.0
 17 32 7  1 1 0.064690 10.0
 17 32 8  1 1 0.076600 10.0
 17 32 9  1 1 0.074810 10.0
 17 32 10  1 1 0.060770 10.0
 17 32 11  1 1 0.031050 10.0
 17 32 12  1 1 0.027270 10.0
 17 33 3  1 1 0.018000 10.0
 17 33 4  1 1 0.032400 10.0
 17 33 5  1 1 0.045440 10.0
 17 33 6  1 1 0.053310 10.0
 17 33 7  1 1 0.062480 10.0
 17 33 8  1 1 0.072550 10.0
 17 33 9  1 1 0.067390 10.0
 17 33 10  1 1 0.025820 10.0
 17 33 11  1 1 0.014150 10.0
 17 33 12  1 1 0.019510 10.0
 17 34 3  1 1 0.022250 10.0
 17 34 4  1 1 0.039950 10.0
 17 34 5  1 1 0.051980 10.0
 17 34 6  1 1 0.057990 10.0
 17 34 7  1 1 0.061470 10.0
 17 34 8  1 1 0.071410 10.0
 17 34 9  1 1 0.072820 10.0
 17 34 10  1 1 0.052710 10.0
 17 34 11  1 1 0.032100 10.0
 17 34 12  1 1 0.037140 10.0
 17 35 3  1 1 0.019100 10.0
 17 35 4  1 1 0.033790 10.0
 17 35 5  1 1 0.041280 10.0
 17 35 6  1 1 0.040370 10.0
 17 35 7  1 1 0.046810 10.0
 17 35 8  1 1 0.066260 10.0
 17 35 9  1 1 0.078480 10.0
 17 35 10  1 1 0.080480 10.0
 17 35 11  1 1 0.074240 10.0
 17 35 12  1 1 0.074000 10.0
 17 35 13  1 1 0.080500 10.0
 17 35 14  1 1 0.085750 10.0
 17 35 15  1 1 0.051540 10.0
 17 35 23  1 1 0.058240 10.0
 17 35 24  1 1 0.091850 10.0
 17 35 25  1 1 0.122390 10.0
 17 35 26  1 1 0.138430 10.0
 17 35 27  1 1 0.147900 10.0
 17 35 28  1 1 0.141930 10.0
 17 35 29  1 1 0.137510 10.0
 17 35 30  1 1 0.100810 10.0
 17 36 3  1 1 0.019120 10.0
 17 36 4  1 1 0.035950 10.0
 17 36 5  1 1 0.045960 10.0
 17 36 6  1 1 0.043810 10.0
 17 36 7  1 1 0.040240 10.0
 17 36 8  1 1 0.056260 10.0
 17 36 9  1 1 0.076240 10.0
 17 36 10  1 1 0.088680 10.0
 17 36 11  1 1 0.097080 10.0
 17 36 12  1 1 0.104610 10.0
 17 36 13  1 1 0.111500 10.0
 17 36 14  1 1 0.116950 10.0
 17 36 15  1 1 0.119220 10.0
 17 36 16  1 1 0.107870 10.0
 17 36 17  1 1 0.028860 10.0
 17 36 21  1 1 0.033330 10.0
 17 36 22  1 1 0.090980 10.0
 17 36 23  1 1 0.110570 10.0
 17 36 24  1 1 0.122290 10.0
 17 36 25  1 1 0.125270 10.0
 17 36 26  1 1 0.123470 10.0
 17 36 27  1 1 0.120470 10.0
 17 36 28  1 1 0.123530 10.0
 17 36 29  1 1 0.138790 10.0
 17 36 30  1 1 0.164040 10.0
 17 36 31  1 1 0.173840 10.0
 17 36 32  1 1 0.152320 10.0
 17 37 3  1 1 0.020000 10.0
 17 37 4  1 1 0.038210 10.0
 17 37 5  1 1 0.052760 10.0
 17 37 6  1 1 0.064600 10.0
 17 37 7  1 1 0.067260 10.0
 17 37 8  1 1 0.064920 10.0
 17 37 9  1 1 0.073560 10.0
 17 37 10  1 1 0.088020 10.0
 17 37 11  1 1 0.100940 10.0
 17 37 12  1 1 0.111270 10.0
 17 37 13  1 1 0.119440 10.0
 17 37 14  1 1 0.124920 10.0
 17 37 15  1 1 0.127350 10.0
 17 37 16  1 1 0.123700 10.0
 17 37 17  1 1 0.107430 10.0
 17 37 18  1 1 0.061980 10.0
 17 37 21  1 1 0.075420 10.0
 17 37 22  1 1 0.105160 10.0
 17 37 23  1 1 0.120100 10.0
 17 37 24  1 1 0.128460 10.0
 17 37 25  1 1 0.133040 10.0
 17 37 26  1 1 0.135720 10.0
 17 37 27  1 1 0.133890 10.0
 17 37 28  1 1 0.120310 10.0
 17 37 29  1 1 0.097740 10.0
 17 37 30  1 1 0.101610 10.0
 17 37 31  1 1 0.127310 10.0
 17 37 32  1 1 0.148080 10.0
 17 37 33  1 1 0.150080 10.0
 17 37 34  1 1 0.024460 10.0
 17 38 3  1 1 0.021380 10.0
 17 38 4  1 1 0.038550 10.0
 17 38 5  1 1 0.050610 10.0
 17 38 6  1 1 0.060710 10.0
 17 38 7  1 1 0.071870 10.0
 17 38 8  1 1 0.080380 10.0
 17 38 9  1 1 0.084160 10.0
 17 38 10  1 1 0.089490 10.0
 17 38 11  1 1 0.097490 10.0
 17 38 12  1 1 0.106640 10.0
 17 38 13  1 1 0.115450 10.0
 17 38 14  1 1 0.123040 10.0
 17 38 15  1 1 0.127380 10.0
 17 38 16  1 1 0.125450 10.0
 17 38 17  1 1 0.113960 10.0
 17 38 18  1 1 0.086310 10.0
 17 38 19  1 1 0.059240 10.0
 17 38 20  1 1 0.057650 10.0
 17 38 21  1 1 0.079190 10.0
 17 38 22  1 1 0.101830 10.0
 17 38 23  1 1 0.114690 10.0
 17 38 24  1 1 0.117800 10.0
 17 38 25  1 1 0.117790 10.0
 17 38 26  1 1 0.123880 10.0
 17 38 27  1 1 0.135790 10.0
 17 38 28  1 1 0.145500 10.0
 17 38 29  1 1 0.148650 10.0
 17 38 30  1 1 0.131490 10.0
 17 38 31  1 1 0.120240 10.0
 17 38 32  1 1 0.133240 10.0
 17 38 33  1 1 0.142450 10.0
 17 38 34  1 1 0.100530 10.0
 17 39 3  1 1 0.022250 10.0
 17 39 4  1 1 0.035620 10.0
 17 39 5  1 1 0.041850 10.0
 17 39 6  1 1 0.044610 10.0
 17 39 7  1 1 0.051560 10.0
 17 39 8  1 1 0.062860 10.0
 17 39 9  1 1 0.074490 10.0
 17 39 10  1 1 0.083920 10.0
 17 39 11  1 1 0.091010 10.0
 17 39 12  1 1 0.096390 10.0
 17 39 13  1 1 0.102860 10.0
 17 39 14  1 1 0.111430 10.0
 17 39 15  1 1 0.121640 10.0
 17 39 16  1 1 0.131710 10.0
 17 39 17  1 1 0.138830 10.0
 17 39 18  1 1 0.141690 10.0
 17 39 19  1 1 0.141520 10.0
 17 39 20  1 1 0.141570 10.0
 17 39 21  1 1 0.141080 10.0
 17 39 22  1 1 0.134040 10.0
 17 39 23  1 1 0.115950 10.0
 17 39 24  1 1 0.090950 10.0
 17 39 25  1 1 0.082940 10.0
 17 39 26  1 1 0.098620 10.0
 17 39 27  1 1 0.123080 10.0
 17 39 28  1 1 0.143590 10.0
 17 39 29  1 1 0.152710 10.0
 17 39 30  1 1 0.142950 10.0
 17 39 31  1 1 0.118020 10.0
 17 39 32  1 1 0.113060 10.0
 17 39 33  1 1 0.121810 10.0
 17 40 3  1 1 0.014230 10.0
 17 40 4  1 1 0.018620 10.0
 17 40 5  1 1 0.015470 10.0
 17 40 6  1 1 0.013000 10.0
 17 40 7  1 1 0.018970 10.0
 17 40 8  1 1 0.029270 10.0
 17 40 9  1 1 0.040290 10.0
 17 40 10  1 1 0.050210 10.0
 17 40 11  1 1 0.058850 10.0
 17 40 12  1 1 0.066390 10.0
 17 40 13  1 1 0.075440 10.0
 17 40 14  1 1 0.087400 10.0
 17 40 15  1 1 0.101150 10.0
 17 40 16  1 1 0.115220 10.0
 17 40 17  1 1 0.126580 10.0
 17 40 18  1 1 0.134180 10.0
 17 40 19  1 1 0.134040 10.0
 17 40 20  1 1 0.124220 10.0
 17 40 21  1 1 0.102570 10.0
 17 40 22  1 1 0.061670 10.0
 17 40 25  1 1 0.047070 10.0
 17 40 26  1 1 0.098270 10.0
 17 40 27  1 1 0.129200 10.0
 17 40 28  1 1 0.147700 10.0
 17 40 29  1 1 0.148430 10.0
 17 40 30  1 1 0.124810 10.0
 17 40 31  1 1 0.041260 10.0
 17 41 8  1 1 0.002390 10.0
 17 41 9  1 1 0.023880 10.0
 17 41 10  1 1 0.035820 10.0
 17 41 11  1 1 0.045040 10.0
 17 41 12  1 1 0.051140 10.0
 17 41 13  1 1 0.057420 10.0
 17 41 14  1 1 0.068290 10.0
 17 41 15  1 1 0.080920 10.0
 17 41 16  1 1 0.095400 10.0
 17 41 17  1 1 0.103810 10.0
 17 41 18  1 1 0.103480 10.0
 17 41 19  1 1 0.079380 10.0
 17 41 20  1 1 0.054510 10.0
 17 41 21  1 1 0.042940 10.0
 17 41 22  1 1 0.028230 10.0
 17 41 23  1 1 0.012180 10.0
 17 41 24  1 1 0.020860 10.0
 17 41 25  1 1 0.075730 10.0
 17 41 26  1 1 0.115730 10.0
 17 41 27  1 1 0.134840 10.0
 17 41 28  1 1 0.142760 10.0
 17 41 29  1 1 0.135560 10.0
 17 41 30  1 1 0.017490 10.0
 17 42 10  1 1 0.014360 10.0
 17 42 11  1 1 0.025480 10.0
 17 42 12  1 1 0.031820 10.0
 17 42 13  1 1 0.035370 10.0
 17 42 14  1 1 0.039580 10.0
 17 42 15  1 1 0.043370 10.0
 17 42 16  1 1 0.058390 10.0
 17 42 17  1 1 0.080650 10.0
 17 42 18  1 1 0.090310 10.0
 17 42 19  1 1 0.086340 10.0
 17 42 20  1 1 0.090640 10.0
 17 42 21  1 1 0.084840 10.0
 17 42 22  1 1 0.047750 10.0
 17 42 26  1 1 0.021840 10.0
 17 42 27  1 1 0.084530 10.0
 17 42 28  1 1 0.096600 10.0
 17 43 17  1 1 0.044160 10.0
 17 43 18  1 1 0.074540 10.0
 17 43 19  1 1 0.091350 10.0
 17 43 20  1 1 0.098570 10.0
 17 43 21  1 1 0.088080 10.0
 17 43 22  1 1 0.032930 10.0
 17 44 19  1 1 0.038300 10.0
 17 44 20  1 1 0.043370 10.0
 17 73 3  1 1 0.012050 10.0
 17 74 3  1 1 0.029300 10.0
 17 74 4  1 1 0.049690 10.0
 17 74 5  1 1 0.040420 10.0
 17 75 4  1 1 0.041480 10.0
 17 75 5  1 1 0.039060 10.0
 17 75 6  1 1 0.011730 10.0
 17 82 4  1 1 0.000620 10.0
 17 84 4  1 1 0.001810 10.0
 17 84 5  1 1 0.026320 10.0
 17 85 4  1 1 0.018150 10.0
 17 85 5  1 1 0.038690 10.0
 17 85 6  1 1 0.055290 10.0
 17 85 7  1 1 0.046790 10.0
 17 86 4  1 1 0.023830 10.0
 17 86 5  1 1 0.041400 10.0
 17 86 6  1 1 0.051010 10.0
 17 86 7  1 1 0.060140 10.0
 17 86 8  1 1 0.062500 10.0
 17 87 3  1 1 0.000210 10.0
 17 87 4  1 1 0.028530 10.0
 17 87 5  1 1 0.037900 10.0
 17 87 6  1 1 0.034010 10.0
 17 87 7  1 1 0.041040 10.0
 17 87 8  1 1 0.053100 10.0
 17 87 9  1 1 0.050170 10.0
 17 88 3  1 1 0.010650 10.0
 17 88 4  1 1 0.033220 10.0
 17 88 5  1 1 0.036330 10.0
 17 88 6  1 1 0.010650 10.0
 17 88 7  1 1 0.018460 10.0
 17 88 8  1 1 0.041700 10.0
 17 88 9  1 1 0.048550 10.0
 17 89 3  1 1 0.017900 10.0
 17 89 4  1 1 0.036210 10.0
 17 89 5  1 1 0.041310 10.0
 17 89 6  1 1 0.014320 10.0
 17 89 8  1 1 0.035650 10.0
 17 89 9  1 1 0.048390 10.0
 17 89 10  1 1 0.023410 10.0
 17 90 3  1 1 0.022340 10.0
 17 90 4  1 1 0.038750 10.0
 17 90 5  1 1 0.042710 10.0
 17 90 6  1 1 0.023570 10.0
 17 90 8  1 1 0.022480 10.0
 17 90 9  1 1 0.047980 10.0
 17 90 10  1 1 0.050150 10.0
 17 91 3  1 1 0.023170 10.0
 17 91 4  1 1 0.038660 10.0
 17 91 5  1 1 0.044710 10.0
 17 91 6  1 1 0.031730 10.0
 17 92 3  1 1 0.023810 10.0
 17 92 4  1 1 0.040700 10.0
 17 92 5  1 1 0.050900 10.0
 17 92 6  1 1 0.058990 10.0
 17 93 3  1 1 0.026210 10.0
 17 93 4  1 1 0.042890 10.0
 17 93 5  1 1 0.054430 10.0
 17 93 6  1 1 0.061120 10.0
 17 93 7  1 1 0.062700 10.0
 17 94 3  1 1 0.027820 10.0
 17 94 4  1 1 0.043740 10.0
 17 94 5  1 1 0.056090 10.0
 17 94 6  1 1 0.064900 10.0
 17 94 7  1 1 0.068610 10.0
 17 94 8  1 1 0.064960 10.0
 17 94 9  1 1 0.054040 10.0
 17 95 3  1 1 0.025600 10.0
 17 95 4  1 1 0.042970 10.0
 17 95 5  1 1 0.057090 10.0
 17 95 6  1 1 0.069290 10.0
 17 95 7  1 1 0.079890 10.0
 17 95 8  1 1 0.088630 10.0
 17 95 9  1 1 0.093740 10.0
 17 95 10  1 1 0.088830 10.0
 17 95 11  1 1 0.034490 10.0
 17 96 3  1 1 0.024640 10.0
 17 96 4  1 1 0.042160 10.0
 17 96 5  1 1 0.055520 10.0
 17 96 6  1 1 0.066460 10.0
 17 96 7  1 1 0.076470 10.0
 17 96 8  1 1 0.085260 10.0
 17 96 9  1 1 0.093040 10.0
 17 96 10  1 1 0.096150 10.0
 17 96 11  1 1 0.094870 10.0
 17 97 3  1 1 0.025740 10.0
 17 97 4  1 1 0.042070 10.0
 17 97 5  1 1 0.053310 10.0
 17 97 6  1 1 0.060910 10.0
 17 97 7  1 1 0.070110 10.0
 17 97 8  1 1 0.080730 10.0
 17 97 9  1 1 0.089640 10.0
 17 97 10  1 1 0.091380 10.0
 17 97 11  1 1 0.087240 10.0
 17 98 3  1 1 0.025820 10.0
 17 98 4  1 1 0.040750 10.0
 17 98 5  1 1 0.049740 10.0
 17 98 6  1 1 0.052540 10.0
 17 98 7  1 1 0.059860 10.0
 17 98 8  1 1 0.073480 10.0
 17 98 9  1 1 0.084230 10.0
 17 98 10  1 1 0.084000 10.0
 17 98 11  1 1 0.073600 10.0
 17 99 3  1 1 0.025190 10.0
 17 99 4  1 1 0.037730 10.0
 17 99 5  1 1 0.040110 10.0
 17 99 6  1 1 0.028770 10.0
 17 99 7  1 1 0.031420 10.0
 17 99 8  1 1 0.049610 10.0
 17 99 9  1 1 0.062100 10.0
 17 99 10  1 1 0.050710 10.0
 17 100 3  1 1 0.024250 10.0
 17 100 4  1 1 0.033740 10.0
 17 100 5  1 1 0.019320 10.0
 18 1 3  1 1 0.026970 10.0
 18 1 4  1 1 0.041720 10.0
 18 1 5  1 1 0.051690 10.0
 18 1 6  1 1 0.058100 10.0
 18 1 7  1 1 0.067340 10.0
 18 1 8  1 1 0.079640 10.0
 18 1 9  1 1 0.090640 10.0
 18 1 10  1 1 0.096120 10.0
 18 1 11  1 1 0.089530 10.0
 18 1 12  1 1 0.052120 10.0
 18 2 3  1 1 0.024840 10.0
 18 2 4  1 1 0.036700 10.0
 18 2 5  1 1 0.041700 10.0
 18 2 6  1 1 0.043390 10.0
 18 2 7  1 1 0.051650 10.0
 18 2 8  1 1 0.068930 10.0
 18 2 9  1 1 0.085380 10.0
 18 2 10  1 1 0.092080 10.0
 18 2 11  1 1 0.082010 10.0
 18 2 12  1 1 0.063330 10.0
 18 3 3  1 1 0.021590 10.0
 18 3 4  1 1 0.026520 10.0
 18 3 5  1 1 0.019080 10.0
 18 3 6  1 1 0.003660 10.0
 18 3 7  1 1 0.018210 10.0
 18 3 8  1 1 0.044130 10.0
 18 3 9  1 1 0.068800 10.0
 18 3 10  1 1 0.079500 10.0
 18 3 11  1 1 0.072840 10.0
 18 4 3  1 1 0.017710 10.0
 18 4 4  1 1 0.011730 10.0
 18 5 3  1 1 0.019760 10.0
 18 5 4  1 1 0.014730 10.0
 18 6 3  1 1 0.023940 10.0
 18 6 4  1 1 0.028040 10.0
 18 6 5  1 1 0.007650 10.0
 18 7 3  1 1 0.022080 10.0
 18 7 4  1 1 0.033450 10.0
 18 7 5  1 1 0.031450 10.0
 18 7 6  1 1 0.010860 10.0
 18 8 3  1 1 0.013450 10.0
 18 8 4  1 1 0.037250 10.0
 18 8 5  1 1 0.046190 10.0
 18 8 6  1 1 0.044160 10.0
 18 8 7  1 1 0.037730 10.0
 18 8 8  1 1 0.015760 10.0
 18 9 4  1 1 0.021860 10.0
 18 9 5  1 1 0.045110 10.0
 18 9 6  1 1 0.053490 10.0
 18 9 7  1 1 0.056110 10.0
 18 9 8  1 1 0.059860 10.0
 18 9 9  1 1 0.066540 10.0
 18 9 10  1 1 0.062140 10.0
 18 10 5  1 1 0.026810 10.0
 18 10 6  1 1 0.048660 10.0
 18 10 7  1 1 0.060540 10.0
 18 10 8  1 1 0.066310 10.0
 18 10 9  1 1 0.070700 10.0
 18 10 10  1 1 0.073520 10.0
 18 10 11  1 1 0.077840 10.0
 18 10 12  1 1 0.042220 10.0
 18 22 3  1 1 0.028710 10.0
 18 22 4  1 1 0.036260 10.0
 18 23 3  1 1 0.003790 10.0
 18 23 4  1 1 0.045900 10.0
 18 23 5  1 1 0.027200 10.0
 18 24 4  1 1 0.007030 10.0
 18 24 5  1 1 0.030210 10.0
 18 26 7  1 1 0.042840 10.0
 18 26 8  1 1 0.042820 10.0
 18 27 5  1 1 0.012470 10.0
 18 27 6  1 1 0.046650 10.0
 18 27 7  1 1 0.075170 10.0
 18 27 8  1 1 0.078410 10.0
 18 27 9  1 1 0.074490 10.0
 18 28 3  1 1 0.025060 10.0
 18 28 4  1 1 0.041390 10.0
 18 28 5  1 1 0.050970 10.0
 18 28 6  1 1 0.059900 10.0
 18 28 7  1 1 0.070500 10.0
 18 28 8  1 1 0.082770 10.0
 18 28 9  1 1 0.090930 10.0
 18 28 10  1 1 0.094160 10.0
 18 28 11  1 1 0.034570 10.0
 18 29 3  1 1 0.020740 10.0
 18 29 4  1 1 0.037540 10.0
 18 29 5  1 1 0.048990 10.0
 18 29 6  1 1 0.058370 10.0
 18 29 7  1 1 0.070530 10.0
 18 29 8  1 1 0.082430 10.0
 18 29 9  1 1 0.091070 10.0
 18 29 10  1 1 0.094730 10.0
 18 29 11  1 1 0.097040 10.0
 18 29 12  1 1 0.068430 10.0
 18 30 3  1 1 0.022250 10.0
 18 30 4  1 1 0.035340 10.0
 18 30 5  1 1 0.038650 10.0
 18 30 6  1 1 0.040670 10.0
 18 30 7  1 1 0.055480 10.0
 18 30 8  1 1 0.074580 10.0
 18 30 9  1 1 0.087680 10.0
 18 30 10  1 1 0.094930 10.0
 18 30 11  1 1 0.096970 10.0
 18 30 12  1 1 0.093800 10.0
 18 31 3  1 1 0.021360 10.0
 18 31 4  1 1 0.029940 10.0
 18 31 5  1 1 0.023950 10.0
 18 31 6  1 1 0.023060 10.0
 18 31 7  1 1 0.049100 10.0
 18 31 8  1 1 0.072320 10.0
 18 31 9  1 1 0.087530 10.0
 18 31 10  1 1 0.097940 10.0
 18 31 11  1 1 0.100490 10.0
 18 31 12  1 1 0.081020 10.0
 18 32 3  1 1 0.011890 10.0
 18 32 4  1 1 0.011400 10.0
 18 32 7  1 1 0.047240 10.0
 18 32 8  1 1 0.078320 10.0
 18 32 9  1 1 0.092480 10.0
 18 32 10  1 1 0.096060 10.0
 18 32 11  1 1 0.094280 10.0
 18 33 3  1 1 0.016790 10.0
 18 33 4  1 1 0.031050 10.0
 18 33 5  1 1 0.038220 10.0
 18 33 6  1 1 0.033580 10.0
 18 33 7  1 1 0.040950 10.0
 18 33 8  1 1 0.077730 10.0
 18 33 9  1 1 0.088220 10.0
 18 33 10  1 1 0.077500 10.0
 18 33 11  1 1 0.068160 10.0
 18 34 3  1 1 0.019930 10.0
 18 34 4  1 1 0.038590 10.0
 18 34 5  1 1 0.048530 10.0
 18 34 6  1 1 0.047170 10.0
 18 34 7  1 1 0.038240 10.0
 18 34 8  1 1 0.065340 10.0
 18 34 9  1 1 0.082270 10.0
 18 34 10  1 1 0.071580 10.0
 18 34 11  1 1 0.067990 10.0
 18 34 12  1 1 0.042600 10.0
 18 35 3  1 1 0.015140 10.0
 18 35 4  1 1 0.031510 10.0
 18 35 5  1 1 0.037140 10.0
 18 35 6  1 1 0.023640 10.0
 18 35 7  1 1 0.009750 10.0
 18 35 8  1 1 0.057120 10.0
 18 35 9  1 1 0.081300 10.0
 18 35 10  1 1 0.082070 10.0
 18 35 11  1 1 0.079880 10.0
 18 35 12  1 1 0.085940 10.0
 18 35 13  1 1 0.089190 10.0
 18 35 14  1 1 0.059660 10.0
 18 36 3  1 1 0.016830 10.0
 18 36 4  1 1 0.034360 10.0
 18 36 5  1 1 0.039950 10.0
 18 36 6  1 1 0.018390 10.0
 18 36 8  1 1 0.033330 10.0
 18 36 9  1 1 0.077640 10.0
 18 36 10  1 1 0.093400 10.0
 18 36 11  1 1 0.102460 10.0
 18 36 12  1 1 0.111770 10.0
 18 36 13  1 1 0.120370 10.0
 18 36 14  1 1 0.126200 10.0
 18 36 15  1 1 0.124440 10.0
 18 36 16  1 1 0.061490 10.0
 18 36 23  1 1 0.048100 10.0
 18 36 24  1 1 0.063700 10.0
 18 36 25  1 1 0.063780 10.0
 18 36 26  1 1 0.050470 10.0
 18 36 27  1 1 0.009420 10.0
 18 37 3  1 1 0.018860 10.0
 18 37 4  1 1 0.037230 10.0
 18 37 5  1 1 0.050720 10.0
 18 37 6  1 1 0.056460 10.0
 18 37 7  1 1 0.040340 10.0
 18 37 8  1 1 0.026860 10.0
 18 37 9  1 1 0.055990 10.0
 18 37 10  1 1 0.087360 10.0
 18 37 11  1 1 0.104810 10.0
 18 37 12  1 1 0.116980 10.0
 18 37 13  1 1 0.125720 10.0
 18 37 14  1 1 0.131090 10.0
 18 37 15  1 1 0.130630 10.0
 18 37 16  1 1 0.118920 10.0
 18 37 17  1 1 0.064470 10.0
 18 37 21  1 1 0.071170 10.0
 18 37 22  1 1 0.100150 10.0
 18 37 23  1 1 0.118080 10.0
 18 37 24  1 1 0.128820 10.0
 18 37 25  1 1 0.134590 10.0
 18 37 26  1 1 0.134090 10.0
 18 37 27  1 1 0.123340 10.0
 18 37 28  1 1 0.090140 10.0
 18 37 29  1 1 0.010650 10.0
 18 38 3  1 1 0.019930 10.0
 18 38 4  1 1 0.037820 10.0
 18 38 5  1 1 0.051940 10.0
 18 38 6  1 1 0.063620 10.0
 18 38 7  1 1 0.070290 10.0
 18 38 8  1 1 0.066300 10.0
 18 38 9  1 1 0.062700 10.0
 18 38 10  1 1 0.074510 10.0
 18 38 11  1 1 0.090700 10.0
 18 38 12  1 1 0.103280 10.0
 18 38 13  1 1 0.112580 10.0
 18 38 14  1 1 0.118470 10.0
 18 38 15  1 1 0.118030 10.0
 18 38 16  1 1 0.102350 10.0
 18 38 17  1 1 0.061860 10.0
 18 38 20  1 1 0.010490 10.0
 18 38 21  1 1 0.063660 10.0
 18 38 22  1 1 0.095400 10.0
 18 38 23  1 1 0.115390 10.0
 18 38 24  1 1 0.127760 10.0
 18 38 25  1 1 0.136110 10.0
 18 38 26  1 1 0.144050 10.0
 18 38 27  1 1 0.151040 10.0
 18 38 28  1 1 0.150910 10.0
 18 38 29  1 1 0.129540 10.0
 18 38 30  1 1 0.037740 10.0
 18 39 3  1 1 0.011520 10.0
 18 39 4  1 1 0.029500 10.0
 18 39 5  1 1 0.040780 10.0
 18 39 6  1 1 0.050880 10.0
 18 39 7  1 1 0.061770 10.0
 18 39 8  1 1 0.072480 10.0
 18 39 9  1 1 0.080700 10.0
 18 39 10  1 1 0.085800 10.0
 18 39 11  1 1 0.089520 10.0
 18 39 12  1 1 0.094430 10.0
 18 39 13  1 1 0.101360 10.0
 18 39 14  1 1 0.109490 10.0
 18 39 15  1 1 0.117900 10.0
 18 39 16  1 1 0.125170 10.0
 18 39 17  1 1 0.128220 10.0
 18 39 18  1 1 0.124770 10.0
 18 39 19  1 1 0.120360 10.0
 18 39 20  1 1 0.123650 10.0
 18 39 21  1 1 0.129800 10.0
 18 39 22  1 1 0.133290 10.0
 18 39 23  1 1 0.133000 10.0
 18 39 24  1 1 0.131680 10.0
 18 39 25  1 1 0.136070 10.0
 18 39 26  1 1 0.144270 10.0
 18 39 27  1 1 0.154200 10.0
 18 39 28  1 1 0.159250 10.0
 18 39 29  1 1 0.147750 10.0
 18 39 30  1 1 0.102960 10.0
 18 40 6  1 1 0.002300 10.0
 18 40 7  1 1 0.020920 10.0
 18 40 8  1 1 0.035130 10.0
 18 40 9  1 1 0.046030 10.0
 18 40 10  1 1 0.054090 10.0
 18 40 11  1 1 0.058140 10.0
 18 40 12  1 1 0.062060 10.0
 18 40 13  1 1 0.070360 10.0
 18 40 14  1 1 0.081070 10.0
 18 40 15  1 1 0.093940 10.0
 18 40 16  1 1 0.108610 10.0
 18 40 17  1 1 0.121860 10.0
 18 40 18  1 1 0.130450 10.0
 18 40 19  1 1 0.130710 10.0
 18 40 20  1 1 0.121760 10.0
 18 40 21  1 1 0.105250 10.0
 18 40 22  1 1 0.081910 10.0
 18 40 23  1 1 0.064050 10.0
 18 40 24  1 1 0.071620 10.0
 18 40 25  1 1 0.096350 10.0
 18 40 26  1 1 0.125330 10.0
 18 40 27  1 1 0.149920 10.0
 18 40 28  1 1 0.161660 10.0
 18 40 29  1 1 0.155190 10.0
 18 40 30  1 1 0.127320 10.0
 18 41 12  1 1 0.004440 10.0
 18 41 13  1 1 0.026220 10.0
 18 41 14  1 1 0.042960 10.0
 18 41 15  1 1 0.062880 10.0
 18 41 16  1 1 0.083640 10.0
 18 41 17  1 1 0.095620 10.0
 18 41 18  1 1 0.092290 10.0
 18 41 19  1 1 0.064860 10.0
 18 41 20  1 1 0.042170 10.0
 18 41 21  1 1 0.030430 10.0
 18 41 22  1 1 0.022100 10.0
 18 41 23  1 1 0.034120 10.0
 18 41 24  1 1 0.074130 10.0
 18 41 25  1 1 0.111500 10.0
 18 41 26  1 1 0.132400 10.0
 18 41 27  1 1 0.144000 10.0
 18 41 28  1 1 0.148030 10.0
 18 41 29  1 1 0.142690 10.0
 18 41 30  1 1 0.101140 10.0
 18 42 11  1 1 0.010940 10.0
 18 42 12  1 1 0.027600 10.0
 18 42 13  1 1 0.038080 10.0
 18 42 14  1 1 0.045410 10.0
 18 42 15  1 1 0.054760 10.0
 18 42 16  1 1 0.067670 10.0
 18 42 17  1 1 0.074690 10.0
 18 42 18  1 1 0.077230 10.0
 18 42 19  1 1 0.081920 10.0
 18 42 20  1 1 0.087780 10.0
 18 42 21  1 1 0.074040 10.0
 18 42 22  1 1 0.025110 10.0
 18 42 24  1 1 0.001980 10.0
 18 42 25  1 1 0.066800 10.0
 18 42 26  1 1 0.089420 10.0
 18 42 27  1 1 0.098390 10.0
 18 42 28  1 1 0.113640 10.0
 18 42 29  1 1 0.069670 10.0
 18 43 12  1 1 0.024890 10.0
 18 43 13  1 1 0.039420 10.0
 18 43 14  1 1 0.046190 10.0
 18 43 15  1 1 0.050170 10.0
 18 43 16  1 1 0.058100 10.0
 18 43 17  1 1 0.070520 10.0
 18 43 18  1 1 0.084700 10.0
 18 43 19  1 1 0.097140 10.0
 18 43 20  1 1 0.097200 10.0
 18 43 21  1 1 0.080140 10.0
 18 44 12  1 1 0.028260 10.0
 18 44 13  1 1 0.043540 10.0
 18 44 14  1 1 0.051100 10.0
 18 44 15  1 1 0.048010 10.0
 18 44 16  1 1 0.030090 10.0
 18 44 17  1 1 0.012340 10.0
 18 44 18  1 1 0.035030 10.0
 18 44 19  1 1 0.065070 10.0
 18 44 20  1 1 0.080480 10.0
 18 44 21  1 1 0.082620 10.0
 18 44 22  1 1 0.070810 10.0
 18 44 23  1 1 0.023370 10.0
 18 45 11  1 1 0.007730 10.0
 18 45 12  1 1 0.031700 10.0
 18 45 13  1 1 0.045640 10.0
 18 45 14  1 1 0.046190 10.0
 18 45 15  1 1 0.008150 10.0
 18 45 21  1 1 0.037920 10.0
 18 45 22  1 1 0.035730 10.0
 18 46 12  1 1 0.005800 10.0
 18 46 13  1 1 0.023870 10.0
 18 46 14  1 1 0.012100 10.0
 18 48 27  1 1 0.003910 10.0
 18 74 3  1 1 0.016090 10.0
 18 84 4  1 1 0.006130 10.0
 18 84 5  1 1 0.025600 10.0
 18 85 4  1 1 0.010160 10.0
 18 85 5  1 1 0.043340 10.0
 18 85 6  1 1 0.059140 10.0
 18 85 7  1 1 0.050060 10.0
 18 86 4  1 1 0.023560 10.0
 18 86 5  1 1 0.038060 10.0
 18 86 6  1 1 0.044230 10.0
 18 86 7  1 1 0.056860 10.0
 18 86 8  1 1 0.060670 10.0
 18 86 9  1 1 0.023090 10.0
 18 87 4  1 1 0.024770 10.0
 18 87 5  1 1 0.035850 10.0
 18 87 6  1 1 0.028770 10.0
 18 87 7  1 1 0.029250 10.0
 18 87 8  1 1 0.048710 10.0
 18 87 9  1 1 0.052230 10.0
 18 87 10  1 1 0.014270 10.0
 18 88 3  1 1 0.003460 10.0
 18 88 4  1 1 0.026360 10.0
 18 88 5  1 1 0.029530 10.0
 18 88 8  1 1 0.038090 10.0
 18 88 9  1 1 0.053880 10.0
 18 88 10  1 1 0.050650 10.0
 18 89 3  1 1 0.015840 10.0
 18 89 4  1 1 0.030640 10.0
 18 89 5  1 1 0.030840 10.0
 18 89 8  1 1 0.032690 10.0
 18 89 9  1 1 0.062990 10.0
 18 89 10  1 1 0.059880 10.0
 18 89 11  1 1 0.022620 10.0
 18 90 3  1 1 0.021310 10.0
 18 90 4  1 1 0.036330 10.0
 18 90 5  1 1 0.037960 10.0
 18 90 6  1 1 0.016010 10.0
 18 90 9  1 1 0.039160 10.0
 18 90 10  1 1 0.033040 10.0
 18 91 3  1 1 0.023760 10.0
 18 91 4  1 1 0.040780 10.0
 18 91 5  1 1 0.047430 10.0
 18 91 6  1 1 0.051040 10.0
 18 92 3  1 1 0.023760 10.0
 18 92 4  1 1 0.040700 10.0
 18 92 5  1 1 0.048930 10.0
 18 92 6  1 1 0.053800 10.0
 18 92 7  1 1 0.015180 10.0
 18 93 3  1 1 0.023430 10.0
 18 93 4  1 1 0.041210 10.0
 18 93 5  1 1 0.051660 10.0
 18 93 6  1 1 0.055040 10.0
 18 93 7  1 1 0.036100 10.0
 18 94 3  1 1 0.026000 10.0
 18 94 4  1 1 0.042840 10.0
 18 94 5  1 1 0.055910 10.0
 18 94 6  1 1 0.066390 10.0
 18 94 7  1 1 0.075790 10.0
 18 94 8  1 1 0.078580 10.0
 18 94 9  1 1 0.071520 10.0
 18 94 10  1 1 0.039760 10.0
 18 95 3  1 1 0.027470 10.0
 18 95 4  1 1 0.043670 10.0
 18 95 5  1 1 0.056900 10.0
 18 95 6  1 1 0.068510 10.0
 18 95 7  1 1 0.078830 10.0
 18 95 8  1 1 0.088920 10.0
 18 95 9  1 1 0.097140 10.0
 18 95 10  1 1 0.098200 10.0
 18 95 11  1 1 0.079330 10.0
 18 96 3  1 1 0.027270 10.0
 18 96 4  1 1 0.043320 10.0
 18 96 5  1 1 0.055270 10.0
 18 96 6  1 1 0.064810 10.0
 18 96 7  1 1 0.074450 10.0
 18 96 8  1 1 0.083340 10.0
 18 96 9  1 1 0.092130 10.0
 18 96 10  1 1 0.097190 10.0
 18 96 11  1 1 0.090850 10.0
 18 96 12  1 1 0.027400 10.0
 18 97 3  1 1 0.026970 10.0
 18 97 4  1 1 0.041720 10.0
 18 97 5  1 1 0.051690 10.0
 18 97 6  1 1 0.058100 10.0
 18 97 7  1 1 0.067340 10.0
 18 97 8  1 1 0.079640 10.0
 18 97 9  1 1 0.090640 10.0
 18 97 10  1 1 0.096120 10.0
 18 97 11  1 1 0.089530 10.0
 18 97 12  1 1 0.052120 10.0
 18 98 3  1 1 0.024840 10.0
 18 98 4  1 1 0.036700 10.0
 18 98 5  1 1 0.041700 10.0
 18 98 6  1 1 0.043390 10.0
 18 98 7  1 1 0.051650 10.0
 18 98 8  1 1 0.068930 10.0
 18 98 9  1 1 0.085380 10.0
 18 98 10  1 1 0.092080 10.0
 18 98 11  1 1 0.082010 10.0
 18 98 12  1 1 0.063330 10.0
 18 99 3  1 1 0.021590 10.0
 18 99 4  1 1 0.026520 10.0
 18 99 5  1 1 0.019080 10.0
 18 99 6  1 1 0.003660 10.0
 18 99 7  1 1 0.018210 10.0
 18 99 8  1 1 0.044130 10.0
 18 99 9  1 1 0.068800 10.0
 18 99 10  1 1 0.079500 10.0
 18 99 11  1 1 0.072840 10.0
 18 100 3  1 1 0.017710 10.0
 18 100 4  1 1 0.011730 10.0
 19 1 3  1 1 0.025860 10.0
 19 1 4  1 1 0.039920 10.0
 19 1 5  1 1 0.048230 10.0
 19 1 6  1 1 0.054850 10.0
 19 1 7  1 1 0.064140 10.0
 19 1 8  1 1 0.077450 10.0
 19 1 9  1 1 0.089830 10.0
 19 1 10  1 1 0.097820 10.0
 19 1 11  1 1 0.097180 10.0
 19 1 12  1 1 0.082120 10.0
 19 1 13  1 1 0.036850 10.0
 19 2 3  1 1 0.020830 10.0
 19 2 4  1 1 0.028740 10.0
 19 2 5  1 1 0.028860 10.0
 19 2 6  1 1 0.035800 10.0
 19 2 7  1 1 0.049630 10.0
 19 2 8  1 1 0.069470 10.0
 19 2 9  1 1 0.085800 10.0
 19 2 10  1 1 0.094720 10.0
 19 2 11  1 1 0.094640 10.0
 19 2 12  1 1 0.085060 10.0
 19 2 13  1 1 0.064370 10.0
 19 3 7  1 1 0.031840 10.0
 19 3 8  1 1 0.054610 10.0
 19 3 9  1 1 0.070900 10.0
 19 3 10  1 1 0.078710 10.0
 19 3 11  1 1 0.083550 10.0
 19 3 12  1 1 0.056280 10.0
 19 7 3  1 1 0.022380 10.0
 19 7 4  1 1 0.028950 10.0
 19 8 3  1 1 0.005760 10.0
 19 8 4  1 1 0.021310 10.0
 19 8 5  1 1 0.018860 10.0
 19 9 4  1 1 0.026280 10.0
 19 9 5  1 1 0.035030 10.0
 19 9 6  1 1 0.032450 10.0
 19 9 7  1 1 0.037480 10.0
 19 9 8  1 1 0.046410 10.0
 19 9 9  1 1 0.042300 10.0
 19 10 4  1 1 0.005020 10.0
 19 10 5  1 1 0.038330 10.0
 19 10 6  1 1 0.051030 10.0
 19 10 7  1 1 0.054410 10.0
 19 10 8  1 1 0.049300 10.0
 19 10 9  1 1 0.032640 10.0
 19 10 10  1 1 0.027850 10.0
 19 22 3  1 1 0.005220 10.0
 19 23 3  1 1 0.032750 10.0
 19 23 4  1 1 0.060900 10.0
 19 24 4  1 1 0.030360 10.0
 19 24 5  1 1 0.023430 10.0
 19 26 7  1 1 0.040290 10.0
 19 26 8  1 1 0.053690 10.0
 19 27 4  1 1 0.018560 10.0
 19 27 5  1 1 0.032530 10.0
 19 27 6  1 1 0.046810 10.0
 19 27 7  1 1 0.072590 10.0
 19 27 8  1 1 0.084140 10.0
 19 27 9  1 1 0.082960 10.0
 19 27 10  1 1 0.052550 10.0
 19 28 3  1 1 0.022790 10.0
 19 28 4  1 1 0.040720 10.0
 19 28 5  1 1 0.053350 10.0
 19 28 6  1 1 0.063170 10.0
 19 28 7  1 1 0.072850 10.0
 19 28 8  1 1 0.083720 10.0
 19 28 9  1 1 0.092920 10.0
 19 28 10  1 1 0.095110 10.0
 19 28 11  1 1 0.072040 10.0
 19 29 3  1 1 0.019690 10.0
 19 29 4  1 1 0.034770 10.0
 19 29 5  1 1 0.041340 10.0
 19 29 6  1 1 0.047730 10.0
 19 29 7  1 1 0.064240 10.0
 19 29 8  1 1 0.080040 10.0
 19 29 9  1 1 0.089170 10.0
 19 29 10  1 1 0.089830 10.0
 19 29 11  1 1 0.082520 10.0
 19 29 12  1 1 0.030550 10.0
 19 30 3  1 1 0.020760 10.0
 19 30 4  1 1 0.030340 10.0
 19 30 5  1 1 0.024510 10.0
 19 30 6  1 1 0.019610 10.0
 19 30 7  1 1 0.046810 10.0
 19 30 8  1 1 0.069680 10.0
 19 30 9  1 1 0.075930 10.0
 19 30 10  1 1 0.068390 10.0
 19 30 11  1 1 0.055940 10.0
 19 31 3  1 1 0.014560 10.0
 19 31 4  1 1 0.017150 10.0
 19 31 7  1 1 0.012960 10.0
 19 31 8  1 1 0.036200 10.0
 19 31 9  1 1 0.043170 10.0
 19 31 10  1 1 0.038000 10.0
 19 32 8  1 1 0.004440 10.0
 19 32 9  1 1 0.024620 10.0
 19 33 3  1 1 0.017410 10.0
 19 33 4  1 1 0.032400 10.0
 19 33 5  1 1 0.033990 10.0
 19 33 9  1 1 0.021460 10.0
 19 34 3  1 1 0.018080 10.0
 19 34 4  1 1 0.036300 10.0
 19 34 5  1 1 0.044660 10.0
 19 34 6  1 1 0.039390 10.0
 19 34 9  1 1 0.042940 10.0
 19 34 10  1 1 0.048410 10.0
 19 35 3  1 1 0.012180 10.0
 19 35 4  1 1 0.030520 10.0
 19 35 5  1 1 0.034050 10.0
 19 35 9  1 1 0.059680 10.0
 19 35 10  1 1 0.068800 10.0
 19 35 11  1 1 0.060040 10.0
 19 35 12  1 1 0.041190 10.0
 19 36 3  1 1 0.015970 10.0
 19 36 4  1 1 0.035750 10.0
 19 36 5  1 1 0.044710 10.0
 19 36 9  1 1 0.050740 10.0
 19 36 10  1 1 0.074630 10.0
 19 36 11  1 1 0.080390 10.0
 19 36 12  1 1 0.079850 10.0
 19 36 13  1 1 0.075670 10.0
 19 36 14  1 1 0.067640 10.0
 19 36 15  1 1 0.008100 10.0
 19 37 3  1 1 0.017260 10.0
 19 37 4  1 1 0.037370 10.0
 19 37 5  1 1 0.049080 10.0
 19 37 6  1 1 0.050610 10.0
 19 37 9  1 1 0.003740 10.0
 19 37 10  1 1 0.070540 10.0
 19 37 11  1 1 0.088690 10.0
 19 37 12  1 1 0.102740 10.0
 19 37 13  1 1 0.112860 10.0
 19 37 14  1 1 0.114020 10.0
 19 37 15  1 1 0.101380 10.0
 19 37 16  1 1 0.049260 10.0
 19 37 21  1 1 0.083330 10.0
 19 37 22  1 1 0.114080 10.0
 19 37 23  1 1 0.129810 10.0
 19 37 24  1 1 0.135290 10.0
 19 37 25  1 1 0.130910 10.0
 19 37 26  1 1 0.117580 10.0
 19 37 27  1 1 0.094570 10.0
 19 37 28  1 1 0.007490 10.0
 19 38 3  1 1 0.020140 10.0
 19 38 4  1 1 0.038590 10.0
 19 38 5  1 1 0.053240 10.0
 19 38 6  1 1 0.060260 10.0
 19 38 7  1 1 0.052210 10.0
 19 38 8  1 1 0.016710 10.0
 19 38 10  1 1 0.055050 10.0
 19 38 11  1 1 0.080920 10.0
 19 38 12  1 1 0.096210 10.0
 19 38 13  1 1 0.105270 10.0
 19 38 14  1 1 0.105330 10.0
 19 38 15  1 1 0.085740 10.0
 19 38 16  1 1 0.034490 10.0
 19 38 20  1 1 0.040000 10.0
 19 38 21  1 1 0.090900 10.0
 19 38 22  1 1 0.112010 10.0
 19 38 23  1 1 0.126080 10.0
 19 38 24  1 1 0.137890 10.0
 19 38 25  1 1 0.148460 10.0
 19 38 26  1 1 0.157520 10.0
 19 38 27  1 1 0.162480 10.0
 19 38 28  1 1 0.156790 10.0
 19 38 29  1 1 0.128140 10.0
 19 39 3  1 1 0.021000 10.0
 19 39 4  1 1 0.037370 10.0
 19 39 5  1 1 0.048590 10.0
 19 39 6  1 1 0.056770 10.0
 19 39 7  1 1 0.064330 10.0
 19 39 8  1 1 0.067530 10.0
 19 39 9  1 1 0.066750 10.0
 19 39 10  1 1 0.069140 10.0
 19 39 11  1 1 0.076810 10.0
 19 39 12  1 1 0.087020 10.0
 19 39 13  1 1 0.096960 10.0
 19 39 14  1 1 0.105440 10.0
 19 39 15  1 1 0.112070 10.0
 19 39 16  1 1 0.115030 10.0
 19 39 17  1 1 0.110700 10.0
 19 39 18  1 1 0.099240 10.0
 19 39 19  1 1 0.095820 10.0
 19 39 20  1 1 0.104610 10.0
 19 39 21  1 1 0.116920 10.0
 19 39 22  1 1 0.127100 10.0
 19 39 23  1 1 0.134950 10.0
 19 39 24  1 1 0.142240 10.0
 19 39 25  1 1 0.149790 10.0
 19 39 26  1 1 0.157170 10.0
 19 39 27  1 1 0.163120 10.0
 19 39 28  1 1 0.162680 10.0
 19 39 29  1 1 0.148600 10.0
 19 39 30  1 1 0.110680 10.0
 19 40 4  1 1 0.019350 10.0
 19 40 5  1 1 0.027540 10.0
 19 40 6  1 1 0.034650 10.0
 19 40 7  1 1 0.041740 10.0
 19 40 8  1 1 0.049810 10.0
 19 40 9  1 1 0.057360 10.0
 19 40 10  1 1 0.064860 10.0
 19 40 11  1 1 0.069220 10.0
 19 40 12  1 1 0.075790 10.0
 19 40 13  1 1 0.085040 10.0
 19 40 14  1 1 0.095170 10.0
 19 40 15  1 1 0.105300 10.0
 19 40 16  1 1 0.115690 10.0
 19 40 17  1 1 0.126010 10.0
 19 40 18  1 1 0.133920 10.0
 19 40 19  1 1 0.136700 10.0
 19 40 20  1 1 0.133460 10.0
 19 40 21  1 1 0.125980 10.0
 19 40 22  1 1 0.119890 10.0
 19 40 23  1 1 0.120360 10.0
 19 40 24  1 1 0.130130 10.0
 19 40 25  1 1 0.145330 10.0
 19 40 26  1 1 0.159120 10.0
 19 40 27  1 1 0.166140 10.0
 19 40 28  1 1 0.164790 10.0
 19 40 29  1 1 0.151490 10.0
 19 40 30  1 1 0.121220 10.0
 19 41 12  1 1 0.004650 10.0
 19 41 13  1 1 0.037990 10.0
 19 41 14  1 1 0.059220 10.0
 19 41 15  1 1 0.075770 10.0
 19 41 16  1 1 0.088580 10.0
 19 41 17  1 1 0.097050 10.0
 19 41 18  1 1 0.098730 10.0
 19 41 19  1 1 0.083040 10.0
 19 41 20  1 1 0.058850 10.0
 19 41 21  1 1 0.038180 10.0
 19 41 22  1 1 0.039740 10.0
 19 41 23  1 1 0.064120 10.0
 19 41 24  1 1 0.099200 10.0
 19 41 25  1 1 0.125830 10.0
 19 41 26  1 1 0.138570 10.0
 19 41 27  1 1 0.137470 10.0
 19 41 28  1 1 0.131050 10.0
 19 41 29  1 1 0.121730 10.0
 19 41 30  1 1 0.025300 10.0
 19 42 11  1 1 0.005430 10.0
 19 42 12  1 1 0.028740 10.0
 19 42 13  1 1 0.048370 10.0
 19 42 14  1 1 0.066470 10.0
 19 42 15  1 1 0.079260 10.0
 19 42 16  1 1 0.085650 10.0
 19 42 17  1 1 0.082210 10.0
 19 42 18  1 1 0.076550 10.0
 19 42 19  1 1 0.081750 10.0
 19 42 20  1 1 0.084680 10.0
 19 42 21  1 1 0.062640 10.0
 19 42 22  1 1 0.048530 10.0
 19 42 23  1 1 0.061670 10.0
 19 42 24  1 1 0.083170 10.0
 19 42 25  1 1 0.098070 10.0
 19 42 26  1 1 0.090980 10.0
 19 42 27  1 1 0.048410 10.0
 19 42 28  1 1 0.013080 10.0
 19 42 31  1 1 0.016990 10.0
 19 42 32  1 1 0.100830 10.0
 19 42 33  1 1 0.114630 10.0
 19 42 34  1 1 0.081300 10.0
 19 43 10  1 1 0.012630 10.0
 19 43 11  1 1 0.024970 10.0
 19 43 12  1 1 0.040470 10.0
 19 43 13  1 1 0.055920 10.0
 19 43 14  1 1 0.067460 10.0
 19 43 15  1 1 0.077150 10.0
 19 43 16  1 1 0.087590 10.0
 19 43 17  1 1 0.096140 10.0
 19 43 18  1 1 0.102920 10.0
 19 43 19  1 1 0.105270 10.0
 19 43 20  1 1 0.089540 10.0
 19 43 21  1 1 0.035470 10.0
 19 43 29  1 1 0.003620 10.0
 19 43 30  1 1 0.064280 10.0
 19 43 31  1 1 0.097490 10.0
 19 43 32  1 1 0.099940 10.0
 19 43 33  1 1 0.058260 10.0
 19 44 12  1 1 0.006950 10.0
 19 44 13  1 1 0.035600 10.0
 19 44 14  1 1 0.055410 10.0
 19 44 15  1 1 0.067790 10.0
 19 44 16  1 1 0.075610 10.0
 19 44 17  1 1 0.080280 10.0
 19 44 18  1 1 0.083520 10.0
 19 44 19  1 1 0.082080 10.0
 19 44 20  1 1 0.073320 10.0
 19 44 21  1 1 0.063600 10.0
 19 44 22  1 1 0.034800 10.0
 19 44 29  1 1 0.057080 10.0
 19 44 30  1 1 0.100010 10.0
 19 44 31  1 1 0.133890 10.0
 19 44 32  1 1 0.150070 10.0
 19 44 33  1 1 0.141620 10.0
 19 44 34  1 1 0.100210 10.0
 19 45 13  1 1 0.033820 10.0
 19 45 14  1 1 0.059460 10.0
 19 45 15  1 1 0.070150 10.0
 19 45 16  1 1 0.064790 10.0
 19 45 17  1 1 0.046410 10.0
 19 45 18  1 1 0.026530 10.0
 19 45 19  1 1 0.004200 10.0
 19 45 20  1 1 0.028660 10.0
 19 45 21  1 1 0.046080 10.0
 19 45 22  1 1 0.000170 10.0
 19 45 31  1 1 0.049890 10.0
 19 45 32  1 1 0.079440 10.0
 19 45 33  1 1 0.083780 10.0
 19 45 34  1 1 0.001360 10.0
 19 46 14  1 1 0.020630 10.0
 19 46 15  1 1 0.043240 10.0
 19 46 16  1 1 0.032830 10.0
 19 47 26  1 1 0.026870 10.0
 19 47 27  1 1 0.028650 10.0
 19 48 26  1 1 0.029160 10.0
 19 48 27  1 1 0.047890 10.0
 19 48 28  1 1 0.045640 10.0
 19 48 29  1 1 0.026940 10.0
 19 49 26  1 1 0.021810 10.0
 19 49 27  1 1 0.081430 10.0
 19 49 28  1 1 0.079690 10.0
 19 49 29  1 1 0.040930 10.0
 19 58 26  1 1 0.008480 10.0
 19 59 25  1 1 0.045780 10.0
 19 59 26  1 1 0.067810 10.0
 19 59 27  1 1 0.033870 10.0
 19 68 4  1 1 0.002260 10.0
 19 68 5  1 1 0.006210 10.0
 19 69 5  1 1 0.005510 10.0
 19 69 6  1 1 0.011560 10.0
 19 70 5  1 1 0.019380 10.0
 19 70 6  1 1 0.025160 10.0
 19 84 3  1 1 0.025630 10.0
 19 84 4  1 1 0.038670 10.0
 19 84 5  1 1 0.030510 10.0
 19 85 4  1 1 0.032900 10.0
 19 85 5  1 1 0.055920 10.0
 19 85 6  1 1 0.063850 10.0
 19 85 7  1 1 0.053860 10.0
 19 86 4  1 1 0.012380 10.0
 19 86 5  1 1 0.023920 10.0
 19 86 6  1 1 0.037920 10.0
 19 86 7  1 1 0.059980 10.0
 19 86 8  1 1 0.071890 10.0
 19 86 9  1 1 0.043690 10.0
 19 87 4  1 1 0.028740 10.0
 19 87 5  1 1 0.032230 10.0
 19 87 6  1 1 0.014230 10.0
 19 87 7  1 1 0.026730 10.0
 19 87 8  1 1 0.054750 10.0
 19 87 9  1 1 0.072930 10.0
 19 87 10  1 1 0.033780 10.0
 19 88 4  1 1 0.022500 10.0
 19 88 5  1 1 0.018350 10.0
 19 88 7  1 1 0.011810 10.0
 19 88 8  1 1 0.048790 10.0
 19 88 9  1 1 0.067630 10.0
 19 88 10  1 1 0.068100 10.0
 19 89 4  1 1 0.020270 10.0
 19 89 8  1 1 0.032040 10.0
 19 89 9  1 1 0.047170 10.0
 19 89 10  1 1 0.033280 10.0
 19 90 4  1 1 0.019080 10.0
 19 90 5  1 1 0.030460 10.0
 19 91 4  1 1 0.025830 10.0
 19 91 5  1 1 0.037730 10.0
 19 91 6  1 1 0.048640 10.0
 19 92 3  1 1 0.012790 10.0
 19 92 4  1 1 0.032400 10.0
 19 92 5  1 1 0.041550 10.0
 19 92 6  1 1 0.048790 10.0
 19 92 7  1 1 0.010450 10.0
 19 93 3  1 1 0.016830 10.0
 19 93 4  1 1 0.035290 10.0
 19 93 5  1 1 0.046560 10.0
 19 93 6  1 1 0.052370 10.0
 19 93 7  1 1 0.044030 10.0
 19 94 3  1 1 0.020600 10.0
 19 94 4  1 1 0.039410 10.0
 19 94 5  1 1 0.053510 10.0
 19 94 6  1 1 0.065220 10.0
 19 94 7  1 1 0.075890 10.0
 19 94 8  1 1 0.084020 10.0
 19 94 9  1 1 0.083590 10.0
 19 94 10  1 1 0.075440 10.0
 19 94 11  1 1 0.031540 10.0
 19 95 3  1 1 0.024010 10.0
 19 95 4  1 1 0.041930 10.0
 19 95 5  1 1 0.055720 10.0
 19 95 6  1 1 0.067350 10.0
 19 95 7  1 1 0.077750 10.0
 19 95 8  1 1 0.087790 10.0
 19 95 9  1 1 0.097160 10.0
 19 95 10  1 1 0.101440 10.0
 19 95 11  1 1 0.093200 10.0
 19 95 12  1 1 0.034570 10.0
 19 96 3  1 1 0.025000 10.0
 19 96 4  1 1 0.041260 10.0
 19 96 5  1 1 0.053400 10.0
 19 96 6  1 1 0.063130 10.0
 19 96 7  1 1 0.073100 10.0
 19 96 8  1 1 0.083020 10.0
 19 96 9  1 1 0.092320 10.0
 19 96 10  1 1 0.098780 10.0
 19 96 11  1 1 0.096770 10.0
 19 96 12  1 1 0.082200 10.0
 19 97 3  1 1 0.025860 10.0
 19 97 4  1 1 0.039920 10.0
 19 97 5  1 1 0.048230 10.0
 19 97 6  1 1 0.054850 10.0
 19 97 7  1 1 0.064140 10.0
 19 97 8  1 1 0.077450 10.0
 19 97 9  1 1 0.089830 10.0
 19 97 10  1 1 0.097820 10.0
 19 97 11  1 1 0.097180 10.0
 19 97 12  1 1 0.082120 10.0
 19 97 13  1 1 0.036850 10.0
 19 98 3  1 1 0.020830 10.0
 19 98 4  1 1 0.028740 10.0
 19 98 5  1 1 0.028860 10.0
 19 98 6  1 1 0.035800 10.0
 19 98 7  1 1 0.049630 10.0
 19 98 8  1 1 0.069470 10.0
 19 98 9  1 1 0.085800 10.0
 19 98 10  1 1 0.094720 10.0
 19 98 11  1 1 0.094640 10.0
 19 98 12  1 1 0.085060 10.0
 19 98 13  1 1 0.064370 10.0
 19 99 7  1 1 0.031840 10.0
 19 99 8  1 1 0.054610 10.0
 19 99 9  1 1 0.070900 10.0
 19 99 10  1 1 0.078710 10.0
 19 99 11  1 1 0.083550 10.0
 19 99 12  1 1 0.056280 10.0
 20 1 3  1 1 0.022990 10.0
 20 1 4  1 1 0.038530 10.0
 20 1 5  1 1 0.046430 10.0
 20 1 6  1 1 0.051120 10.0
 20 1 7  1 1 0.060600 10.0
 20 1 8  1 1 0.074650 10.0
 20 1 9  1 1 0.087610 10.0
 20 1 10  1 1 0.097200 10.0
 20 1 11  1 1 0.101220 10.0
 20 1 12  1 1 0.094110 10.0
 20 1 13  1 1 0.050820 10.0
 20 2 3  1 1 0.021970 10.0
 20 2 4  1 1 0.032290 10.0
 20 2 5  1 1 0.029040 10.0
 20 2 6  1 1 0.027100 10.0
 20 2 7  1 1 0.042610 10.0
 20 2 8  1 1 0.066560 10.0
 20 2 9  1 1 0.083290 10.0
 20 2 10  1 1 0.094490 10.0
 20 2 11  1 1 0.101130 10.0
 20 2 12  1 1 0.095850 10.0
 20 2 13  1 1 0.044250 10.0
 20 3 3  1 1 0.011350 10.0
 20 3 4  1 1 0.007730 10.0
 20 3 7  1 1 0.021900 10.0
 20 3 8  1 1 0.058560 10.0
 20 3 9  1 1 0.074990 10.0
 20 3 10  1 1 0.081740 10.0
 20 3 11  1 1 0.075960 10.0
 20 4 8  1 1 0.001230 10.0
 20 7 3  1 1 0.017820 10.0
 20 7 4  1 1 0.022970 10.0
 20 8 3  1 1 0.005220 10.0
 20 8 4  1 1 0.024270 10.0
 20 8 5  1 1 0.018750 10.0
 20 9 4  1 1 0.023480 10.0
 20 9 5  1 1 0.025890 10.0
 20 9 6  1 1 0.008640 10.0
 20 10 4  1 1 0.016870 10.0
 20 10 5  1 1 0.038440 10.0
 20 10 6  1 1 0.037850 10.0
 20 10 7  1 1 0.020070 10.0
 20 23 3  1 1 0.041580 10.0
 20 23 4  1 1 0.038130 10.0
 20 24 4  1 1 0.038270 10.0
 20 27 3  1 1 0.010900 10.0
 20 27 4  1 1 0.034420 10.0
 20 27 5  1 1 0.045570 10.0
 20 27 6  1 1 0.052100 10.0
 20 27 7  1 1 0.057210 10.0
 20 27 8  1 1 0.059840 10.0
 20 27 9  1 1 0.058680 10.0
 20 27 10  1 1 0.043940 10.0
 20 28 3  1 1 0.021360 10.0
 20 28 4  1 1 0.038440 10.0
 20 28 5  1 1 0.049760 10.0
 20 28 6  1 1 0.061390 10.0
 20 28 7  1 1 0.074780 10.0
 20 28 8  1 1 0.087760 10.0
 20 28 9  1 1 0.098490 10.0
 20 28 10  1 1 0.105690 10.0
 20 28 11  1 1 0.101800 10.0
 20 29 3  1 1 0.018040 10.0
 20 29 4  1 1 0.031620 10.0
 20 29 5  1 1 0.034360 10.0
 20 29 6  1 1 0.037690 10.0
 20 29 7  1 1 0.058350 10.0
 20 29 8  1 1 0.078000 10.0
 20 29 9  1 1 0.090050 10.0
 20 29 10  1 1 0.095650 10.0
 20 29 11  1 1 0.094420 10.0
 20 29 12  1 1 0.094200 10.0
 20 30 3  1 1 0.020630 10.0
 20 30 4  1 1 0.030490 10.0
 20 30 5  1 1 0.024270 10.0
 20 30 7  1 1 0.029630 10.0
 20 30 8  1 1 0.053530 10.0
 20 30 9  1 1 0.063580 10.0
 20 30 10  1 1 0.060460 10.0
 20 30 11  1 1 0.050700 10.0
 20 30 12  1 1 0.028560 10.0
 20 31 3  1 1 0.018930 10.0
 20 31 4  1 1 0.027430 10.0
 20 31 5  1 1 0.013210 10.0
 20 32 3  1 1 0.014690 10.0
 20 32 4  1 1 0.023600 10.0
 20 33 3  1 1 0.018590 10.0
 20 33 4  1 1 0.034190 10.0
 20 33 5  1 1 0.041200 10.0
 20 33 6  1 1 0.041720 10.0
 20 33 7  1 1 0.013450 10.0
 20 34 3  1 1 0.018220 10.0
 20 34 4  1 1 0.037010 10.0
 20 34 5  1 1 0.048710 10.0
 20 34 6  1 1 0.055030 10.0
 20 34 7  1 1 0.050160 10.0
 20 35 3  1 1 0.017340 10.0
 20 35 4  1 1 0.032930 10.0
 20 35 5  1 1 0.039920 10.0
 20 35 6  1 1 0.040470 10.0
 20 36 3  1 1 0.022600 10.0
 20 36 4  1 1 0.036720 10.0
 20 36 5  1 1 0.047500 10.0
 20 37 3  1 1 0.023720 10.0
 20 37 4  1 1 0.040240 10.0
 20 37 5  1 1 0.047940 10.0
 20 37 6  1 1 0.036720 10.0
 20 37 21  1 1 0.079160 10.0
 20 37 22  1 1 0.107190 10.0
 20 37 23  1 1 0.126570 10.0
 20 37 24  1 1 0.136430 10.0
 20 37 25  1 1 0.131950 10.0
 20 37 26  1 1 0.108580 10.0
 20 37 27  1 1 0.062400 10.0
 20 38 3  1 1 0.022220 10.0
 20 38 4  1 1 0.039760 10.0
 20 38 5  1 1 0.052080 10.0
 20 38 6  1 1 0.062240 10.0
 20 38 7  1 1 0.052940 10.0
 20 38 11  1 1 0.002180 10.0
 20 38 12  1 1 0.032480 10.0
 20 38 13  1 1 0.024350 10.0
 20 38 20  1 1 0.075400 10.0
 20 38 21  1 1 0.104480 10.0
 20 38 22  1 1 0.120590 10.0
 20 38 23  1 1 0.131970 10.0
 20 38 24  1 1 0.141890 10.0
 20 38 25  1 1 0.151340 10.0
 20 38 26  1 1 0.158440 10.0
 20 38 27  1 1 0.158890 10.0
 20 38 28  1 1 0.145390 10.0
 20 38 29  1 1 0.078320 10.0
 20 39 3  1 1 0.019220 10.0
 20 39 4  1 1 0.034020 10.0
 20 39 5  1 1 0.043290 10.0
 20 39 6  1 1 0.049590 10.0
 20 39 7  1 1 0.055140 10.0
 20 39 8  1 1 0.044080 10.0
 20 39 9  1 1 0.026840 10.0
 20 39 10  1 1 0.037810 10.0
 20 39 11  1 1 0.058970 10.0
 20 39 12  1 1 0.070680 10.0
 20 39 13  1 1 0.074540 10.0
 20 39 14  1 1 0.069380 10.0
 20 39 15  1 1 0.054550 10.0
 20 39 16  1 1 0.041160 10.0
 20 39 17  1 1 0.037530 10.0
 20 39 18  1 1 0.043890 10.0
 20 39 19  1 1 0.058640 10.0
 20 39 20  1 1 0.076490 10.0
 20 39 21  1 1 0.095930 10.0
 20 39 22  1 1 0.112830 10.0
 20 39 23  1 1 0.126950 10.0
 20 39 24  1 1 0.139360 10.0
 20 39 25  1 1 0.148710 10.0
 20 39 26  1 1 0.154180 10.0
 20 39 27  1 1 0.150590 10.0
 20 39 28  1 1 0.134980 10.0
 20 39 29  1 1 0.098670 10.0
 20 40 4  1 1 0.011400 10.0
 20 40 5  1 1 0.025860 10.0
 20 40 6  1 1 0.037860 10.0
 20 40 7  1 1 0.045940 10.0
 20 40 8  1 1 0.056350 10.0
 20 40 9  1 1 0.064740 10.0
 20 40 10  1 1 0.072380 10.0
 20 40 11  1 1 0.080750 10.0
 20 40 12  1 1 0.090130 10.0
 20 40 13  1 1 0.100360 10.0
 20 40 14  1 1 0.110870 10.0
 20 40 15  1 1 0.119290 10.0
 20 40 16  1 1 0.124900 10.0
 20 40 17  1 1 0.129390 10.0
 20 40 18  1 1 0.134090 10.0
 20 40 19  1 1 0.138140 10.0
 20 40 20  1 1 0.141690 10.0
 20 40 21  1 1 0.144610 10.0
 20 40 22  1 1 0.147400 10.0
 20 40 23  1 1 0.152010 10.0
 20 40 24  1 1 0.159150 10.0
 20 40 25  1 1 0.166480 10.0
 20 40 26  1 1 0.168570 10.0
 20 40 27  1 1 0.158640 10.0
 20 40 28  1 1 0.134520 10.0
 20 40 29  1 1 0.090720 10.0
 20 41 10  1 1 0.022380 10.0
 20 41 11  1 1 0.043670 10.0
 20 41 12  1 1 0.061670 10.0
 20 41 13  1 1 0.077950 10.0
 20 41 14  1 1 0.091590 10.0
 20 41 15  1 1 0.103150 10.0
 20 41 16  1 1 0.113330 10.0
 20 41 17  1 1 0.121140 10.0
 20 41 18  1 1 0.125590 10.0
 20 41 19  1 1 0.124930 10.0
 20 41 20  1 1 0.116460 10.0
 20 41 21  1 1 0.106230 10.0
 20 41 22  1 1 0.105200 10.0
 20 41 23  1 1 0.116300 10.0
 20 41 24  1 1 0.134180 10.0
 20 41 25  1 1 0.147460 10.0
 20 41 26  1 1 0.148010 10.0
 20 41 27  1 1 0.124930 10.0
 20 41 28  1 1 0.073800 10.0
 20 41 32  1 1 0.033640 10.0
 20 41 33  1 1 0.024020 10.0
 20 42 12  1 1 0.037240 10.0
 20 42 13  1 1 0.061250 10.0
 20 42 14  1 1 0.078210 10.0
 20 42 15  1 1 0.089600 10.0
 20 42 16  1 1 0.096280 10.0
 20 42 17  1 1 0.097590 10.0
 20 42 18  1 1 0.096070 10.0
 20 42 19  1 1 0.096650 10.0
 20 42 20  1 1 0.094310 10.0
 20 42 21  1 1 0.086440 10.0
 20 42 22  1 1 0.086250 10.0
 20 42 23  1 1 0.099710 10.0
 20 42 24  1 1 0.114860 10.0
 20 42 25  1 1 0.125380 10.0
 20 42 26  1 1 0.125660 10.0
 20 42 27  1 1 0.083640 10.0
 20 42 30  1 1 0.050120 10.0
 20 42 31  1 1 0.120330 10.0
 20 42 32  1 1 0.137060 10.0
 20 42 33  1 1 0.140250 10.0
 20 42 34  1 1 0.110080 10.0
 20 43 12  1 1 0.026420 10.0
 20 43 13  1 1 0.047170 10.0
 20 43 14  1 1 0.061310 10.0
 20 43 15  1 1 0.071560 10.0
 20 43 16  1 1 0.081020 10.0
 20 43 17  1 1 0.090330 10.0
 20 43 18  1 1 0.098680 10.0
 20 43 19  1 1 0.103280 10.0
 20 43 20  1 1 0.097970 10.0
 20 43 21  1 1 0.076170 10.0
 20 43 22  1 1 0.058100 10.0
 20 43 23  1 1 0.076730 10.0
 20 43 24  1 1 0.088410 10.0
 20 43 25  1 1 0.077820 10.0
 20 43 26  1 1 0.057780 10.0
 20 43 27  1 1 0.019000 10.0
 20 43 29  1 1 0.035980 10.0
 20 43 30  1 1 0.091910 10.0
 20 43 31  1 1 0.144390 10.0
 20 43 32  1 1 0.169150 10.0
 20 43 33  1 1 0.166610 10.0
 20 43 34  1 1 0.126390 10.0
 20 44 14  1 1 0.028410 10.0
 20 44 15  1 1 0.048570 10.0
 20 44 16  1 1 0.061150 10.0
 20 44 17  1 1 0.069180 10.0
 20 44 18  1 1 0.075420 10.0
 20 44 19  1 1 0.078340 10.0
 20 44 20  1 1 0.066240 10.0
 20 44 21  1 1 0.039950 10.0
 20 44 26  1 1 0.002710 10.0
 20 44 27  1 1 0.034020 10.0
 20 44 28  1 1 0.072140 10.0
 20 44 29  1 1 0.095380 10.0
 20 44 30  1 1 0.113720 10.0
 20 44 31  1 1 0.132200 10.0
 20 44 32  1 1 0.150240 10.0
 20 44 33  1 1 0.162040 10.0
 20 44 34  1 1 0.165850 10.0
 20 44 35  1 1 0.177700 10.0
 20 45 15  1 1 0.050800 10.0
 20 45 16  1 1 0.075050 10.0
 20 45 17  1 1 0.080040 10.0
 20 45 18  1 1 0.070680 10.0
 20 45 19  1 1 0.066390 10.0
 20 45 20  1 1 0.066620 10.0
 20 45 21  1 1 0.056770 10.0
 20 45 27  1 1 0.055570 10.0
 20 45 28  1 1 0.078970 10.0
 20 45 29  1 1 0.082490 10.0
 20 45 30  1 1 0.085330 10.0
 20 45 31  1 1 0.094820 10.0
 20 45 32  1 1 0.113610 10.0
 20 45 33  1 1 0.153120 10.0
 20 45 34  1 1 0.165520 10.0
 20 45 35  1 1 0.110470 10.0
 20 46 16  1 1 0.055150 10.0
 20 46 17  1 1 0.068410 10.0
 20 46 18  1 1 0.067700 10.0
 20 46 19  1 1 0.058210 10.0
 20 46 20  1 1 0.048530 10.0
 20 46 21  1 1 0.040600 10.0
 20 46 22  1 1 0.038640 10.0
 20 46 23  1 1 0.016180 10.0
 20 46 25  1 1 0.003370 10.0
 20 46 26  1 1 0.043390 10.0
 20 46 27  1 1 0.073840 10.0
 20 46 28  1 1 0.075260 10.0
 20 46 29  1 1 0.062060 10.0
 20 46 30  1 1 0.032180 10.0
 20 47 17  1 1 0.017560 10.0
 20 47 18  1 1 0.026240 10.0
 20 47 26  1 1 0.042200 10.0
 20 47 27  1 1 0.054330 10.0
 20 47 28  1 1 0.038890 10.0
 20 47 29  1 1 0.006580 10.0
 20 48 26  1 1 0.014440 10.0
 20 48 27  1 1 0.041260 10.0
 20 48 28  1 1 0.023640 10.0
 20 48 29  1 1 0.001650 10.0
 20 49 26  1 1 0.039870 10.0
 20 49 27  1 1 0.073350 10.0
 20 49 28  1 1 0.064920 10.0
 20 49 29  1 1 0.061600 10.0
 20 49 30  1 1 0.066420 10.0
 20 49 31  1 1 0.051610 10.0
 20 50 27  1 1 0.051670 10.0
 20 50 28  1 1 0.072310 10.0
 20 50 29  1 1 0.070180 10.0
 20 50 30  1 1 0.052290 10.0
 20 65 3  1 1 0.007200 10.0
 20 65 4  1 1 0.003250 10.0
 20 67 3  1 1 0.017030 10.0
 20 67 4  1 1 0.030550 10.0
 20 67 5  1 1 0.028530 10.0
 20 67 6  1 1 0.020670 10.0
 20 68 4  1 1 0.019280 10.0
 20 68 5  1 1 0.029660 10.0
 20 68 6  1 1 0.035570 10.0
 20 69 5  1 1 0.030610 10.0
 20 69 6  1 1 0.039140 10.0
 20 70 5  1 1 0.025460 10.0
 20 70 6  1 1 0.033380 10.0
 20 70 7  1 1 0.007940 10.0
 20 71 6  1 1 0.022360 10.0
 20 73 1  1 1 0.004570 10.0
 20 85 3  1 1 0.008890 10.0
 20 85 4  1 1 0.034290 10.0
 20 85 5  1 1 0.047520 10.0
 20 85 6  1 1 0.041160 10.0
 20 86 5  1 1 0.010650 10.0
 20 86 6  1 1 0.034650 10.0
 20 86 7  1 1 0.053760 10.0
 20 86 8  1 1 0.040930 10.0
 20 87 3  1 1 0.001520 10.0
 20 87 4  1 1 0.010570 10.0
 20 87 7  1 1 0.027240 10.0
 20 87 8  1 1 0.051540 10.0
 20 87 9  1 1 0.029330 10.0
 20 88 7  1 1 0.002350 10.0
 20 88 8  1 1 0.017180 10.0
 20 88 9  1 1 0.018180 10.0
 20 90 3  1 1 0.011070 10.0
 20 90 4  1 1 0.031050 10.0
 20 90 5  1 1 0.021030 10.0
 20 91 4  1 1 0.022010 10.0
 20 91 5  1 1 0.042790 10.0
 20 91 6  1 1 0.029540 10.0
 20 92 4  1 1 0.019020 10.0
 20 92 5  1 1 0.034850 10.0
 20 92 6  1 1 0.046940 10.0
 20 93 3  1 1 0.003330 10.0
 20 93 4  1 1 0.030310 10.0
 20 93 5  1 1 0.045160 10.0
 20 93 6  1 1 0.054790 10.0
 20 93 7  1 1 0.060670 10.0
 20 93 8  1 1 0.029690 10.0
 20 93 9  1 1 0.006090 10.0
 20 94 3  1 1 0.016590 10.0
 20 94 4  1 1 0.037690 10.0
 20 94 5  1 1 0.051770 10.0
 20 94 6  1 1 0.062240 10.0
 20 94 7  1 1 0.073930 10.0
 20 94 8  1 1 0.090330 10.0
 20 94 9  1 1 0.095810 10.0
 20 94 10  1 1 0.085820 10.0
 20 94 11  1 1 0.015300 10.0
 20 95 3  1 1 0.019750 10.0
 20 95 4  1 1 0.038790 10.0
 20 95 5  1 1 0.053120 10.0
 20 95 6  1 1 0.065310 10.0
 20 95 7  1 1 0.075380 10.0
 20 95 8  1 1 0.083340 10.0
 20 95 9  1 1 0.091170 10.0
 20 95 10  1 1 0.097210 10.0
 20 95 11  1 1 0.095930 10.0
 20 95 12  1 1 0.046160 10.0
 20 96 3  1 1 0.020440 10.0
 20 96 4  1 1 0.039040 10.0
 20 96 5  1 1 0.052240 10.0
 20 96 6  1 1 0.062180 10.0
 20 96 7  1 1 0.072810 10.0
 20 96 8  1 1 0.083500 10.0
 20 96 9  1 1 0.092450 10.0
 20 96 10  1 1 0.098850 10.0
 20 96 11  1 1 0.099740 10.0
 20 96 12  1 1 0.090520 10.0
 20 97 3  1 1 0.022990 10.0
 20 97 4  1 1 0.038530 10.0
 20 97 5  1 1 0.046430 10.0
 20 97 6  1 1 0.051120 10.0
 20 97 7  1 1 0.060600 10.0
 20 97 8  1 1 0.074650 10.0
 20 97 9  1 1 0.087610 10.0
 20 97 10  1 1 0.097200 10.0
 20 97 11  1 1 0.101220 10.0
 20 97 12  1 1 0.094110 10.0
 20 97 13  1 1 0.050820 10.0
 20 98 3  1 1 0.021970 10.0
 20 98 4  1 1 0.032290 10.0
 20 98 5  1 1 0.029040 10.0
 20 98 6  1 1 0.027100 10.0
 20 98 7  1 1 0.042610 10.0
 20 98 8  1 1 0.066560 10.0
 20 98 9  1 1 0.083290 10.0
 20 98 10  1 1 0.094490 10.0
 20 98 11  1 1 0.101130 10.0
 20 98 12  1 1 0.095850 10.0
 20 98 13  1 1 0.044250 10.0
 20 99 3  1 1 0.011350 10.0
 20 99 4  1 1 0.007730 10.0
 20 99 7  1 1 0.021900 10.0
 20 99 8  1 1 0.058560 10.0
 20 99 9  1 1 0.074990 10.0
 20 99 10  1 1 0.081740 10.0
 20 99 11  1 1 0.075960 10.0
 20 100 8  1 1 0.001230 10.0
 21 1 3  1 1 0.018760 10.0
 21 1 4  1 1 0.036050 10.0
 21 1 5  1 1 0.045480 10.0
 21 1 6  1 1 0.050310 10.0
 21 1 7  1 1 0.059620 10.0
 21 1 8  1 1 0.070310 10.0
 21 1 9  1 1 0.079320 10.0
 21 1 10  1 1 0.083810 10.0
 21 1 11  1 1 0.076120 10.0
 21 1 12  1 1 0.023600 10.0
 21 2 3  1 1 0.020800 10.0
 21 2 4  1 1 0.033070 10.0
 21 2 5  1 1 0.030520 10.0
 21 2 6  1 1 0.020430 10.0
 21 2 7  1 1 0.032180 10.0
 21 2 8  1 1 0.052120 10.0
 21 2 9  1 1 0.065260 10.0
 21 2 10  1 1 0.068120 10.0
 21 2 11  1 1 0.051650 10.0
 21 3 3  1 1 0.017710 10.0
 21 3 4  1 1 0.022270 10.0
 21 3 8  1 1 0.003290 10.0
 21 3 9  1 1 0.046390 10.0
 21 3 10  1 1 0.042220 10.0
 21 4 3  1 1 0.011230 10.0
 21 4 4  1 1 0.001320 10.0
 21 5 3  1 1 0.003540 10.0
 21 5 4  1 1 0.006210 10.0
 21 6 3  1 1 0.006870 10.0
 21 6 4  1 1 0.021470 10.0
 21 6 5  1 1 0.022850 10.0
 21 7 3  1 1 0.007570 10.0
 21 7 4  1 1 0.019440 10.0
 21 8 4  1 1 0.020370 10.0
 21 9 4  1 1 0.019670 10.0
 21 9 5  1 1 0.013080 10.0
 21 10 5  1 1 0.005920 10.0
 21 23 2  1 1 0.003620 10.0
 21 23 3  1 1 0.041800 10.0
 21 23 4  1 1 0.015260 10.0
 21 24 4  1 1 0.023880 10.0
 21 27 3  1 1 0.011270 10.0
 21 27 4  1 1 0.035260 10.0
 21 27 5  1 1 0.046330 10.0
 21 27 6  1 1 0.047380 10.0
 21 27 7  1 1 0.036650 10.0
 21 27 8  1 1 0.042940 10.0
 21 27 9  1 1 0.041610 10.0
 21 28 3  1 1 0.019670 10.0
 21 28 4  1 1 0.035800 10.0
 21 28 5  1 1 0.046410 10.0
 21 28 6  1 1 0.060920 10.0
 21 28 7  1 1 0.075460 10.0
 21 28 8  1 1 0.085770 10.0
 21 28 9  1 1 0.095250 10.0
 21 28 10  1 1 0.087760 10.0
 21 28 11  1 1 0.040700 10.0
 21 29 3  1 1 0.014890 10.0
 21 29 4  1 1 0.026630 10.0
 21 29 5  1 1 0.024510 10.0
 21 29 6  1 1 0.032590 10.0
 21 29 7  1 1 0.057990 10.0
 21 29 8  1 1 0.075750 10.0
 21 29 9  1 1 0.087210 10.0
 21 29 10  1 1 0.093960 10.0
 21 29 11  1 1 0.096420 10.0
 21 29 12  1 1 0.012790 10.0
 21 30 3  1 1 0.019820 10.0
 21 30 4  1 1 0.029070 10.0
 21 30 5  1 1 0.018690 10.0
 21 30 7  1 1 0.000120 10.0
 21 30 8  1 1 0.036310 10.0
 21 30 9  1 1 0.045620 10.0
 21 30 10  1 1 0.050530 10.0
 21 30 11  1 1 0.052030 10.0
 21 31 3  1 1 0.021920 10.0
 21 31 4  1 1 0.031960 10.0
 21 31 5  1 1 0.025250 10.0
 21 32 3  1 1 0.021120 10.0
 21 32 4  1 1 0.033400 10.0
 21 32 5  1 1 0.034970 10.0
 21 32 6  1 1 0.011850 10.0
 21 33 3  1 1 0.021000 10.0
 21 33 4  1 1 0.037190 10.0
 21 33 5  1 1 0.046650 10.0
 21 33 6  1 1 0.051950 10.0
 21 33 7  1 1 0.052580 10.0
 21 34 3  1 1 0.019900 10.0
 21 34 4  1 1 0.037140 10.0
 21 34 5  1 1 0.047980 10.0
 21 34 6  1 1 0.055990 10.0
 21 34 7  1 1 0.057910 10.0
 21 34 8  1 1 0.024350 10.0
 21 35 3  1 1 0.020410 10.0
 21 35 4  1 1 0.034330 10.0
 21 35 5  1 1 0.038530 10.0
 21 35 6  1 1 0.035720 10.0
 21 35 7  1 1 0.022100 10.0
 21 36 3  1 1 0.024720 10.0
 21 36 4  1 1 0.035470 10.0
 21 36 5  1 1 0.038640 10.0
 21 37 3  1 1 0.026240 10.0
 21 37 4  1 1 0.039470 10.0
 21 37 5  1 1 0.047820 10.0
 21 37 6  1 1 0.010240 10.0
 21 37 20  1 1 0.011480 10.0
 21 37 21  1 1 0.046170 10.0
 21 37 22  1 1 0.055800 10.0
 21 37 23  1 1 0.053880 10.0
 21 37 24  1 1 0.045920 10.0
 21 37 25  1 1 0.002710 10.0
 21 38 3  1 1 0.022750 10.0
 21 38 4  1 1 0.038320 10.0
 21 38 5  1 1 0.052090 10.0
 21 38 6  1 1 0.065320 10.0
 21 38 7  1 1 0.054060 10.0
 21 38 19  1 1 0.060500 10.0
 21 38 20  1 1 0.089550 10.0
 21 38 21  1 1 0.111150 10.0
 21 38 22  1 1 0.128660 10.0
 21 38 23  1 1 0.139940 10.0
 21 38 24  1 1 0.142910 10.0
 21 38 25  1 1 0.138490 10.0
 21 38 26  1 1 0.120720 10.0
 21 38 27  1 1 0.063010 10.0
 21 39 3  1 1 0.008350 10.0
 21 39 4  1 1 0.026450 10.0
 21 39 5  1 1 0.038060 10.0
 21 39 6  1 1 0.046700 10.0
 21 39 7  1 1 0.051510 10.0
 21 39 8  1 1 0.030840 10.0
 21 39 18  1 1 0.037090 10.0
 21 39 19  1 1 0.064220 10.0
 21 39 20  1 1 0.083020 10.0
 21 39 21  1 1 0.099680 10.0
 21 39 22  1 1 0.114860 10.0
 21 39 23  1 1 0.130220 10.0
 21 39 24  1 1 0.144710 10.0
 21 39 25  1 1 0.153760 10.0
 21 39 26  1 1 0.152040 10.0
 21 39 27  1 1 0.130320 10.0
 21 39 28  1 1 0.063910 10.0
 21 40 5  1 1 0.020930 10.0
 21 40 6  1 1 0.037420 10.0
 21 40 7  1 1 0.048660 10.0
 21 40 8  1 1 0.060060 10.0
 21 40 9  1 1 0.060610 10.0
 21 40 10  1 1 0.045270 10.0
 21 40 11  1 1 0.032700 10.0
 21 40 12  1 1 0.033560 10.0
 21 40 13  1 1 0.033450 10.0
 21 40 14  1 1 0.023760 10.0
 21 40 15  1 1 0.023680 10.0
 21 40 16  1 1 0.041880 10.0
 21 40 17  1 1 0.067990 10.0
 21 40 18  1 1 0.090880 10.0
 21 40 19  1 1 0.107680 10.0
 21 40 20  1 1 0.122910 10.0
 21 40 21  1 1 0.137860 10.0
 21 40 22  1 1 0.149650 10.0
 21 40 23  1 1 0.159560 10.0
 21 40 24  1 1 0.167300 10.0
 21 40 25  1 1 0.170750 10.0
 21 40 26  1 1 0.162710 10.0
 21 40 27  1 1 0.134160 10.0
 21 40 28  1 1 0.067700 10.0
 21 41 8  1 1 0.033920 10.0
 21 41 9  1 1 0.060260 10.0
 21 41 10  1 1 0.073430 10.0
 21 41 11  1 1 0.075670 10.0
 21 41 12  1 1 0.076280 10.0
 21 41 13  1 1 0.079760 10.0
 21 41 14  1 1 0.082740 10.0
 21 41 15  1 1 0.086150 10.0
 21 41 16  1 1 0.094030 10.0
 21 41 17  1 1 0.106270 10.0
 21 41 18  1 1 0.119110 10.0
 21 41 19  1 1 0.128750 10.0
 21 41 20  1 1 0.135210 10.0
 21 41 21  1 1 0.139510 10.0
 21 41 22  1 1 0.144060 10.0
 21 41 23  1 1 0.149750 10.0
 21 41 24  1 1 0.156320 10.0
 21 41 25  1 1 0.159150 10.0
 21 41 26  1 1 0.151140 10.0
 21 41 27  1 1 0.116440 10.0
 21 41 28  1 1 0.035500 10.0
 21 41 30  1 1 0.042630 10.0
 21 41 31  1 1 0.097740 10.0
 21 41 32  1 1 0.110780 10.0
 21 41 33  1 1 0.086340 10.0
 21 42 9  1 1 0.013700 10.0
 21 42 10  1 1 0.040940 10.0
 21 42 11  1 1 0.062340 10.0
 21 42 12  1 1 0.078280 10.0
 21 42 13  1 1 0.090690 10.0
 21 42 14  1 1 0.100070 10.0
 21 42 15  1 1 0.106050 10.0
 21 42 16  1 1 0.110060 10.0
 21 42 17  1 1 0.112650 10.0
 21 42 18  1 1 0.113890 10.0
 21 42 19  1 1 0.114970 10.0
 21 42 20  1 1 0.115490 10.0
 21 42 21  1 1 0.116140 10.0
 21 42 22  1 1 0.121410 10.0
 21 42 23  1 1 0.131270 10.0
 21 42 24  1 1 0.142270 10.0
 21 42 25  1 1 0.149680 10.0
 21 42 26  1 1 0.143810 10.0
 21 42 27  1 1 0.117100 10.0
 21 42 28  1 1 0.047110 10.0
 21 42 29  1 1 0.043670 10.0
 21 42 30  1 1 0.123670 10.0
 21 42 31  1 1 0.135580 10.0
 21 42 32  1 1 0.139660 10.0
 21 42 33  1 1 0.137060 10.0
 21 42 34  1 1 0.112070 10.0
 21 43 10  1 1 0.030930 10.0
 21 43 11  1 1 0.049060 10.0
 21 43 12  1 1 0.065720 10.0
 21 43 13  1 1 0.078110 10.0
 21 43 14  1 1 0.086260 10.0
 21 43 15  1 1 0.089180 10.0
 21 43 16  1 1 0.087390 10.0
 21 43 17  1 1 0.084750 10.0
 21 43 18  1 1 0.084540 10.0
 21 43 19  1 1 0.088530 10.0
 21 43 20  1 1 0.093930 10.0
 21 43 21  1 1 0.096510 10.0
 21 43 22  1 1 0.100310 10.0
 21 43 23  1 1 0.112980 10.0
 21 43 24  1 1 0.126510 10.0
 21 43 25  1 1 0.132570 10.0
 21 43 26  1 1 0.124430 10.0
 21 43 27  1 1 0.092320 10.0
 21 43 28  1 1 0.037810 10.0
 21 43 29  1 1 0.060570 10.0
 21 43 30  1 1 0.137720 10.0
 21 43 31  1 1 0.155810 10.0
 21 43 32  1 1 0.152980 10.0
 21 43 33  1 1 0.146410 10.0
 21 43 34  1 1 0.123040 10.0
 21 43 35  1 1 0.023650 10.0
 21 44 12  1 1 0.021470 10.0
 21 44 13  1 1 0.041370 10.0
 21 44 14  1 1 0.053970 10.0
 21 44 15  1 1 0.065010 10.0
 21 44 16  1 1 0.072970 10.0
 21 44 17  1 1 0.070060 10.0
 21 44 18  1 1 0.062180 10.0
 21 44 19  1 1 0.065150 10.0
 21 44 20  1 1 0.069650 10.0
 21 44 21  1 1 0.062520 10.0
 21 44 22  1 1 0.053850 10.0
 21 44 23  1 1 0.070310 10.0
 21 44 24  1 1 0.095620 10.0
 21 44 25  1 1 0.109390 10.0
 21 44 26  1 1 0.107670 10.0
 21 44 27  1 1 0.085720 10.0
 21 44 28  1 1 0.063910 10.0
 21 44 29  1 1 0.082560 10.0
 21 44 30  1 1 0.111630 10.0
 21 44 31  1 1 0.134100 10.0
 21 44 32  1 1 0.147320 10.0
 21 44 33  1 1 0.154580 10.0
 21 44 34  1 1 0.151440 10.0
 21 44 35  1 1 0.126300 10.0
 21 44 36  1 1 0.065410 10.0
 21 45 15  1 1 0.011730 10.0
 21 45 16  1 1 0.041800 10.0
 21 45 17  1 1 0.058370 10.0
 21 45 18  1 1 0.072370 10.0
 21 45 19  1 1 0.074140 10.0
 21 45 20  1 1 0.069680 10.0
 21 45 21  1 1 0.062260 10.0
 21 45 22  1 1 0.043370 10.0
 21 45 23  1 1 0.036900 10.0
 21 45 24  1 1 0.045040 10.0
 21 45 25  1 1 0.056310 10.0
 21 45 26  1 1 0.064910 10.0
 21 45 27  1 1 0.068740 10.0
 21 45 28  1 1 0.076950 10.0
 21 45 29  1 1 0.093450 10.0
 21 45 30  1 1 0.109090 10.0
 21 45 31  1 1 0.126300 10.0
 21 45 32  1 1 0.140860 10.0
 21 45 33  1 1 0.150390 10.0
 21 45 34  1 1 0.155110 10.0
 21 45 35  1 1 0.165560 10.0
 21 46 17  1 1 0.013660 10.0
 21 46 18  1 1 0.044730 10.0
 21 46 19  1 1 0.054770 10.0
 21 46 20  1 1 0.064620 10.0
 21 46 21  1 1 0.070740 10.0
 21 46 22  1 1 0.070150 10.0
 21 46 23  1 1 0.063540 10.0
 21 46 24  1 1 0.054130 10.0
 21 46 25  1 1 0.051560 10.0
 21 46 26  1 1 0.061390 10.0
 21 46 27  1 1 0.075530 10.0
 21 46 28  1 1 0.084530 10.0
 21 46 29  1 1 0.084250 10.0
 21 46 30  1 1 0.090740 10.0
 21 46 31  1 1 0.112480 10.0
 21 46 32  1 1 0.124960 10.0
 21 46 33  1 1 0.138230 10.0
 21 46 34  1 1 0.146410 10.0
 21 47 20  1 1 0.016750 10.0
 21 47 21  1 1 0.024390 10.0
 21 47 22  1 1 0.022180 10.0
 21 47 23  1 1 0.018830 10.0
 21 47 24  1 1 0.020030 10.0
 21 47 25  1 1 0.030520 10.0
 21 47 26  1 1 0.046550 10.0
 21 47 27  1 1 0.063450 10.0
 21 47 28  1 1 0.045570 10.0
 21 48 27  1 1 0.045660 10.0
 21 49 26  1 1 0.011640 10.0
 21 49 27  1 1 0.067790 10.0
 21 49 28  1 1 0.065380 10.0
 21 49 29  1 1 0.033020 10.0
 21 49 30  1 1 0.034640 10.0
 21 49 31  1 1 0.068110 10.0
 21 49 32  1 1 0.089920 10.0
 21 49 33  1 1 0.086100 10.0
 21 50 26  1 1 0.038060 10.0
 21 50 27  1 1 0.072630 10.0
 21 50 28  1 1 0.089370 10.0
 21 50 29  1 1 0.092100 10.0
 21 50 30  1 1 0.096310 10.0
 21 50 31  1 1 0.106600 10.0
 21 50 32  1 1 0.115280 10.0
 21 50 33  1 1 0.109810 10.0
 21 50 34  1 1 0.060570 10.0
 21 51 27  1 1 0.034920 10.0
 21 51 28  1 1 0.064890 10.0
 21 51 29  1 1 0.083060 10.0
 21 51 30  1 1 0.086630 10.0
 21 51 31  1 1 0.076110 10.0
 21 51 32  1 1 0.049240 10.0
 21 62 24  1 1 0.001850 10.0
 21 62 27  1 1 0.009960 10.0
 21 63 24  1 1 0.031840 10.0
 21 63 25  1 1 0.043720 10.0
 21 63 26  1 1 0.013820 10.0
 21 64 25  1 1 0.043740 10.0
 21 64 26  1 1 0.066240 10.0
 21 64 27  1 1 0.077910 10.0
 21 64 28  1 1 0.075170 10.0
 21 64 29  1 1 0.046430 10.0
 21 65 4  1 1 0.000740 10.0
 21 65 26  1 1 0.060140 10.0
 21 65 27  1 1 0.083290 10.0
 21 65 28  1 1 0.094140 10.0
 21 65 29  1 1 0.119050 10.0
 21 65 30  1 1 0.115320 10.0
 21 65 31  1 1 0.050900 10.0
 21 66 26  1 1 0.022180 10.0
 21 66 27  1 1 0.081620 10.0
 21 66 28  1 1 0.116960 10.0
 21 66 29  1 1 0.156560 10.0
 21 66 30  1 1 0.168190 10.0
 21 67 3  1 1 0.022620 10.0
 21 67 4  1 1 0.036350 10.0
 21 67 5  1 1 0.038450 10.0
 21 68 4  1 1 0.023920 10.0
 21 68 5  1 1 0.038160 10.0
 21 68 6  1 1 0.045020 10.0
 21 69 5  1 1 0.029330 10.0
 21 69 6  1 1 0.039200 10.0
 21 70 5  1 1 0.022820 10.0
 21 70 6  1 1 0.037130 10.0
 21 70 7  1 1 0.023730 10.0
 21 71 6  1 1 0.034440 10.0
 21 71 7  1 1 0.023200 10.0
 21 72 6  1 1 0.030240 10.0
 21 72 7  1 1 0.036520 10.0
 21 73 6  1 1 0.012790 10.0
 21 73 7  1 1 0.025820 10.0
 21 85 3  1 1 0.003540 10.0
 21 85 4  1 1 0.019610 10.0
 21 86 5  1 1 0.017340 10.0
 21 86 6  1 1 0.039360 10.0
 21 87 6  1 1 0.019780 10.0
 21 87 7  1 1 0.051570 10.0
 21 90 3  1 1 0.004770 10.0
 21 90 4  1 1 0.014320 10.0
 21 91 3  1 1 0.024670 10.0
 21 91 4  1 1 0.037360 10.0
 21 91 5  1 1 0.010450 10.0
 21 92 3  1 1 0.012590 10.0
 21 92 4  1 1 0.032370 10.0
 21 92 5  1 1 0.041970 10.0
 21 92 6  1 1 0.035950 10.0
 21 93 3  1 1 0.010200 10.0
 21 93 4  1 1 0.033810 10.0
 21 93 5  1 1 0.049950 10.0
 21 93 6  1 1 0.062940 10.0
 21 93 7  1 1 0.055570 10.0
 21 94 3  1 1 0.008020 10.0
 21 94 4  1 1 0.032420 10.0
 21 94 5  1 1 0.047410 10.0
 21 94 6  1 1 0.060920 10.0
 21 94 7  1 1 0.079400 10.0
 21 94 8  1 1 0.092400 10.0
 21 94 9  1 1 0.086720 10.0
 21 94 10  1 1 0.025860 10.0
 21 95 3  1 1 0.014810 10.0
 21 95 4  1 1 0.036180 10.0
 21 95 5  1 1 0.051410 10.0
 21 95 6  1 1 0.063170 10.0
 21 95 7  1 1 0.071770 10.0
 21 95 8  1 1 0.080530 10.0
 21 95 9  1 1 0.089540 10.0
 21 95 10  1 1 0.093290 10.0
 21 95 11  1 1 0.064860 10.0
 21 96 3  1 1 0.019080 10.0
 21 96 4  1 1 0.038120 10.0
 21 96 5  1 1 0.051010 10.0
 21 96 6  1 1 0.061010 10.0
 21 96 7  1 1 0.070850 10.0
 21 96 8  1 1 0.079890 10.0
 21 96 9  1 1 0.087520 10.0
 21 96 10  1 1 0.091380 10.0
 21 96 11  1 1 0.083180 10.0
 21 96 12  1 1 0.028410 10.0
 21 97 3  1 1 0.018760 10.0
 21 97 4  1 1 0.036050 10.0
 21 97 5  1 1 0.045480 10.0
 21 97 6  1 1 0.050310 10.0
 21 97 7  1 1 0.059620 10.0
 21 97 8  1 1 0.070310 10.0
 21 97 9  1 1 0.079320 10.0
 21 97 10  1 1 0.083810 10.0
 21 97 11  1 1 0.076120 10.0
 21 97 12  1 1 0.023600 10.0
 21 98 3  1 1 0.020800 10.0
 21 98 4  1 1 0.033070 10.0
 21 98 5  1 1 0.030520 10.0
 21 98 6  1 1 0.020430 10.0
 21 98 7  1 1 0.032180 10.0
 21 98 8  1 1 0.052120 10.0
 21 98 9  1 1 0.065260 10.0
 21 98 10  1 1 0.068120 10.0
 21 98 11  1 1 0.051650 10.0
 21 99 3  1 1 0.017710 10.0
 21 99 4  1 1 0.022270 10.0
 21 99 8  1 1 0.003290 10.0
 21 99 9  1 1 0.046390 10.0
 21 99 10  1 1 0.042220 10.0
 21 100 3  1 1 0.011230 10.0
 21 100 4  1 1 0.001320 10.0
 22 1 3  1 1 0.016990 10.0
 22 1 4  1 1 0.034280 10.0
 22 1 5  1 1 0.042740 10.0
 22 1 6  1 1 0.047710 10.0
 22 1 7  1 1 0.053910 10.0
 22 1 8  1 1 0.056900 10.0
 22 1 9  1 1 0.056900 10.0
 22 1 10  1 1 0.032530 10.0
 22 2 3  1 1 0.017490 10.0
 22 2 4  1 1 0.029970 10.0
 22 2 5  1 1 0.024740 10.0
 22 2 6  1 1 0.009960 10.0
 22 2 7  1 1 0.012840 10.0
 22 3 3  1 1 0.017070 10.0
 22 3 4  1 1 0.022690 10.0
 22 4 3  1 1 0.016310 10.0
 22 4 4  1 1 0.017260 10.0
 22 5 3  1 1 0.015300 10.0
 22 5 4  1 1 0.022340 10.0
 22 6 3  1 1 0.006870 10.0
 22 6 4  1 1 0.019780 10.0
 22 6 5  1 1 0.007650 10.0
 22 8 4  1 1 0.019780 10.0
 22 8 5  1 1 0.013950 10.0
 22 23 2  1 1 0.003330 10.0
 22 23 3  1 1 0.039620 10.0
 22 23 4  1 1 0.045130 10.0
 22 24 4  1 1 0.003040 10.0
 22 24 5  1 1 0.012140 10.0
 22 27 3  1 1 0.003290 10.0
 22 27 4  1 1 0.026860 10.0
 22 27 5  1 1 0.038390 10.0
 22 27 6  1 1 0.046230 10.0
 22 27 7  1 1 0.046650 10.0
 22 28 3  1 1 0.018750 10.0
 22 28 4  1 1 0.035340 10.0
 22 28 5  1 1 0.049610 10.0
 22 28 6  1 1 0.064430 10.0
 22 28 7  1 1 0.074650 10.0
 22 28 8  1 1 0.070800 10.0
 22 29 3  1 1 0.005720 10.0
 22 29 4  1 1 0.018150 10.0
 22 29 5  1 1 0.022970 10.0
 22 29 6  1 1 0.037920 10.0
 22 29 7  1 1 0.052520 10.0
 22 29 8  1 1 0.046140 10.0
 22 30 3  1 1 0.017180 10.0
 22 30 4  1 1 0.026800 10.0
 22 30 5  1 1 0.010330 10.0
 22 31 3  1 1 0.023460 10.0
 22 31 4  1 1 0.034050 10.0
 22 31 5  1 1 0.031420 10.0
 22 32 3  1 1 0.024240 10.0
 22 32 4  1 1 0.038000 10.0
 22 32 5  1 1 0.043060 10.0
 22 32 6  1 1 0.038790 10.0
 22 33 3  1 1 0.023100 10.0
 22 33 4  1 1 0.038900 10.0
 22 33 5  1 1 0.048770 10.0
 22 33 6  1 1 0.054040 10.0
 22 33 7  1 1 0.055480 10.0
 22 34 3  1 1 0.022130 10.0
 22 34 4  1 1 0.037640 10.0
 22 34 5  1 1 0.047310 10.0
 22 34 6  1 1 0.054830 10.0
 22 34 7  1 1 0.055370 10.0
 22 34 8  1 1 0.033250 10.0
 22 35 3  1 1 0.021530 10.0
 22 35 4  1 1 0.034120 10.0
 22 35 5  1 1 0.035720 10.0
 22 35 6  1 1 0.027540 10.0
 22 35 7  1 1 0.028260 10.0
 22 36 3  1 1 0.023790 10.0
 22 36 4  1 1 0.032930 10.0
 22 36 5  1 1 0.026360 10.0
 22 37 3  1 1 0.026060 10.0
 22 37 4  1 1 0.039630 10.0
 22 37 5  1 1 0.046140 10.0
 22 37 6  1 1 0.041940 10.0
 22 37 20  1 1 0.026180 10.0
 22 37 21  1 1 0.063600 10.0
 22 37 22  1 1 0.048500 10.0
 22 38 3  1 1 0.020540 10.0
 22 38 4  1 1 0.038210 10.0
 22 38 5  1 1 0.052540 10.0
 22 38 6  1 1 0.059340 10.0
 22 38 7  1 1 0.051670 10.0
 22 38 18  1 1 0.001230 10.0
 22 38 19  1 1 0.051850 10.0
 22 38 20  1 1 0.079000 10.0
 22 38 21  1 1 0.100410 10.0
 22 38 22  1 1 0.117130 10.0
 22 38 23  1 1 0.120160 10.0
 22 38 24  1 1 0.092820 10.0
 22 38 25  1 1 0.038450 10.0
 22 39 4  1 1 0.026570 10.0
 22 39 5  1 1 0.043760 10.0
 22 39 6  1 1 0.051540 10.0
 22 39 7  1 1 0.054630 10.0
 22 39 17  1 1 0.029300 10.0
 22 39 18  1 1 0.056520 10.0
 22 39 19  1 1 0.075280 10.0
 22 39 20  1 1 0.090620 10.0
 22 39 21  1 1 0.103430 10.0
 22 39 22  1 1 0.115090 10.0
 22 39 23  1 1 0.128780 10.0
 22 39 24  1 1 0.139900 10.0
 22 39 25  1 1 0.140260 10.0
 22 39 26  1 1 0.119240 10.0
 22 39 27  1 1 0.061630 10.0
 22 39 29  1 1 0.041430 10.0
 22 39 30  1 1 0.106110 10.0
 22 39 31  1 1 0.131740 10.0
 22 39 32  1 1 0.101210 10.0
 22 40 4  1 1 0.005020 10.0
 22 40 5  1 1 0.035210 10.0
 22 40 6  1 1 0.052600 10.0
 22 40 7  1 1 0.060440 10.0
 22 40 8  1 1 0.050990 10.0
 22 40 16  1 1 0.013410 10.0
 22 40 17  1 1 0.048390 10.0
 22 40 18  1 1 0.072830 10.0
 22 40 19  1 1 0.093560 10.0
 22 40 20  1 1 0.111840 10.0
 22 40 21  1 1 0.125980 10.0
 22 40 22  1 1 0.136300 10.0
 22 40 23  1 1 0.144960 10.0
 22 40 24  1 1 0.151120 10.0
 22 40 25  1 1 0.154110 10.0
 22 40 26  1 1 0.148690 10.0
 22 40 27  1 1 0.124560 10.0
 22 40 28  1 1 0.079190 10.0
 22 40 29  1 1 0.063090 10.0
 22 40 30  1 1 0.123780 10.0
 22 40 31  1 1 0.133390 10.0
 22 40 32  1 1 0.091990 10.0
 22 41 5  1 1 0.003130 10.0
 22 41 6  1 1 0.043120 10.0
 22 41 7  1 1 0.062160 10.0
 22 41 8  1 1 0.063680 10.0
 22 41 9  1 1 0.033350 10.0
 22 41 15  1 1 0.026140 10.0
 22 41 16  1 1 0.057950 10.0
 22 41 17  1 1 0.085600 10.0
 22 41 18  1 1 0.107050 10.0
 22 41 19  1 1 0.122040 10.0
 22 41 20  1 1 0.130910 10.0
 22 41 21  1 1 0.135070 10.0
 22 41 22  1 1 0.135340 10.0
 22 41 23  1 1 0.133520 10.0
 22 41 24  1 1 0.134050 10.0
 22 41 25  1 1 0.138150 10.0
 22 41 26  1 1 0.142010 10.0
 22 41 27  1 1 0.125750 10.0
 22 41 28  1 1 0.078670 10.0
 22 41 29  1 1 0.052180 10.0
 22 41 30  1 1 0.090100 10.0
 22 41 31  1 1 0.127750 10.0
 22 41 32  1 1 0.138480 10.0
 22 41 33  1 1 0.119740 10.0
 22 42 7  1 1 0.026180 10.0
 22 42 8  1 1 0.048230 10.0
 22 42 9  1 1 0.061330 10.0
 22 42 10  1 1 0.067040 10.0
 22 42 11  1 1 0.062990 10.0
 22 42 12  1 1 0.052810 10.0
 22 42 13  1 1 0.051430 10.0
 22 42 14  1 1 0.063910 10.0
 22 42 15  1 1 0.084430 10.0
 22 42 16  1 1 0.103550 10.0
 22 42 17  1 1 0.117190 10.0
 22 42 18  1 1 0.126040 10.0
 22 42 19  1 1 0.131120 10.0
 22 42 20  1 1 0.134420 10.0
 22 42 21  1 1 0.137650 10.0
 22 42 22  1 1 0.142190 10.0
 22 42 23  1 1 0.147470 10.0
 22 42 24  1 1 0.151100 10.0
 22 42 25  1 1 0.152710 10.0
 22 42 26  1 1 0.149930 10.0
 22 42 27  1 1 0.136070 10.0
 22 42 28  1 1 0.101910 10.0
 22 42 29  1 1 0.082360 10.0
 22 42 30  1 1 0.100640 10.0
 22 42 31  1 1 0.124490 10.0
 22 42 32  1 1 0.147250 10.0
 22 42 33  1 1 0.164740 10.0
 22 42 34  1 1 0.162640 10.0
 22 42 35  1 1 0.111010 10.0
 22 43 8  1 1 0.020470 10.0
 22 43 9  1 1 0.043740 10.0
 22 43 10  1 1 0.060020 10.0
 22 43 11  1 1 0.071670 10.0
 22 43 12  1 1 0.080290 10.0
 22 43 13  1 1 0.087610 10.0
 22 43 14  1 1 0.095770 10.0
 22 43 15  1 1 0.104070 10.0
 22 43 16  1 1 0.111120 10.0
 22 43 17  1 1 0.115070 10.0
 22 43 18  1 1 0.110900 10.0
 22 43 19  1 1 0.099030 10.0
 22 43 20  1 1 0.092430 10.0
 22 43 21  1 1 0.094370 10.0
 22 43 22  1 1 0.102340 10.0
 22 43 23  1 1 0.114880 10.0
 22 43 24  1 1 0.128990 10.0
 22 43 25  1 1 0.142520 10.0
 22 43 26  1 1 0.148490 10.0
 22 43 27  1 1 0.141610 10.0
 22 43 28  1 1 0.118950 10.0
 22 43 29  1 1 0.104960 10.0
 22 43 30  1 1 0.118690 10.0
 22 43 31  1 1 0.134680 10.0
 22 43 32  1 1 0.150870 10.0
 22 43 33  1 1 0.166660 10.0
 22 43 34  1 1 0.159250 10.0
 22 44 9  1 1 0.002550 10.0
 22 44 10  1 1 0.030690 10.0
 22 44 11  1 1 0.044370 10.0
 22 44 12  1 1 0.058180 10.0
 22 44 13  1 1 0.074600 10.0
 22 44 14  1 1 0.092530 10.0
 22 44 15  1 1 0.108150 10.0
 22 44 16  1 1 0.114720 10.0
 22 44 17  1 1 0.101740 10.0
 22 44 18  1 1 0.064750 10.0
 22 44 19  1 1 0.046880 10.0
 22 44 20  1 1 0.054810 10.0
 22 44 21  1 1 0.066590 10.0
 22 44 22  1 1 0.075440 10.0
 22 44 23  1 1 0.087690 10.0
 22 44 24  1 1 0.101680 10.0
 22 44 25  1 1 0.117540 10.0
 22 44 26  1 1 0.130690 10.0
 22 44 27  1 1 0.133680 10.0
 22 44 28  1 1 0.125610 10.0
 22 44 29  1 1 0.119720 10.0
 22 44 30  1 1 0.124120 10.0
 22 44 31  1 1 0.135630 10.0
 22 44 32  1 1 0.150690 10.0
 22 44 33  1 1 0.166180 10.0
 22 44 34  1 1 0.173250 10.0
 22 44 35  1 1 0.153640 10.0
 22 44 36  1 1 0.042760 10.0
 22 45 12  1 1 0.013410 10.0
 22 45 13  1 1 0.040930 10.0
 22 45 14  1 1 0.071190 10.0
 22 45 15  1 1 0.093230 10.0
 22 45 16  1 1 0.089800 10.0
 22 45 17  1 1 0.060180 10.0
 22 45 18  1 1 0.048120 10.0
 22 45 19  1 1 0.056420 10.0
 22 45 20  1 1 0.066430 10.0
 22 45 21  1 1 0.072290 10.0
 22 45 22  1 1 0.072470 10.0
 22 45 23  1 1 0.077320 10.0
 22 45 24  1 1 0.090150 10.0
 22 45 25  1 1 0.105440 10.0
 22 45 26  1 1 0.116090 10.0
 22 45 27  1 1 0.122090 10.0
 22 45 28  1 1 0.125110 10.0
 22 45 29  1 1 0.129540 10.0
 22 45 30  1 1 0.136040 10.0
 22 45 31  1 1 0.146200 10.0
 22 45 32  1 1 0.157830 10.0
 22 45 33  1 1 0.170650 10.0
 22 45 34  1 1 0.172520 10.0
 22 45 35  1 1 0.165340 10.0
 22 46 20  1 1 0.024390 10.0
 22 46 21  1 1 0.057100 10.0
 22 46 22  1 1 0.073710 10.0
 22 46 23  1 1 0.076220 10.0
 22 46 24  1 1 0.073830 10.0
 22 46 25  1 1 0.080480 10.0
 22 46 26  1 1 0.092840 10.0
 22 46 27  1 1 0.104140 10.0
 22 46 28  1 1 0.114050 10.0
 22 46 29  1 1 0.121480 10.0
 22 46 30  1 1 0.130330 10.0
 22 46 31  1 1 0.145340 10.0
 22 46 32  1 1 0.160250 10.0
 22 46 33  1 1 0.164550 10.0
 22 46 34  1 1 0.141830 10.0
 22 47 21  1 1 0.019930 10.0
 22 47 22  1 1 0.049190 10.0
 22 47 23  1 1 0.061820 10.0
 22 47 24  1 1 0.066020 10.0
 22 47 25  1 1 0.066840 10.0
 22 47 26  1 1 0.073340 10.0
 22 47 27  1 1 0.087450 10.0
 22 47 28  1 1 0.089420 10.0
 22 47 29  1 1 0.073130 10.0
 22 47 30  1 1 0.047180 10.0
 22 47 31  1 1 0.034880 10.0
 22 47 32  1 1 0.009910 10.0
 22 48 22  1 1 0.024720 10.0
 22 48 23  1 1 0.017960 10.0
 22 48 26  1 1 0.041480 10.0
 22 48 27  1 1 0.060610 10.0
 22 49 26  1 1 0.033250 10.0
 22 49 27  1 1 0.071310 10.0
 22 49 28  1 1 0.067840 10.0
 22 49 29  1 1 0.026630 10.0
 22 49 31  1 1 0.044640 10.0
 22 49 32  1 1 0.095080 10.0
 22 49 33  1 1 0.066800 10.0
 22 50 26  1 1 0.029010 10.0
 22 50 27  1 1 0.065320 10.0
 22 50 28  1 1 0.087920 10.0
 22 50 29  1 1 0.090880 10.0
 22 50 30  1 1 0.091940 10.0
 22 50 31  1 1 0.105390 10.0
 22 50 32  1 1 0.124730 10.0
 22 50 33  1 1 0.137020 10.0
 22 50 34  1 1 0.147590 10.0
 22 50 35  1 1 0.195970 10.0
 22 51 26  1 1 0.036580 10.0
 22 51 27  1 1 0.072460 10.0
 22 51 28  1 1 0.098090 10.0
 22 51 29  1 1 0.112060 10.0
 22 51 30  1 1 0.121480 10.0
 22 51 31  1 1 0.130060 10.0
 22 51 32  1 1 0.141030 10.0
 22 51 33  1 1 0.154460 10.0
 22 51 34  1 1 0.130410 10.0
 22 52 26  1 1 0.031190 10.0
 22 52 27  1 1 0.076240 10.0
 22 52 28  1 1 0.101550 10.0
 22 52 29  1 1 0.116560 10.0
 22 52 30  1 1 0.129490 10.0
 22 52 31  1 1 0.103060 10.0
 22 52 32  1 1 0.049760 10.0
 22 53 23  1 1 0.028290 10.0
 22 53 24  1 1 0.044420 10.0
 22 53 25  1 1 0.044900 10.0
 22 53 26  1 1 0.044780 10.0
 22 53 27  1 1 0.055500 10.0
 22 53 28  1 1 0.069110 10.0
 22 53 29  1 1 0.044280 10.0
 22 54 23  1 1 0.000170 10.0
 22 54 24  1 1 0.016510 10.0
 22 54 25  1 1 0.019320 10.0
 22 58 19  1 1 0.008350 10.0
 22 60 24  1 1 0.024920 10.0
 22 60 25  1 1 0.059560 10.0
 22 60 26  1 1 0.044690 10.0
 22 61 24  1 1 0.012960 10.0
 22 61 25  1 1 0.055070 10.0
 22 61 26  1 1 0.083040 10.0
 22 61 27  1 1 0.086510 10.0
 22 61 28  1 1 0.046270 10.0
 22 62 24  1 1 0.017520 10.0
 22 62 25  1 1 0.057310 10.0
 22 62 26  1 1 0.081670 10.0
 22 62 27  1 1 0.111860 10.0
 22 62 28  1 1 0.128220 10.0
 22 62 29  1 1 0.127970 10.0
 22 63 24  1 1 0.025600 10.0
 22 63 25  1 1 0.052920 10.0
 22 63 26  1 1 0.070640 10.0
 22 63 27  1 1 0.087170 10.0
 22 63 28  1 1 0.080170 10.0
 22 64 3  1 1 0.003700 10.0
 22 64 4  1 1 0.004850 10.0
 22 64 25  1 1 0.037740 10.0
 22 64 26  1 1 0.078050 10.0
 22 64 27  1 1 0.096430 10.0
 22 64 28  1 1 0.097220 10.0
 22 64 29  1 1 0.071720 10.0
 22 64 30  1 1 0.072980 10.0
 22 65 26  1 1 0.077170 10.0
 22 65 27  1 1 0.107630 10.0
 22 65 28  1 1 0.114220 10.0
 22 65 29  1 1 0.103300 10.0
 22 65 30  1 1 0.086310 10.0
 22 65 31  1 1 0.024920 10.0
 22 66 27  1 1 0.066270 10.0
 22 66 28  1 1 0.120590 10.0
 22 66 29  1 1 0.132380 10.0
 22 66 30  1 1 0.099240 10.0
 22 66 31  1 1 0.089330 10.0
 22 67 3  1 1 0.026040 10.0
 22 67 4  1 1 0.040600 10.0
 22 67 5  1 1 0.041440 10.0
 22 68 4  1 1 0.031160 10.0
 22 68 5  1 1 0.046520 10.0
 22 68 6  1 1 0.046450 10.0
 22 69 4  1 1 0.011890 10.0
 22 69 5  1 1 0.037860 10.0
 22 69 6  1 1 0.045410 10.0
 22 69 7  1 1 0.033490 10.0
 22 70 5  1 1 0.033360 10.0
 22 70 6  1 1 0.045960 10.0
 22 70 7  1 1 0.034980 10.0
 22 71 6  1 1 0.040820 10.0
 22 71 7  1 1 0.044150 10.0
 22 72 6  1 1 0.034570 10.0
 22 72 7  1 1 0.054470 10.0
 22 73 6  1 1 0.032210 10.0
 22 73 7  1 1 0.043010 10.0
 22 74 6  1 1 0.008270 10.0
 22 74 7  1 1 0.014690 10.0
 22 85 3  1 1 0.025460 10.0
 22 85 4  1 1 0.042710 10.0
 22 86 5  1 1 0.046140 10.0
 22 86 6  1 1 0.040370 10.0
 22 87 6  1 1 0.035260 10.0
 22 87 7  1 1 0.031280 10.0
 22 91 3  1 1 0.001890 10.0
 22 92 3  1 1 0.027540 10.0
 22 92 4  1 1 0.032830 10.0
 22 93 3  1 1 0.016220 10.0
 22 93 4  1 1 0.032940 10.0
 22 93 5  1 1 0.038670 10.0
 22 93 6  1 1 0.039730 10.0
 22 94 4  1 1 0.031130 10.0
 22 94 5  1 1 0.050100 10.0
 22 94 6  1 1 0.064840 10.0
 22 94 7  1 1 0.077080 10.0
 22 94 8  1 1 0.068280 10.0
 22 95 3  1 1 0.014360 10.0
 22 95 4  1 1 0.035750 10.0
 22 95 5  1 1 0.050650 10.0
 22 95 6  1 1 0.063150 10.0
 22 95 7  1 1 0.074090 10.0
 22 95 8  1 1 0.082560 10.0
 22 95 9  1 1 0.073760 10.0
 22 95 10  1 1 0.003040 10.0
 22 96 3  1 1 0.015550 10.0
 22 96 4  1 1 0.035130 10.0
 22 96 5  1 1 0.047310 10.0
 22 96 6  1 1 0.056190 10.0
 22 96 7  1 1 0.065040 10.0
 22 96 8  1 1 0.074580 10.0
 22 96 9  1 1 0.076450 10.0
 22 96 10  1 1 0.052960 10.0
 22 97 3  1 1 0.016990 10.0
 22 97 4  1 1 0.034280 10.0
 22 97 5  1 1 0.042740 10.0
 22 97 6  1 1 0.047710 10.0
 22 97 7  1 1 0.053910 10.0
 22 97 8  1 1 0.056900 10.0
 22 97 9  1 1 0.056900 10.0
 22 97 10  1 1 0.032530 10.0
 22 98 3  1 1 0.017490 10.0
 22 98 4  1 1 0.029970 10.0
 22 98 5  1 1 0.024740 10.0
 22 98 6  1 1 0.009960 10.0
 22 98 7  1 1 0.012840 10.0
 22 99 3  1 1 0.017070 10.0
 22 99 4  1 1 0.022690 10.0
 22 100 3  1 1 0.016310 10.0
 22 100 4  1 1 0.017260 10.0
 23 1 3  1 1 0.017520 10.0
 23 1 4  1 1 0.033410 10.0
 23 1 5  1 1 0.039870 10.0
 23 1 6  1 1 0.042710 10.0
 23 1 7  1 1 0.039660 10.0
 23 2 3  1 1 0.011110 10.0
 23 2 4  1 1 0.023760 10.0
 23 2 5  1 1 0.011310 10.0
 23 3 3  1 1 0.013820 10.0
 23 3 4  1 1 0.020100 10.0
 23 4 3  1 1 0.014730 10.0
 23 4 4  1 1 0.020380 10.0
 23 5 3  1 1 0.013740 10.0
 23 5 4  1 1 0.026250 10.0
 23 6 4  1 1 0.017340 10.0
 23 8 4  1 1 0.004530 10.0
 23 22 3  1 1 0.024270 10.0
 23 22 4  1 1 0.000700 10.0
 23 23 2  1 1 0.001440 10.0
 23 23 3  1 1 0.035130 10.0
 23 23 4  1 1 0.045830 10.0
 23 23 5  1 1 0.033120 10.0
 23 27 4  1 1 0.018110 10.0
 23 27 5  1 1 0.018620 10.0
 23 27 6  1 1 0.006460 10.0
 23 28 3  1 1 0.020440 10.0
 23 28 4  1 1 0.038220 10.0
 23 28 5  1 1 0.051690 10.0
 23 28 6  1 1 0.056750 10.0
 23 28 7  1 1 0.053870 10.0
 23 29 3  1 1 0.000210 10.0
 23 29 4  1 1 0.018350 10.0
 23 29 5  1 1 0.032970 10.0
 23 29 6  1 1 0.045690 10.0
 23 29 7  1 1 0.036030 10.0
 23 30 3  1 1 0.010280 10.0
 23 30 4  1 1 0.021560 10.0
 23 30 5  1 1 0.010240 10.0
 23 31 3  1 1 0.020200 10.0
 23 31 4  1 1 0.032290 10.0
 23 31 5  1 1 0.031530 10.0
 23 32 3  1 1 0.024130 10.0
 23 32 4  1 1 0.037400 10.0
 23 32 5  1 1 0.043140 10.0
 23 32 6  1 1 0.037850 10.0
 23 33 3  1 1 0.024240 10.0
 23 33 4  1 1 0.039220 10.0
 23 33 5  1 1 0.048660 10.0
 23 33 6  1 1 0.052240 10.0
 23 33 7  1 1 0.045660 10.0
 23 34 3  1 1 0.022430 10.0
 23 34 4  1 1 0.036300 10.0
 23 34 5  1 1 0.043960 10.0
 23 34 6  1 1 0.050610 10.0
 23 34 7  1 1 0.052370 10.0
 23 35 3  1 1 0.020380 10.0
 23 35 4  1 1 0.028440 10.0
 23 35 5  1 1 0.021640 10.0
 23 35 6  1 1 0.032940 10.0
 23 36 3  1 1 0.023140 10.0
 23 36 4  1 1 0.028410 10.0
 23 36 5  1 1 0.002670 10.0
 23 37 2  1 1 0.002060 10.0
 23 37 3  1 1 0.027850 10.0
 23 37 4  1 1 0.039790 10.0
 23 37 5  1 1 0.045940 10.0
 23 38 3  1 1 0.024170 10.0
 23 38 4  1 1 0.041820 10.0
 23 38 5  1 1 0.054330 10.0
 23 38 6  1 1 0.061060 10.0
 23 38 7  1 1 0.023410 10.0
 23 38 19  1 1 0.020600 10.0
 23 38 20  1 1 0.049040 10.0
 23 38 21  1 1 0.077930 10.0
 23 38 22  1 1 0.101030 10.0
 23 38 23  1 1 0.104290 10.0
 23 38 24  1 1 0.071980 10.0
 23 38 29  1 1 0.087450 10.0
 23 38 30  1 1 0.138140 10.0
 23 38 31  1 1 0.137950 10.0
 23 39 3  1 1 0.007490 10.0
 23 39 4  1 1 0.034170 10.0
 23 39 5  1 1 0.047850 10.0
 23 39 6  1 1 0.054430 10.0
 23 39 7  1 1 0.035650 10.0
 23 39 17  1 1 0.022020 10.0
 23 39 18  1 1 0.036230 10.0
 23 39 19  1 1 0.048120 10.0
 23 39 20  1 1 0.059120 10.0
 23 39 21  1 1 0.068850 10.0
 23 39 22  1 1 0.078320 10.0
 23 39 23  1 1 0.093850 10.0
 23 39 24  1 1 0.114510 10.0
 23 39 25  1 1 0.121940 10.0
 23 39 26  1 1 0.101710 10.0
 23 39 27  1 1 0.043890 10.0
 23 39 28  1 1 0.011270 10.0
 23 39 29  1 1 0.073210 10.0
 23 39 30  1 1 0.108010 10.0
 23 39 31  1 1 0.119050 10.0
 23 39 32  1 1 0.131960 10.0
 23 40 4  1 1 0.021930 10.0
 23 40 5  1 1 0.038610 10.0
 23 40 6  1 1 0.047090 10.0
 23 40 7  1 1 0.018790 10.0
 23 40 17  1 1 0.022720 10.0
 23 40 18  1 1 0.037450 10.0
 23 40 19  1 1 0.046940 10.0
 23 40 20  1 1 0.055700 10.0
 23 40 21  1 1 0.066940 10.0
 23 40 22  1 1 0.079830 10.0
 23 40 23  1 1 0.094860 10.0
 23 40 24  1 1 0.109240 10.0
 23 40 25  1 1 0.122720 10.0
 23 40 26  1 1 0.129080 10.0
 23 40 27  1 1 0.119390 10.0
 23 40 28  1 1 0.098650 10.0
 23 40 29  1 1 0.095330 10.0
 23 40 30  1 1 0.111540 10.0
 23 40 31  1 1 0.122530 10.0
 23 40 32  1 1 0.115760 10.0
 23 41 5  1 1 0.018590 10.0
 23 41 6  1 1 0.006340 10.0
 23 41 15  1 1 0.031960 10.0
 23 41 16  1 1 0.064260 10.0
 23 41 17  1 1 0.085900 10.0
 23 41 18  1 1 0.097470 10.0
 23 41 19  1 1 0.100450 10.0
 23 41 20  1 1 0.095680 10.0
 23 41 21  1 1 0.088870 10.0
 23 41 22  1 1 0.085380 10.0
 23 41 23  1 1 0.087740 10.0
 23 41 24  1 1 0.097510 10.0
 23 41 25  1 1 0.113450 10.0
 23 41 26  1 1 0.128060 10.0
 23 41 27  1 1 0.127510 10.0
 23 41 28  1 1 0.106870 10.0
 23 41 29  1 1 0.094470 10.0
 23 41 30  1 1 0.103630 10.0
 23 41 31  1 1 0.123330 10.0
 23 41 32  1 1 0.134860 10.0
 23 41 33  1 1 0.127630 10.0
 23 41 34  1 1 0.081320 10.0
 23 42 5  1 1 0.008230 10.0
 23 42 6  1 1 0.029790 10.0
 23 42 7  1 1 0.040340 10.0
 23 42 8  1 1 0.038120 10.0
 23 42 9  1 1 0.025250 10.0
 23 42 13  1 1 0.027660 10.0
 23 42 14  1 1 0.044490 10.0
 23 42 15  1 1 0.065940 10.0
 23 42 16  1 1 0.092280 10.0
 23 42 17  1 1 0.109080 10.0
 23 42 18  1 1 0.117130 10.0
 23 42 19  1 1 0.119380 10.0
 23 42 20  1 1 0.119540 10.0
 23 42 21  1 1 0.119350 10.0
 23 42 22  1 1 0.118980 10.0
 23 42 23  1 1 0.119320 10.0
 23 42 24  1 1 0.122250 10.0
 23 42 25  1 1 0.127400 10.0
 23 42 26  1 1 0.133360 10.0
 23 42 27  1 1 0.136210 10.0
 23 42 28  1 1 0.129160 10.0
 23 42 29  1 1 0.120750 10.0
 23 42 30  1 1 0.122800 10.0
 23 42 31  1 1 0.134540 10.0
 23 42 32  1 1 0.149130 10.0
 23 42 33  1 1 0.157890 10.0
 23 42 34  1 1 0.157010 10.0
 23 42 35  1 1 0.141260 10.0
 23 43 6  1 1 0.022740 10.0
 23 43 7  1 1 0.039150 10.0
 23 43 8  1 1 0.051390 10.0
 23 43 9  1 1 0.060600 10.0
 23 43 10  1 1 0.066290 10.0
 23 43 11  1 1 0.072510 10.0
 23 43 12  1 1 0.081290 10.0
 23 43 13  1 1 0.091240 10.0
 23 43 14  1 1 0.101000 10.0
 23 43 15  1 1 0.110650 10.0
 23 43 16  1 1 0.119320 10.0
 23 43 17  1 1 0.121400 10.0
 23 43 18  1 1 0.111100 10.0
 23 43 19  1 1 0.090590 10.0
 23 43 20  1 1 0.077100 10.0
 23 43 21  1 1 0.076790 10.0
 23 43 22  1 1 0.085430 10.0
 23 43 23  1 1 0.096570 10.0
 23 43 24  1 1 0.109080 10.0
 23 43 25  1 1 0.123040 10.0
 23 43 26  1 1 0.136970 10.0
 23 43 27  1 1 0.146260 10.0
 23 43 28  1 1 0.148630 10.0
 23 43 29  1 1 0.146270 10.0
 23 43 30  1 1 0.147080 10.0
 23 43 31  1 1 0.152320 10.0
 23 43 32  1 1 0.162450 10.0
 23 43 33  1 1 0.169680 10.0
 23 43 34  1 1 0.162270 10.0
 23 43 35  1 1 0.118870 10.0
 23 44 6  1 1 0.016510 10.0
 23 44 7  1 1 0.032860 10.0
 23 44 8  1 1 0.045160 10.0
 23 44 9  1 1 0.058410 10.0
 23 44 10  1 1 0.069880 10.0
 23 44 11  1 1 0.078640 10.0
 23 44 12  1 1 0.086140 10.0
 23 44 13  1 1 0.095470 10.0
 23 44 14  1 1 0.107220 10.0
 23 44 15  1 1 0.116910 10.0
 23 44 16  1 1 0.119730 10.0
 23 44 17  1 1 0.108110 10.0
 23 44 18  1 1 0.074060 10.0
 23 44 19  1 1 0.036130 10.0
 23 44 20  1 1 0.027850 10.0
 23 44 21  1 1 0.043290 10.0
 23 44 22  1 1 0.061190 10.0
 23 44 23  1 1 0.076670 10.0
 23 44 24  1 1 0.090470 10.0
 23 44 25  1 1 0.104430 10.0
 23 44 26  1 1 0.120410 10.0
 23 44 27  1 1 0.135490 10.0
 23 44 28  1 1 0.145730 10.0
 23 44 29  1 1 0.151210 10.0
 23 44 30  1 1 0.156340 10.0
 23 44 31  1 1 0.164370 10.0
 23 44 32  1 1 0.174090 10.0
 23 44 33  1 1 0.180660 10.0
 23 44 34  1 1 0.178830 10.0
 23 44 35  1 1 0.167040 10.0
 23 45 10  1 1 0.031620 10.0
 23 45 11  1 1 0.049650 10.0
 23 45 12  1 1 0.067670 10.0
 23 45 13  1 1 0.085990 10.0
 23 45 14  1 1 0.102310 10.0
 23 45 15  1 1 0.114230 10.0
 23 45 16  1 1 0.120750 10.0
 23 45 17  1 1 0.116290 10.0
 23 45 18  1 1 0.096060 10.0
 23 45 19  1 1 0.065210 10.0
 23 45 20  1 1 0.052290 10.0
 23 45 21  1 1 0.061040 10.0
 23 45 22  1 1 0.074360 10.0
 23 45 23  1 1 0.086140 10.0
 23 45 24  1 1 0.097100 10.0
 23 45 25  1 1 0.107830 10.0
 23 45 26  1 1 0.118440 10.0
 23 45 27  1 1 0.129600 10.0
 23 45 28  1 1 0.140110 10.0
 23 45 29  1 1 0.149660 10.0
 23 45 30  1 1 0.158680 10.0
 23 45 31  1 1 0.166810 10.0
 23 45 32  1 1 0.174210 10.0
 23 45 33  1 1 0.177930 10.0
 23 45 34  1 1 0.176610 10.0
 23 45 35  1 1 0.151810 10.0
 23 46 13  1 1 0.051170 10.0
 23 46 14  1 1 0.076360 10.0
 23 46 15  1 1 0.090910 10.0
 23 46 16  1 1 0.094300 10.0
 23 46 17  1 1 0.072720 10.0
 23 46 18  1 1 0.018010 10.0
 23 46 21  1 1 0.025160 10.0
 23 46 22  1 1 0.059520 10.0
 23 46 23  1 1 0.075790 10.0
 23 46 24  1 1 0.082940 10.0
 23 46 25  1 1 0.090620 10.0
 23 46 26  1 1 0.102600 10.0
 23 46 27  1 1 0.117360 10.0
 23 46 28  1 1 0.127940 10.0
 23 46 29  1 1 0.133960 10.0
 23 46 30  1 1 0.144170 10.0
 23 46 31  1 1 0.160860 10.0
 23 46 32  1 1 0.170880 10.0
 23 46 33  1 1 0.159670 10.0
 23 46 34  1 1 0.064880 10.0
 23 47 21  1 1 0.010490 10.0
 23 47 22  1 1 0.052640 10.0
 23 47 23  1 1 0.072890 10.0
 23 47 24  1 1 0.084580 10.0
 23 47 25  1 1 0.087610 10.0
 23 47 26  1 1 0.089790 10.0
 23 47 27  1 1 0.095900 10.0
 23 47 28  1 1 0.078690 10.0
 23 47 29  1 1 0.043170 10.0
 23 47 30  1 1 0.043810 10.0
 23 47 31  1 1 0.040700 10.0
 23 48 21  1 1 0.031280 10.0
 23 48 22  1 1 0.062520 10.0
 23 48 23  1 1 0.075740 10.0
 23 48 24  1 1 0.080220 10.0
 23 48 25  1 1 0.081050 10.0
 23 48 26  1 1 0.078180 10.0
 23 48 27  1 1 0.052030 10.0
 23 49 21  1 1 0.027140 10.0
 23 49 22  1 1 0.051490 10.0
 23 49 23  1 1 0.061780 10.0
 23 49 24  1 1 0.067140 10.0
 23 49 25  1 1 0.073020 10.0
 23 49 26  1 1 0.079730 10.0
 23 49 27  1 1 0.083120 10.0
 23 49 28  1 1 0.057440 10.0
 23 49 31  1 1 0.006580 10.0
 23 49 32  1 1 0.055090 10.0
 23 49 33  1 1 0.026270 10.0
 23 50 21  1 1 0.024460 10.0
 23 50 22  1 1 0.033680 10.0
 23 50 23  1 1 0.034240 10.0
 23 50 24  1 1 0.038660 10.0
 23 50 25  1 1 0.050570 10.0
 23 50 26  1 1 0.066040 10.0
 23 50 27  1 1 0.083640 10.0
 23 50 28  1 1 0.095710 10.0
 23 50 29  1 1 0.094290 10.0
 23 50 30  1 1 0.091350 10.0
 23 50 31  1 1 0.102180 10.0
 23 50 32  1 1 0.124860 10.0
 23 50 33  1 1 0.142620 10.0
 23 50 34  1 1 0.156720 10.0
 23 50 35  1 1 0.173810 10.0
 23 51 23  1 1 0.000950 10.0
 23 51 24  1 1 0.019030 10.0
 23 51 25  1 1 0.036650 10.0
 23 51 26  1 1 0.057690 10.0
 23 51 27  1 1 0.082490 10.0
 23 51 28  1 1 0.106390 10.0
 23 51 29  1 1 0.121040 10.0
 23 51 30  1 1 0.129780 10.0
 23 51 31  1 1 0.139400 10.0
 23 51 32  1 1 0.148450 10.0
 23 51 33  1 1 0.154760 10.0
 23 51 34  1 1 0.143650 10.0
 23 52 24  1 1 0.028650 10.0
 23 52 25  1 1 0.050930 10.0
 23 52 26  1 1 0.074330 10.0
 23 52 27  1 1 0.104260 10.0
 23 52 28  1 1 0.125160 10.0
 23 52 29  1 1 0.134020 10.0
 23 52 30  1 1 0.140440 10.0
 23 52 31  1 1 0.132600 10.0
 23 52 32  1 1 0.092760 10.0
 23 53 22  1 1 0.019060 10.0
 23 53 23  1 1 0.038100 10.0
 23 53 24  1 1 0.056990 10.0
 23 53 25  1 1 0.070960 10.0
 23 53 26  1 1 0.083430 10.0
 23 53 27  1 1 0.099750 10.0
 23 53 28  1 1 0.110010 10.0
 23 53 29  1 1 0.093110 10.0
 23 53 30  1 1 0.041940 10.0
 23 60 24  1 1 0.039060 10.0
 23 60 25  1 1 0.054090 10.0
 23 60 26  1 1 0.006460 10.0
 23 61 23  1 1 0.008350 10.0
 23 61 24  1 1 0.059280 10.0
 23 61 25  1 1 0.082850 10.0
 23 61 26  1 1 0.093710 10.0
 23 61 27  1 1 0.103040 10.0
 23 61 28  1 1 0.111700 10.0
 23 61 29  1 1 0.119940 10.0
 23 62 24  1 1 0.036580 10.0
 23 62 25  1 1 0.082260 10.0
 23 62 26  1 1 0.101800 10.0
 23 62 27  1 1 0.114280 10.0
 23 62 28  1 1 0.115900 10.0
 23 62 29  1 1 0.110250 10.0
 23 63 24  1 1 0.027820 10.0
 23 63 25  1 1 0.056840 10.0
 23 63 26  1 1 0.079300 10.0
 23 63 27  1 1 0.095620 10.0
 23 63 28  1 1 0.090830 10.0
 23 63 29  1 1 0.019220 10.0
 23 64 3  1 1 0.011070 10.0
 23 64 4  1 1 0.009630 10.0
 23 64 25  1 1 0.024750 10.0
 23 64 26  1 1 0.071820 10.0
 23 64 27  1 1 0.096210 10.0
 23 64 28  1 1 0.103820 10.0
 23 64 29  1 1 0.083150 10.0
 23 64 30  1 1 0.020890 10.0
 23 65 4  1 1 0.000950 10.0
 23 65 26  1 1 0.073430 10.0
 23 65 27  1 1 0.098450 10.0
 23 65 28  1 1 0.100040 10.0
 23 65 29  1 1 0.087560 10.0
 23 65 30  1 1 0.026660 10.0
 23 66 3  1 1 0.017070 10.0
 23 66 4  1 1 0.006130 10.0
 23 66 26  1 1 0.001270 10.0
 23 66 27  1 1 0.071850 10.0
 23 66 28  1 1 0.120280 10.0
 23 66 29  1 1 0.121940 10.0
 23 67 3  1 1 0.027270 10.0
 23 67 4  1 1 0.043020 10.0
 23 67 5  1 1 0.043860 10.0
 23 67 6  1 1 0.023950 10.0
 23 68 3  1 1 0.019750 10.0
 23 68 4  1 1 0.039440 10.0
 23 68 5  1 1 0.051360 10.0
 23 68 6  1 1 0.047520 10.0
 23 68 7  1 1 0.008760 10.0
 23 69 3  1 1 0.010450 10.0
 23 69 4  1 1 0.033020 10.0
 23 69 5  1 1 0.047290 10.0
 23 69 6  1 1 0.051670 10.0
 23 69 7  1 1 0.043620 10.0
 23 70 4  1 1 0.022460 10.0
 23 70 5  1 1 0.045130 10.0
 23 70 6  1 1 0.054900 10.0
 23 70 7  1 1 0.052410 10.0
 23 71 5  1 1 0.028650 10.0
 23 71 6  1 1 0.048300 10.0
 23 71 7  1 1 0.052240 10.0
 23 72 5  1 1 0.005640 10.0
 23 72 6  1 1 0.045780 10.0
 23 72 7  1 1 0.062400 10.0
 23 73 6  1 1 0.037370 10.0
 23 73 7  1 1 0.064750 10.0
 23 74 6  1 1 0.036790 10.0
 23 74 7  1 1 0.042970 10.0
 23 74 8  1 1 0.026900 10.0
 23 75 6  1 1 0.021340 10.0
 23 75 7  1 1 0.021990 10.0
 23 94 3  1 1 0.009540 10.0
 23 94 4  1 1 0.027920 10.0
 23 94 5  1 1 0.026040 10.0
 23 94 6  1 1 0.030340 10.0
 23 95 3  1 1 0.016630 10.0
 23 95 4  1 1 0.039520 10.0
 23 95 5  1 1 0.055860 10.0
 23 95 6  1 1 0.061270 10.0
 23 95 7  1 1 0.050650 10.0
 23 96 3  1 1 0.008390 10.0
 23 96 4  1 1 0.029470 10.0
 23 96 5  1 1 0.039390 10.0
 23 96 6  1 1 0.048820 10.0
 23 96 7  1 1 0.053150 10.0
 23 96 8  1 1 0.022740 10.0
 23 97 3  1 1 0.017520 10.0
 23 97 4  1 1 0.033410 10.0
 23 97 5  1 1 0.039870 10.0
 23 97 6  1 1 0.042710 10.0
 23 97 7  1 1 0.039660 10.0
 23 98 3  1 1 0.011110 10.0
 23 98 4  1 1 0.023760 10.0
 23 98 5  1 1 0.011310 10.0
 23 99 3  1 1 0.013820 10.0
 23 99 4  1 1 0.020100 10.0
 23 100 3  1 1 0.014730 10.0
 23 100 4  1 1 0.020380 10.0
 24 1 3  1 1 0.018530 10.0
 24 1 4  1 1 0.033770 10.0
 24 1 5  1 1 0.038810 10.0
 24 1 6  1 1 0.041910 10.0
 24 1 7  1 1 0.029600 10.0
 24 2 3  1 1 0.010240 10.0
 24 2 4  1 1 0.023870 10.0
 24 2 5  1 1 0.018280 10.0
 24 2 6  1 1 0.021280 10.0
 24 3 3  1 1 0.009010 10.0
 24 3 4  1 1 0.018040 10.0
 24 3 10  1 1 0.006420 10.0
 24 3 11  1 1 0.039850 10.0
 24 3 12  1 1 0.024020 10.0
 24 4 3  1 1 0.013120 10.0
 24 4 4  1 1 0.020140 10.0
 24 4 10  1 1 0.019180 10.0
 24 4 11  1 1 0.032620 10.0
 24 4 12  1 1 0.013660 10.0
 24 5 3  1 1 0.010570 10.0
 24 5 4  1 1 0.023290 10.0
 24 22 3  1 1 0.012420 10.0
 24 22 4  1 1 0.001730 10.0
 24 23 3  1 1 0.025970 10.0
 24 23 4  1 1 0.039760 10.0
 24 23 5  1 1 0.029070 10.0
 24 27 4  1 1 0.000990 10.0
 24 27 5  1 1 0.010900 10.0
 24 28 3  1 1 0.019840 10.0
 24 28 4  1 1 0.036750 10.0
 24 28 5  1 1 0.044180 10.0
 24 28 6  1 1 0.040130 10.0
 24 29 4  1 1 0.018960 10.0
 24 29 5  1 1 0.036970 10.0
 24 29 6  1 1 0.051950 10.0
 24 30 3  1 1 0.000410 10.0
 24 30 4  1 1 0.007360 10.0
 24 30 5  1 1 0.005510 10.0
 24 30 6  1 1 0.021380 10.0
 24 31 3  1 1 0.012380 10.0
 24 31 4  1 1 0.026770 10.0
 24 31 5  1 1 0.017630 10.0
 24 32 3  1 1 0.019970 10.0
 24 32 4  1 1 0.033840 10.0
 24 32 5  1 1 0.038580 10.0
 24 32 6  1 1 0.021680 10.0
 24 33 3  1 1 0.023990 10.0
 24 33 4  1 1 0.038220 10.0
 24 33 5  1 1 0.046120 10.0
 24 33 6  1 1 0.047660 10.0
 24 33 7  1 1 0.023250 10.0
 24 34 3  1 1 0.021210 10.0
 24 34 4  1 1 0.033300 10.0
 24 34 5  1 1 0.042070 10.0
 24 34 6  1 1 0.046740 10.0
 24 34 7  1 1 0.020240 10.0
 24 35 3  1 1 0.014770 10.0
 24 35 4  1 1 0.015670 10.0
 24 35 5  1 1 0.021270 10.0
 24 36 3  1 1 0.014890 10.0
 24 36 4  1 1 0.004400 10.0
 24 37 2  1 1 0.003700 10.0
 24 37 3  1 1 0.024060 10.0
 24 37 4  1 1 0.034420 10.0
 24 38 2  1 1 0.001230 10.0
 24 38 3  1 1 0.025920 10.0
 24 38 4  1 1 0.036180 10.0
 24 38 5  1 1 0.035930 10.0
 24 38 17  1 1 0.008430 10.0
 24 38 18  1 1 0.018560 10.0
 24 38 19  1 1 0.020300 10.0
 24 38 20  1 1 0.020830 10.0
 24 38 21  1 1 0.037160 10.0
 24 38 22  1 1 0.064280 10.0
 24 38 23  1 1 0.077390 10.0
 24 38 24  1 1 0.067350 10.0
 24 38 25  1 1 0.043640 10.0
 24 38 28  1 1 0.050000 10.0
 24 38 29  1 1 0.106080 10.0
 24 38 30  1 1 0.134640 10.0
 24 38 31  1 1 0.146460 10.0
 24 39 3  1 1 0.019630 10.0
 24 39 4  1 1 0.035310 10.0
 24 39 5  1 1 0.041160 10.0
 24 39 17  1 1 0.018210 10.0
 24 39 18  1 1 0.040880 10.0
 24 39 19  1 1 0.055210 10.0
 24 39 20  1 1 0.066850 10.0
 24 39 21  1 1 0.078370 10.0
 24 39 22  1 1 0.089980 10.0
 24 39 23  1 1 0.101010 10.0
 24 39 24  1 1 0.114670 10.0
 24 39 25  1 1 0.123530 10.0
 24 39 26  1 1 0.112480 10.0
 24 39 27  1 1 0.088270 10.0
 24 39 28  1 1 0.088460 10.0
 24 39 29  1 1 0.108480 10.0
 24 39 30  1 1 0.129410 10.0
 24 39 31  1 1 0.135960 10.0
 24 39 32  1 1 0.144930 10.0
 24 40 3  1 1 0.005880 10.0
 24 40 4  1 1 0.031870 10.0
 24 40 5  1 1 0.041080 10.0
 24 40 20  1 1 0.008720 10.0
 24 40 21  1 1 0.036030 10.0
 24 40 22  1 1 0.059700 10.0
 24 40 23  1 1 0.080930 10.0
 24 40 24  1 1 0.099080 10.0
 24 40 25  1 1 0.114120 10.0
 24 40 26  1 1 0.125670 10.0
 24 40 27  1 1 0.131890 10.0
 24 40 28  1 1 0.131970 10.0
 24 40 29  1 1 0.135200 10.0
 24 40 30  1 1 0.141710 10.0
 24 40 31  1 1 0.142910 10.0
 24 40 32  1 1 0.129380 10.0
 24 41 4  1 1 0.023300 10.0
 24 41 5  1 1 0.029250 10.0
 24 41 13  1 1 0.003580 10.0
 24 41 14  1 1 0.052950 10.0
 24 41 15  1 1 0.069570 10.0
 24 41 16  1 1 0.072830 10.0
 24 41 17  1 1 0.067820 10.0
 24 41 18  1 1 0.058810 10.0
 24 41 19  1 1 0.042890 10.0
 24 41 20  1 1 0.025410 10.0
 24 41 21  1 1 0.024520 10.0
 24 41 22  1 1 0.041950 10.0
 24 41 23  1 1 0.064050 10.0
 24 41 24  1 1 0.085700 10.0
 24 41 25  1 1 0.105470 10.0
 24 41 26  1 1 0.121620 10.0
 24 41 27  1 1 0.129890 10.0
 24 41 28  1 1 0.127260 10.0
 24 41 29  1 1 0.128170 10.0
 24 41 30  1 1 0.135290 10.0
 24 41 31  1 1 0.142000 10.0
 24 41 32  1 1 0.135580 10.0
 24 41 33  1 1 0.095290 10.0
 24 42 4  1 1 0.018140 10.0
 24 42 5  1 1 0.037470 10.0
 24 42 6  1 1 0.044900 10.0
 24 42 7  1 1 0.042500 10.0
 24 42 8  1 1 0.033940 10.0
 24 42 9  1 1 0.008020 10.0
 24 42 14  1 1 0.054330 10.0
 24 42 15  1 1 0.080770 10.0
 24 42 16  1 1 0.094800 10.0
 24 42 17  1 1 0.096370 10.0
 24 42 18  1 1 0.091730 10.0
 24 42 19  1 1 0.086630 10.0
 24 42 20  1 1 0.079090 10.0
 24 42 21  1 1 0.070890 10.0
 24 42 22  1 1 0.068700 10.0
 24 42 23  1 1 0.075890 10.0
 24 42 24  1 1 0.090860 10.0
 24 42 25  1 1 0.108510 10.0
 24 42 26  1 1 0.124480 10.0
 24 42 27  1 1 0.135470 10.0
 24 42 28  1 1 0.141610 10.0
 24 42 29  1 1 0.145000 10.0
 24 42 30  1 1 0.149400 10.0
 24 42 31  1 1 0.155180 10.0
 24 42 32  1 1 0.158720 10.0
 24 42 33  1 1 0.160360 10.0
 24 42 34  1 1 0.162900 10.0
 24 42 35  1 1 0.133020 10.0
 24 43 4  1 1 0.007320 10.0
 24 43 5  1 1 0.035950 10.0
 24 43 6  1 1 0.051710 10.0
 24 43 7  1 1 0.063090 10.0
 24 43 8  1 1 0.071340 10.0
 24 43 9  1 1 0.076310 10.0
 24 43 10  1 1 0.077750 10.0
 24 43 11  1 1 0.080190 10.0
 24 43 12  1 1 0.083680 10.0
 24 43 13  1 1 0.089430 10.0
 24 43 14  1 1 0.099820 10.0
 24 43 15  1 1 0.109460 10.0
 24 43 16  1 1 0.111560 10.0
 24 43 17  1 1 0.097360 10.0
 24 43 18  1 1 0.066870 10.0
 24 43 19  1 1 0.051250 10.0
 24 43 20  1 1 0.060550 10.0
 24 43 21  1 1 0.073170 10.0
 24 43 22  1 1 0.083060 10.0
 24 43 23  1 1 0.092950 10.0
 24 43 24  1 1 0.103880 10.0
 24 43 25  1 1 0.115740 10.0
 24 43 26  1 1 0.128500 10.0
 24 43 27  1 1 0.141520 10.0
 24 43 28  1 1 0.152730 10.0
 24 43 29  1 1 0.160680 10.0
 24 43 30  1 1 0.166940 10.0
 24 43 31  1 1 0.173550 10.0
 24 43 32  1 1 0.180690 10.0
 24 43 33  1 1 0.182590 10.0
 24 43 34  1 1 0.173260 10.0
 24 43 35  1 1 0.152080 10.0
 24 44 4  1 1 0.005680 10.0
 24 44 5  1 1 0.029040 10.0
 24 44 6  1 1 0.041310 10.0
 24 44 7  1 1 0.051120 10.0
 24 44 8  1 1 0.061580 10.0
 24 44 9  1 1 0.073760 10.0
 24 44 10  1 1 0.085330 10.0
 24 44 11  1 1 0.095250 10.0
 24 44 12  1 1 0.103710 10.0
 24 44 13  1 1 0.111300 10.0
 24 44 14  1 1 0.118270 10.0
 24 44 15  1 1 0.121680 10.0
 24 44 16  1 1 0.115040 10.0
 24 44 17  1 1 0.086090 10.0
 24 44 18  1 1 0.033380 10.0
 24 44 20  1 1 0.021490 10.0
 24 44 21  1 1 0.051200 10.0
 24 44 22  1 1 0.070500 10.0
 24 44 23  1 1 0.084860 10.0
 24 44 24  1 1 0.097820 10.0
 24 44 25  1 1 0.110360 10.0
 24 44 26  1 1 0.123030 10.0
 24 44 27  1 1 0.135900 10.0
 24 44 28  1 1 0.148280 10.0
 24 44 29  1 1 0.159420 10.0
 24 44 30  1 1 0.169000 10.0
 24 44 31  1 1 0.177570 10.0
 24 44 32  1 1 0.185850 10.0
 24 44 33  1 1 0.187880 10.0
 24 44 34  1 1 0.180150 10.0
 24 44 35  1 1 0.175490 10.0
 24 45 9  1 1 0.016670 10.0
 24 45 10  1 1 0.045530 10.0
 24 45 11  1 1 0.068190 10.0
 24 45 12  1 1 0.087440 10.0
 24 45 13  1 1 0.103250 10.0
 24 45 14  1 1 0.116350 10.0
 24 45 15  1 1 0.124890 10.0
 24 45 16  1 1 0.125110 10.0
 24 45 17  1 1 0.112710 10.0
 24 45 18  1 1 0.091160 10.0
 24 45 19  1 1 0.056150 10.0
 24 45 20  1 1 0.021190 10.0
 24 45 21  1 1 0.027530 10.0
 24 45 22  1 1 0.053780 10.0
 24 45 23  1 1 0.075610 10.0
 24 45 24  1 1 0.092100 10.0
 24 45 25  1 1 0.106600 10.0
 24 45 26  1 1 0.120280 10.0
 24 45 27  1 1 0.131660 10.0
 24 45 28  1 1 0.142100 10.0
 24 45 29  1 1 0.153380 10.0
 24 45 30  1 1 0.162570 10.0
 24 45 31  1 1 0.170010 10.0
 24 45 32  1 1 0.176820 10.0
 24 45 33  1 1 0.175070 10.0
 24 45 34  1 1 0.174530 10.0
 24 45 35  1 1 0.046520 10.0
 24 46 11  1 1 0.006290 10.0
 24 46 12  1 1 0.049390 10.0
 24 46 13  1 1 0.078810 10.0
 24 46 14  1 1 0.100020 10.0
 24 46 15  1 1 0.114400 10.0
 24 46 16  1 1 0.121640 10.0
 24 46 17  1 1 0.113360 10.0
 24 46 18  1 1 0.075260 10.0
 24 46 19  1 1 0.009670 10.0
 24 46 22  1 1 0.046050 10.0
 24 46 23  1 1 0.070780 10.0
 24 46 24  1 1 0.088080 10.0
 24 46 25  1 1 0.105890 10.0
 24 46 26  1 1 0.120570 10.0
 24 46 27  1 1 0.118840 10.0
 24 46 28  1 1 0.113980 10.0
 24 46 29  1 1 0.127960 10.0
 24 46 30  1 1 0.150630 10.0
 24 46 31  1 1 0.170220 10.0
 24 46 32  1 1 0.179450 10.0
 24 46 33  1 1 0.180850 10.0
 24 47 13  1 1 0.023300 10.0
 24 47 14  1 1 0.065150 10.0
 24 47 15  1 1 0.079570 10.0
 24 47 16  1 1 0.068950 10.0
 24 47 21  1 1 0.021560 10.0
 24 47 22  1 1 0.056950 10.0
 24 47 23  1 1 0.072340 10.0
 24 47 24  1 1 0.084160 10.0
 24 47 25  1 1 0.096930 10.0
 24 47 26  1 1 0.098650 10.0
 24 47 27  1 1 0.052410 10.0
 24 47 29  1 1 0.035360 10.0
 24 47 30  1 1 0.075490 10.0
 24 47 31  1 1 0.057160 10.0
 24 48 21  1 1 0.055740 10.0
 24 48 22  1 1 0.084740 10.0
 24 48 23  1 1 0.090950 10.0
 24 48 24  1 1 0.092750 10.0
 24 48 25  1 1 0.097730 10.0
 24 48 26  1 1 0.082770 10.0
 24 49 21  1 1 0.073020 10.0
 24 49 22  1 1 0.092310 10.0
 24 49 23  1 1 0.099680 10.0
 24 49 24  1 1 0.103540 10.0
 24 49 25  1 1 0.106420 10.0
 24 49 26  1 1 0.107890 10.0
 24 49 27  1 1 0.089850 10.0
 24 49 31  1 1 0.064100 10.0
 24 49 32  1 1 0.109820 10.0
 24 49 33  1 1 0.127580 10.0
 24 49 34  1 1 0.122250 10.0
 24 49 35  1 1 0.020630 10.0
 24 50 20  1 1 0.056750 10.0
 24 50 21  1 1 0.069700 10.0
 24 50 22  1 1 0.077430 10.0
 24 50 23  1 1 0.086860 10.0
 24 50 24  1 1 0.097190 10.0
 24 50 25  1 1 0.107480 10.0
 24 50 26  1 1 0.116310 10.0
 24 50 27  1 1 0.121900 10.0
 24 50 28  1 1 0.115030 10.0
 24 50 29  1 1 0.096990 10.0
 24 50 30  1 1 0.094190 10.0
 24 50 31  1 1 0.116050 10.0
 24 50 32  1 1 0.135640 10.0
 24 50 33  1 1 0.146650 10.0
 24 50 34  1 1 0.151890 10.0
 24 50 35  1 1 0.134890 10.0
 24 50 36  1 1 0.055430 10.0
 24 51 19  1 1 0.003000 10.0
 24 51 20  1 1 0.025550 10.0
 24 51 21  1 1 0.032880 10.0
 24 51 22  1 1 0.041660 10.0
 24 51 23  1 1 0.054760 10.0
 24 51 24  1 1 0.069910 10.0
 24 51 25  1 1 0.085950 10.0
 24 51 26  1 1 0.103910 10.0
 24 51 27  1 1 0.121250 10.0
 24 51 28  1 1 0.133640 10.0
 24 51 29  1 1 0.139710 10.0
 24 51 30  1 1 0.142590 10.0
 24 51 31  1 1 0.150140 10.0
 24 51 32  1 1 0.155790 10.0
 24 51 33  1 1 0.156810 10.0
 24 51 34  1 1 0.159700 10.0
 24 51 35  1 1 0.155290 10.0
 24 52 22  1 1 0.035520 10.0
 24 52 23  1 1 0.058830 10.0
 24 52 24  1 1 0.077610 10.0
 24 52 25  1 1 0.093980 10.0
 24 52 26  1 1 0.109330 10.0
 24 52 27  1 1 0.123120 10.0
 24 52 28  1 1 0.133480 10.0
 24 52 29  1 1 0.142600 10.0
 24 52 30  1 1 0.151120 10.0
 24 52 31  1 1 0.153900 10.0
 24 52 32  1 1 0.144150 10.0
 24 52 33  1 1 0.103870 10.0
 24 53 21  1 1 0.006050 10.0
 24 53 22  1 1 0.037000 10.0
 24 53 23  1 1 0.055950 10.0
 24 53 24  1 1 0.074060 10.0
 24 53 25  1 1 0.090360 10.0
 24 53 26  1 1 0.105240 10.0
 24 53 27  1 1 0.114310 10.0
 24 53 28  1 1 0.113720 10.0
 24 53 29  1 1 0.104800 10.0
 24 53 30  1 1 0.086180 10.0
 24 53 31  1 1 0.032370 10.0
 24 54 21  1 1 0.001030 10.0
 24 55 20  1 1 0.007030 10.0
 24 55 21  1 1 0.031710 10.0
 24 60 25  1 1 0.005470 10.0
 24 60 26  1 1 0.000290 10.0
 24 61 21  1 1 0.029010 10.0
 24 61 22  1 1 0.048280 10.0
 24 61 23  1 1 0.067740 10.0
 24 61 24  1 1 0.081470 10.0
 24 61 25  1 1 0.085580 10.0
 24 61 26  1 1 0.080350 10.0
 24 61 27  1 1 0.080770 10.0
 24 61 28  1 1 0.095810 10.0
 24 61 29  1 1 0.118090 10.0
 24 61 30  1 1 0.121500 10.0
 24 61 31  1 1 0.063290 10.0
 24 62 23  1 1 0.002140 10.0
 24 62 24  1 1 0.047180 10.0
 24 62 25  1 1 0.076140 10.0
 24 62 26  1 1 0.096210 10.0
 24 62 27  1 1 0.109890 10.0
 24 62 28  1 1 0.116950 10.0
 24 62 29  1 1 0.116930 10.0
 24 62 30  1 1 0.121770 10.0
 24 63 25  1 1 0.046050 10.0
 24 63 26  1 1 0.077450 10.0
 24 63 27  1 1 0.096860 10.0
 24 63 28  1 1 0.105660 10.0
 24 63 29  1 1 0.110470 10.0
 24 64 25  1 1 0.048840 10.0
 24 64 26  1 1 0.081030 10.0
 24 64 27  1 1 0.097520 10.0
 24 64 28  1 1 0.105650 10.0
 24 64 29  1 1 0.054310 10.0
 24 65 26  1 1 0.039300 10.0
 24 65 27  1 1 0.062200 10.0
 24 65 28  1 1 0.038560 10.0
 24 66 2  1 1 0.009540 10.0
 24 66 3  1 1 0.026040 10.0
 24 66 4  1 1 0.027630 10.0
 24 66 27  1 1 0.033920 10.0
 24 66 28  1 1 0.089050 10.0
 24 66 29  1 1 0.156630 10.0
 24 67 3  1 1 0.024740 10.0
 24 67 4  1 1 0.038730 10.0
 24 67 5  1 1 0.039950 10.0
 24 67 6  1 1 0.026270 10.0
 24 68 3  1 1 0.023980 10.0
 24 68 4  1 1 0.038640 10.0
 24 68 5  1 1 0.045270 10.0
 24 68 6  1 1 0.043910 10.0
 24 69 3  1 1 0.018760 10.0
 24 69 4  1 1 0.035780 10.0
 24 69 5  1 1 0.045940 10.0
 24 69 6  1 1 0.045160 10.0
 24 69 7  1 1 0.032210 10.0
 24 70 4  1 1 0.028290 10.0
 24 70 5  1 1 0.045090 10.0
 24 70 6  1 1 0.049410 10.0
 24 70 7  1 1 0.047710 10.0
 24 71 4  1 1 0.009540 10.0
 24 71 5  1 1 0.038130 10.0
 24 71 6  1 1 0.046590 10.0
 24 71 7  1 1 0.022990 10.0
 24 72 5  1 1 0.035600 10.0
 24 72 6  1 1 0.044660 10.0
 24 72 7  1 1 0.023180 10.0
 24 73 5  1 1 0.031680 10.0
 24 73 6  1 1 0.055150 10.0
 24 73 7  1 1 0.022220 10.0
 24 74 5  1 1 0.024930 10.0
 24 74 6  1 1 0.050280 10.0
 24 74 7  1 1 0.042480 10.0
 24 75 5  1 1 0.002180 10.0
 24 75 6  1 1 0.031850 10.0
 24 94 3  1 1 0.012180 10.0
 24 94 4  1 1 0.027170 10.0
 24 94 5  1 1 0.026810 10.0
 24 95 3  1 1 0.019240 10.0
 24 95 4  1 1 0.040800 10.0
 24 95 5  1 1 0.053330 10.0
 24 95 6  1 1 0.054410 10.0
 24 96 3  1 1 0.008020 10.0
 24 96 4  1 1 0.027920 10.0
 24 96 5  1 1 0.038560 10.0
 24 96 6  1 1 0.048170 10.0
 24 96 7  1 1 0.047730 10.0
 24 97 3  1 1 0.018530 10.0
 24 97 4  1 1 0.033770 10.0
 24 97 5  1 1 0.038810 10.0
 24 97 6  1 1 0.041910 10.0
 24 97 7  1 1 0.029600 10.0
 24 98 3  1 1 0.010240 10.0
 24 98 4  1 1 0.023870 10.0
 24 98 5  1 1 0.018280 10.0
 24 98 6  1 1 0.021280 10.0
 24 99 3  1 1 0.009010 10.0
 24 99 4  1 1 0.018040 10.0
 24 99 10  1 1 0.006420 10.0
 24 99 11  1 1 0.039850 10.0
 24 99 12  1 1 0.024020 10.0
 24 100 3  1 1 0.013120 10.0
 24 100 4  1 1 0.020140 10.0
 24 100 10  1 1 0.019180 10.0
 24 100 11  1 1 0.032620 10.0
 24 100 12  1 1 0.013660 10.0
 25 1 3  1 1 0.016550 10.0
 25 1 4  1 1 0.031960 10.0
 25 1 5  1 1 0.039030 10.0
 25 1 6  1 1 0.046790 10.0
 25 1 7  1 1 0.046940 10.0
 25 1 8  1 1 0.026940 10.0
 25 2 3  1 1 0.006990 10.0
 25 2 4  1 1 0.021470 10.0
 25 2 5  1 1 0.022570 10.0
 25 2 6  1 1 0.032970 10.0
 25 2 7  1 1 0.035260 10.0
 25 2 8  1 1 0.012050 10.0
 25 2 9  1 1 0.016340 10.0
 25 2 10  1 1 0.038660 10.0
 25 2 11  1 1 0.061670 10.0
 25 2 12  1 1 0.051630 10.0
 25 3 3  1 1 0.000860 10.0
 25 3 4  1 1 0.008230 10.0
 25 3 8  1 1 0.017630 10.0
 25 3 9  1 1 0.041610 10.0
 25 3 10  1 1 0.061940 10.0
 25 3 11  1 1 0.074690 10.0
 25 3 12  1 1 0.076420 10.0
 25 4 3  1 1 0.003660 10.0
 25 4 4  1 1 0.012840 10.0
 25 4 8  1 1 0.007280 10.0
 25 4 9  1 1 0.037610 10.0
 25 4 10  1 1 0.051850 10.0
 25 4 11  1 1 0.062520 10.0
 25 4 12  1 1 0.066600 10.0
 25 5 3  1 1 0.001730 10.0
 25 5 4  1 1 0.019100 10.0
 25 5 5  1 1 0.010900 10.0
 25 6 4  1 1 0.001850 10.0
 25 22 4  1 1 0.001650 10.0
 25 23 3  1 1 0.021810 10.0
 25 23 4  1 1 0.034730 10.0
 25 23 5  1 1 0.027630 10.0
 25 27 5  1 1 0.016180 10.0
 25 28 3  1 1 0.005920 10.0
 25 28 4  1 1 0.024740 10.0
 25 28 5  1 1 0.027690 10.0
 25 29 4  1 1 0.009010 10.0
 25 29 5  1 1 0.032670 10.0
 25 29 6  1 1 0.042860 10.0
 25 30 6  1 1 0.022740 10.0
 25 31 4  1 1 0.005310 10.0
 25 32 3  1 1 0.015300 10.0
 25 32 4  1 1 0.025860 10.0
 25 32 5  1 1 0.017450 10.0
 25 33 3  1 1 0.018870 10.0
 25 33 4  1 1 0.031900 10.0
 25 33 5  1 1 0.040450 10.0
 25 33 6  1 1 0.025000 10.0
 25 34 3  1 1 0.009300 10.0
 25 34 4  1 1 0.027500 10.0
 25 34 5  1 1 0.041700 10.0
 25 35 3  1 1 0.000620 10.0
 25 37 3  1 1 0.012920 10.0
 25 37 24  1 1 0.020170 10.0
 25 37 25  1 1 0.021610 10.0
 25 37 26  1 1 0.030490 10.0
 25 37 27  1 1 0.032480 10.0
 25 37 28  1 1 0.013990 10.0
 25 38 3  1 1 0.021180 10.0
 25 38 4  1 1 0.035240 10.0
 25 38 15  1 1 0.023290 10.0
 25 38 16  1 1 0.040000 10.0
 25 38 17  1 1 0.022650 10.0
 25 38 20  1 1 0.015140 10.0
 25 38 21  1 1 0.033250 10.0
 25 38 22  1 1 0.050720 10.0
 25 38 23  1 1 0.061960 10.0
 25 38 24  1 1 0.066940 10.0
 25 38 25  1 1 0.067900 10.0
 25 38 26  1 1 0.069230 10.0
 25 38 27  1 1 0.079520 10.0
 25 38 28  1 1 0.107930 10.0
 25 38 29  1 1 0.133440 10.0
 25 38 30  1 1 0.127360 10.0
 25 39 3  1 1 0.024850 10.0
 25 39 4  1 1 0.038120 10.0
 25 39 5  1 1 0.046960 10.0
 25 39 16  1 1 0.021090 10.0
 25 39 17  1 1 0.032180 10.0
 25 39 18  1 1 0.021310 10.0
 25 39 19  1 1 0.006380 10.0
 25 39 20  1 1 0.022130 10.0
 25 39 21  1 1 0.045660 10.0
 25 39 22  1 1 0.069190 10.0
 25 39 23  1 1 0.087400 10.0
 25 39 24  1 1 0.103720 10.0
 25 39 25  1 1 0.119420 10.0
 25 39 26  1 1 0.127120 10.0
 25 39 27  1 1 0.123740 10.0
 25 39 28  1 1 0.126460 10.0
 25 39 29  1 1 0.134940 10.0
 25 39 30  1 1 0.142580 10.0
 25 39 31  1 1 0.145920 10.0
 25 40 3  1 1 0.022310 10.0
 25 40 4  1 1 0.040110 10.0
 25 40 5  1 1 0.049170 10.0
 25 40 6  1 1 0.009910 10.0
 25 40 22  1 1 0.025350 10.0
 25 40 23  1 1 0.059720 10.0
 25 40 24  1 1 0.082420 10.0
 25 40 25  1 1 0.103580 10.0
 25 40 26  1 1 0.121180 10.0
 25 40 27  1 1 0.134120 10.0
 25 40 28  1 1 0.142540 10.0
 25 40 29  1 1 0.147740 10.0
 25 40 30  1 1 0.134590 10.0
 25 40 31  1 1 0.050710 10.0
 25 41 3  1 1 0.020990 10.0
 25 41 4  1 1 0.040950 10.0
 25 41 5  1 1 0.051310 10.0
 25 41 6  1 1 0.059900 10.0
 25 41 12  1 1 0.031100 10.0
 25 41 13  1 1 0.051790 10.0
 25 41 14  1 1 0.046780 10.0
 25 41 15  1 1 0.019650 10.0
 25 41 22  1 1 0.021750 10.0
 25 41 23  1 1 0.048970 10.0
 25 41 24  1 1 0.075490 10.0
 25 41 25  1 1 0.100650 10.0
 25 41 26  1 1 0.116920 10.0
 25 41 27  1 1 0.131480 10.0
 25 41 28  1 1 0.143410 10.0
 25 41 29  1 1 0.148710 10.0
 25 41 30  1 1 0.130130 10.0
 25 41 31  1 1 0.090130 10.0
 25 41 32  1 1 0.026970 10.0
 25 42 3  1 1 0.016090 10.0
 25 42 4  1 1 0.038080 10.0
 25 42 5  1 1 0.051850 10.0
 25 42 6  1 1 0.059960 10.0
 25 42 7  1 1 0.047590 10.0
 25 42 8  1 1 0.028260 10.0
 25 42 9  1 1 0.002880 10.0
 25 42 13  1 1 0.049220 10.0
 25 42 14  1 1 0.072140 10.0
 25 42 15  1 1 0.079180 10.0
 25 42 16  1 1 0.067240 10.0
 25 42 17  1 1 0.022310 10.0
 25 42 21  1 1 0.023680 10.0
 25 42 22  1 1 0.053500 10.0
 25 42 23  1 1 0.082260 10.0
 25 42 24  1 1 0.107070 10.0
 25 42 25  1 1 0.121790 10.0
 25 42 26  1 1 0.131460 10.0
 25 42 27  1 1 0.140540 10.0
 25 42 28  1 1 0.147700 10.0
 25 42 29  1 1 0.152960 10.0
 25 42 30  1 1 0.154830 10.0
 25 42 31  1 1 0.163340 10.0
 25 42 32  1 1 0.178560 10.0
 25 42 33  1 1 0.180770 10.0
 25 42 34  1 1 0.076390 10.0
 25 43 3  1 1 0.011930 10.0
 25 43 4  1 1 0.035980 10.0
 25 43 5  1 1 0.048190 10.0
 25 43 6  1 1 0.056440 10.0
 25 43 7  1 1 0.063130 10.0
 25 43 8  1 1 0.067940 10.0
 25 43 9  1 1 0.070150 10.0
 25 43 10  1 1 0.067240 10.0
 25 43 11  1 1 0.064260 10.0
 25 43 12  1 1 0.069910 10.0
 25 43 13  1 1 0.084550 10.0
 25 43 14  1 1 0.095960 10.0
 25 43 15  1 1 0.095240 10.0
 25 43 16  1 1 0.079370 10.0
 25 43 17  1 1 0.030630 10.0
 25 43 19  1 1 0.016990 10.0
 25 43 20  1 1 0.042090 10.0
 25 43 21  1 1 0.060320 10.0
 25 43 22  1 1 0.079560 10.0
 25 43 23  1 1 0.102310 10.0
 25 43 24  1 1 0.120310 10.0
 25 43 25  1 1 0.132670 10.0
 25 43 26  1 1 0.142960 10.0
 25 43 27  1 1 0.153260 10.0
 25 43 28  1 1 0.161640 10.0
 25 43 29  1 1 0.168640 10.0
 25 43 30  1 1 0.175840 10.0
 25 43 31  1 1 0.184900 10.0
 25 43 32  1 1 0.193010 10.0
 25 43 33  1 1 0.191640 10.0
 25 43 34  1 1 0.158130 10.0
 25 44 3  1 1 0.006710 10.0
 25 44 4  1 1 0.012840 10.0
 25 44 5  1 1 0.013660 10.0
 25 44 6  1 1 0.020800 10.0
 25 44 7  1 1 0.032100 10.0
 25 44 8  1 1 0.046680 10.0
 25 44 9  1 1 0.060300 10.0
 25 44 10  1 1 0.072690 10.0
 25 44 11  1 1 0.083690 10.0
 25 44 12  1 1 0.094190 10.0
 25 44 13  1 1 0.105040 10.0
 25 44 14  1 1 0.112650 10.0
 25 44 15  1 1 0.109950 10.0
 25 44 16  1 1 0.089830 10.0
 25 44 20  1 1 0.025130 10.0
 25 44 21  1 1 0.066710 10.0
 25 44 22  1 1 0.086470 10.0
 25 44 23  1 1 0.097560 10.0
 25 44 24  1 1 0.104810 10.0
 25 44 25  1 1 0.112650 10.0
 25 44 26  1 1 0.122270 10.0
 25 44 27  1 1 0.134370 10.0
 25 44 28  1 1 0.149020 10.0
 25 44 29  1 1 0.161710 10.0
 25 44 30  1 1 0.170750 10.0
 25 44 31  1 1 0.178880 10.0
 25 44 32  1 1 0.185740 10.0
 25 44 33  1 1 0.181650 10.0
 25 44 34  1 1 0.133870 10.0
 25 45 10  1 1 0.037000 10.0
 25 45 11  1 1 0.062000 10.0
 25 45 12  1 1 0.081980 10.0
 25 45 13  1 1 0.098170 10.0
 25 45 14  1 1 0.109980 10.0
 25 45 15  1 1 0.112920 10.0
 25 45 16  1 1 0.103280 10.0
 25 45 17  1 1 0.078810 10.0
 25 45 18  1 1 0.045830 10.0
 25 45 21  1 1 0.030270 10.0
 25 45 22  1 1 0.059960 10.0
 25 45 23  1 1 0.074810 10.0
 25 45 24  1 1 0.087360 10.0
 25 45 25  1 1 0.098140 10.0
 25 45 26  1 1 0.105200 10.0
 25 45 27  1 1 0.114210 10.0
 25 45 28  1 1 0.128110 10.0
 25 45 29  1 1 0.145610 10.0
 25 45 30  1 1 0.158600 10.0
 25 45 31  1 1 0.167270 10.0
 25 45 32  1 1 0.172170 10.0
 25 45 33  1 1 0.172300 10.0
 25 46 11  1 1 0.038910 10.0
 25 46 12  1 1 0.066110 10.0
 25 46 13  1 1 0.086530 10.0
 25 46 14  1 1 0.102600 10.0
 25 46 15  1 1 0.111440 10.0
 25 46 16  1 1 0.109780 10.0
 25 46 17  1 1 0.091380 10.0
 25 46 18  1 1 0.025740 10.0
 25 46 22  1 1 0.045060 10.0
 25 46 23  1 1 0.070940 10.0
 25 46 24  1 1 0.094510 10.0
 25 46 25  1 1 0.101420 10.0
 25 46 26  1 1 0.083230 10.0
 25 46 27  1 1 0.076860 10.0
 25 46 28  1 1 0.096400 10.0
 25 46 29  1 1 0.126770 10.0
 25 46 30  1 1 0.160190 10.0
 25 46 31  1 1 0.179600 10.0
 25 46 32  1 1 0.144190 10.0
 25 47 11  1 1 0.018320 10.0
 25 47 12  1 1 0.056130 10.0
 25 47 13  1 1 0.077170 10.0
 25 47 14  1 1 0.083850 10.0
 25 47 15  1 1 0.073230 10.0
 25 47 16  1 1 0.041950 10.0
 25 47 21  1 1 0.035240 10.0
 25 47 22  1 1 0.062020 10.0
 25 47 23  1 1 0.085580 10.0
 25 47 24  1 1 0.095820 10.0
 25 47 25  1 1 0.076000 10.0
 25 48 21  1 1 0.080240 10.0
 25 48 22  1 1 0.089050 10.0
 25 48 23  1 1 0.094500 10.0
 25 48 24  1 1 0.098530 10.0
 25 48 25  1 1 0.078280 10.0
 25 49 21  1 1 0.099060 10.0
 25 49 22  1 1 0.101210 10.0
 25 49 23  1 1 0.102280 10.0
 25 49 24  1 1 0.106010 10.0
 25 49 25  1 1 0.104050 10.0
 25 49 26  1 1 0.082360 10.0
 25 49 27  1 1 0.028010 10.0
 25 49 31  1 1 0.039030 10.0
 25 49 32  1 1 0.125890 10.0
 25 49 33  1 1 0.089550 10.0
 25 50 20  1 1 0.050360 10.0
 25 50 21  1 1 0.078230 10.0
 25 50 22  1 1 0.091410 10.0
 25 50 23  1 1 0.101850 10.0
 25 50 24  1 1 0.109090 10.0
 25 50 25  1 1 0.114540 10.0
 25 50 26  1 1 0.114620 10.0
 25 50 27  1 1 0.106600 10.0
 25 50 28  1 1 0.089680 10.0
 25 50 29  1 1 0.079640 10.0
 25 50 30  1 1 0.084850 10.0
 25 50 31  1 1 0.115950 10.0
 25 50 32  1 1 0.140940 10.0
 25 50 33  1 1 0.152110 10.0
 25 50 34  1 1 0.164800 10.0
 25 50 35  1 1 0.186380 10.0
 25 51 19  1 1 0.027340 10.0
 25 51 20  1 1 0.054550 10.0
 25 51 21  1 1 0.058680 10.0
 25 51 22  1 1 0.064560 10.0
 25 51 23  1 1 0.074990 10.0
 25 51 24  1 1 0.088340 10.0
 25 51 25  1 1 0.101130 10.0
 25 51 26  1 1 0.112020 10.0
 25 51 27  1 1 0.119810 10.0
 25 51 28  1 1 0.123660 10.0
 25 51 29  1 1 0.124910 10.0
 25 51 30  1 1 0.129290 10.0
 25 51 31  1 1 0.145100 10.0
 25 51 32  1 1 0.156720 10.0
 25 51 33  1 1 0.159060 10.0
 25 51 34  1 1 0.158300 10.0
 25 51 35  1 1 0.141260 10.0
 25 52 19  1 1 0.005350 10.0
 25 52 20  1 1 0.031280 10.0
 25 52 21  1 1 0.046390 10.0
 25 52 22  1 1 0.063890 10.0
 25 52 23  1 1 0.076710 10.0
 25 52 24  1 1 0.089550 10.0
 25 52 25  1 1 0.100180 10.0
 25 52 26  1 1 0.108450 10.0
 25 52 27  1 1 0.116330 10.0
 25 52 28  1 1 0.125370 10.0
 25 52 29  1 1 0.137280 10.0
 25 52 30  1 1 0.151020 10.0
 25 52 31  1 1 0.163070 10.0
 25 52 32  1 1 0.160110 10.0
 25 52 33  1 1 0.123750 10.0
 25 53 20  1 1 0.019320 10.0
 25 53 21  1 1 0.037810 10.0
 25 53 22  1 1 0.046480 10.0
 25 53 23  1 1 0.045090 10.0
 25 53 24  1 1 0.049910 10.0
 25 53 25  1 1 0.070730 10.0
 25 53 26  1 1 0.085250 10.0
 25 53 27  1 1 0.094460 10.0
 25 53 28  1 1 0.099880 10.0
 25 53 29  1 1 0.100930 10.0
 25 53 30  1 1 0.083470 10.0
 25 61 18  1 1 0.002060 10.0
 25 61 19  1 1 0.031820 10.0
 25 61 20  1 1 0.048550 10.0
 25 61 21  1 1 0.060600 10.0
 25 61 22  1 1 0.068120 10.0
 25 61 23  1 1 0.066450 10.0
 25 61 24  1 1 0.051950 10.0
 25 61 25  1 1 0.010450 10.0
 25 62 23  1 1 0.038920 10.0
 25 62 24  1 1 0.059400 10.0
 25 62 25  1 1 0.065130 10.0
 25 62 26  1 1 0.070750 10.0
 25 62 27  1 1 0.081910 10.0
 25 62 28  1 1 0.090130 10.0
 25 62 29  1 1 0.068180 10.0
 25 63 3  1 1 0.000490 10.0
 25 63 4  1 1 0.003040 10.0
 25 63 23  1 1 0.011770 10.0
 25 63 24  1 1 0.049520 10.0
 25 63 25  1 1 0.069520 10.0
 25 63 26  1 1 0.082590 10.0
 25 63 27  1 1 0.089640 10.0
 25 63 28  1 1 0.090650 10.0
 25 64 23  1 1 0.025320 10.0
 25 64 24  1 1 0.064850 10.0
 25 64 25  1 1 0.074850 10.0
 25 64 26  1 1 0.062740 10.0
 25 64 27  1 1 0.000490 10.0
 25 66 2  1 1 0.000740 10.0
 25 66 3  1 1 0.026150 10.0
 25 66 4  1 1 0.034660 10.0
 25 66 5  1 1 0.025970 10.0
 25 67 3  1 1 0.018660 10.0
 25 67 4  1 1 0.038500 10.0
 25 67 5  1 1 0.046210 10.0
 25 67 6  1 1 0.016050 10.0
 25 68 3  1 1 0.011110 10.0
 25 68 4  1 1 0.030430 10.0
 25 68 5  1 1 0.040100 10.0
 25 68 6  1 1 0.045180 10.0
 25 69 3  1 1 0.021710 10.0
 25 69 4  1 1 0.038310 10.0
 25 69 5  1 1 0.044110 10.0
 25 69 6  1 1 0.047030 10.0
 25 70 3  1 1 0.018140 10.0
 25 70 4  1 1 0.038210 10.0
 25 70 5  1 1 0.041060 10.0
 25 70 6  1 1 0.042010 10.0
 25 71 3  1 1 0.015840 10.0
 25 71 4  1 1 0.041940 10.0
 25 71 5  1 1 0.040700 10.0
 25 71 6  1 1 0.020790 10.0
 25 72 4  1 1 0.034490 10.0
 25 72 5  1 1 0.036310 10.0
 25 72 6  1 1 0.020990 10.0
 25 73 4  1 1 0.022040 10.0
 25 73 5  1 1 0.032940 10.0
 25 73 6  1 1 0.024280 10.0
 25 74 5  1 1 0.023170 10.0
 25 93 4  1 1 0.004280 10.0
 25 94 3  1 1 0.010040 10.0
 25 94 4  1 1 0.031280 10.0
 25 94 5  1 1 0.041200 10.0
 25 94 6  1 1 0.040390 10.0
 25 95 3  1 1 0.018620 10.0
 25 95 4  1 1 0.036350 10.0
 25 95 5  1 1 0.046790 10.0
 25 95 6  1 1 0.053400 10.0
 25 95 7  1 1 0.050020 10.0
 25 96 3  1 1 0.006290 10.0
 25 96 4  1 1 0.029160 10.0
 25 96 5  1 1 0.041170 10.0
 25 96 6  1 1 0.050210 10.0
 25 96 7  1 1 0.050780 10.0
 25 96 8  1 1 0.032260 10.0
 25 97 3  1 1 0.016550 10.0
 25 97 4  1 1 0.031960 10.0
 25 97 5  1 1 0.039030 10.0
 25 97 6  1 1 0.046790 10.0
 25 97 7  1 1 0.046940 10.0
 25 97 8  1 1 0.026940 10.0
 25 98 3  1 1 0.006990 10.0
 25 98 4  1 1 0.021470 10.0
 25 98 5  1 1 0.022570 10.0
 25 98 6  1 1 0.032970 10.0
 25 98 7  1 1 0.035260 10.0
 25 98 8  1 1 0.012050 10.0
 25 98 9  1 1 0.016340 10.0
 25 98 10  1 1 0.038660 10.0
 25 98 11  1 1 0.061670 10.0
 25 98 12  1 1 0.051630 10.0
 25 99 3  1 1 0.000860 10.0
 25 99 4  1 1 0.008230 10.0
 25 99 8  1 1 0.017630 10.0
 25 99 9  1 1 0.041610 10.0
 25 99 10  1 1 0.061940 10.0
 25 99 11  1 1 0.074690 10.0
 25 99 12  1 1 0.076420 10.0
 25 100 3  1 1 0.003660 10.0
 25 100 4  1 1 0.012840 10.0
 25 100 8  1 1 0.007280 10.0
 25 100 9  1 1 0.037610 10.0
 25 100 10  1 1 0.051850 10.0
 25 100 11  1 1 0.062520 10.0
 25 100 12  1 1 0.066600 10.0
 26 1 3  1 1 0.017260 10.0
 26 1 4  1 1 0.031130 10.0
 26 1 5  1 1 0.038470 10.0
 26 1 6  1 1 0.048950 10.0
 26 1 7  1 1 0.059090 10.0
 26 1 8  1 1 0.062380 10.0
 26 1 9  1 1 0.060990 10.0
 26 1 10  1 1 0.064830 10.0
 26 1 11  1 1 0.072990 10.0
 26 2 3  1 1 0.000990 10.0
 26 2 4  1 1 0.017780 10.0
 26 2 5  1 1 0.024010 10.0
 26 2 6  1 1 0.033770 10.0
 26 2 7  1 1 0.046720 10.0
 26 2 8  1 1 0.054270 10.0
 26 2 9  1 1 0.064600 10.0
 26 2 10  1 1 0.075810 10.0
 26 2 11  1 1 0.085420 10.0
 26 2 12  1 1 0.099170 10.0
 26 3 3  1 1 0.006710 10.0
 26 3 4  1 1 0.012670 10.0
 26 3 7  1 1 0.020170 10.0
 26 3 8  1 1 0.043860 10.0
 26 3 9  1 1 0.063930 10.0
 26 3 10  1 1 0.076780 10.0
 26 3 11  1 1 0.079750 10.0
 26 3 12  1 1 0.078280 10.0
 26 4 3  1 1 0.012750 10.0
 26 4 4  1 1 0.025480 10.0
 26 4 8  1 1 0.015550 10.0
 26 4 9  1 1 0.044830 10.0
 26 4 10  1 1 0.060710 10.0
 26 4 11  1 1 0.062560 10.0
 26 4 12  1 1 0.034910 10.0
 26 5 3  1 1 0.016340 10.0
 26 5 4  1 1 0.018700 10.0
 26 22 3  1 1 0.012590 10.0
 26 22 4  1 1 0.016710 10.0
 26 23 2  1 1 0.002260 10.0
 26 23 3  1 1 0.037810 10.0
 26 23 4  1 1 0.051570 10.0
 26 23 5  1 1 0.049350 10.0
 26 24 4  1 1 0.021560 10.0
 26 24 5  1 1 0.038860 10.0
 26 24 6  1 1 0.032560 10.0
 26 25 5  1 1 0.020930 10.0
 26 28 3  1 1 0.002350 10.0
 26 28 4  1 1 0.023750 10.0
 26 28 5  1 1 0.018740 10.0
 26 29 4  1 1 0.019100 10.0
 26 29 5  1 1 0.034070 10.0
 26 29 6  1 1 0.044400 10.0
 26 30 5  1 1 0.022550 10.0
 26 30 6  1 1 0.033710 10.0
 26 33 4  1 1 0.016010 10.0
 26 34 3  1 1 0.003000 10.0
 26 37 3  1 1 0.007410 10.0
 26 37 12  1 1 0.031620 10.0
 26 37 13  1 1 0.022080 10.0
 26 37 24  1 1 0.051980 10.0
 26 37 25  1 1 0.065650 10.0
 26 37 26  1 1 0.075840 10.0
 26 37 27  1 1 0.076610 10.0
 26 37 28  1 1 0.070330 10.0
 26 38 2  1 1 0.008430 10.0
 26 38 3  1 1 0.033680 10.0
 26 38 4  1 1 0.023530 10.0
 26 38 13  1 1 0.007410 10.0
 26 38 14  1 1 0.017750 10.0
 26 38 22  1 1 0.018530 10.0
 26 38 23  1 1 0.057950 10.0
 26 38 24  1 1 0.072980 10.0
 26 38 25  1 1 0.082250 10.0
 26 38 26  1 1 0.092870 10.0
 26 38 27  1 1 0.106810 10.0
 26 38 28  1 1 0.127850 10.0
 26 38 29  1 1 0.151510 10.0
 26 39 2  1 1 0.005140 10.0
 26 39 3  1 1 0.032100 10.0
 26 39 4  1 1 0.047040 10.0
 26 39 23  1 1 0.045500 10.0
 26 39 24  1 1 0.076610 10.0
 26 39 25  1 1 0.101850 10.0
 26 39 26  1 1 0.120730 10.0
 26 39 27  1 1 0.131080 10.0
 26 39 28  1 1 0.135700 10.0
 26 39 29  1 1 0.134410 10.0
 26 39 30  1 1 0.032970 10.0
 26 40 2  1 1 0.000410 10.0
 26 40 3  1 1 0.026110 10.0
 26 40 4  1 1 0.037050 10.0
 26 40 23  1 1 0.025240 10.0
 26 40 24  1 1 0.055140 10.0
 26 40 25  1 1 0.086870 10.0
 26 40 26  1 1 0.114360 10.0
 26 40 27  1 1 0.126450 10.0
 26 40 28  1 1 0.109650 10.0
 26 40 29  1 1 0.060440 10.0
 26 41 2  1 1 0.002550 10.0
 26 41 3  1 1 0.025820 10.0
 26 41 4  1 1 0.034970 10.0
 26 41 5  1 1 0.044900 10.0
 26 41 11  1 1 0.016090 10.0
 26 41 12  1 1 0.032700 10.0
 26 41 13  1 1 0.010490 10.0
 26 41 24  1 1 0.046670 10.0
 26 41 25  1 1 0.078510 10.0
 26 41 26  1 1 0.086650 10.0
 26 41 27  1 1 0.082290 10.0
 26 41 28  1 1 0.058200 10.0
 26 42 3  1 1 0.022380 10.0
 26 42 4  1 1 0.024100 10.0
 26 42 5  1 1 0.028320 10.0
 26 42 6  1 1 0.026000 10.0
 26 42 12  1 1 0.043240 10.0
 26 42 13  1 1 0.062180 10.0
 26 42 14  1 1 0.034360 10.0
 26 42 22  1 1 0.038890 10.0
 26 42 23  1 1 0.070160 10.0
 26 42 24  1 1 0.090990 10.0
 26 42 25  1 1 0.100690 10.0
 26 42 26  1 1 0.105820 10.0
 26 42 27  1 1 0.106790 10.0
 26 42 28  1 1 0.101440 10.0
 26 42 29  1 1 0.090100 10.0
 26 42 30  1 1 0.079660 10.0
 26 42 31  1 1 0.066470 10.0
 26 42 32  1 1 0.022890 10.0
 26 43 3  1 1 0.025300 10.0
 26 43 4  1 1 0.033510 10.0
 26 43 5  1 1 0.036430 10.0
 26 43 6  1 1 0.038890 10.0
 26 43 7  1 1 0.041010 10.0
 26 43 8  1 1 0.042420 10.0
 26 43 9  1 1 0.042110 10.0
 26 43 10  1 1 0.046970 10.0
 26 43 11  1 1 0.059740 10.0
 26 43 12  1 1 0.073780 10.0
 26 43 13  1 1 0.083170 10.0
 26 43 14  1 1 0.074780 10.0
 26 43 20  1 1 0.015760 10.0
 26 43 21  1 1 0.054890 10.0
 26 43 22  1 1 0.086460 10.0
 26 43 23  1 1 0.114570 10.0
 26 43 24  1 1 0.134180 10.0
 26 43 25  1 1 0.144540 10.0
 26 43 26  1 1 0.154600 10.0
 26 43 27  1 1 0.162570 10.0
 26 43 28  1 1 0.167640 10.0
 26 43 29  1 1 0.164670 10.0
 26 43 30  1 1 0.151080 10.0
 26 43 31  1 1 0.128500 10.0
 26 43 32  1 1 0.102100 10.0
 26 44 7  1 1 0.024800 10.0
 26 44 8  1 1 0.039260 10.0
 26 44 9  1 1 0.051280 10.0
 26 44 10  1 1 0.063450 10.0
 26 44 11  1 1 0.075140 10.0
 26 44 12  1 1 0.085530 10.0
 26 44 13  1 1 0.094070 10.0
 26 44 14  1 1 0.094170 10.0
 26 44 15  1 1 0.076690 10.0
 26 44 21  1 1 0.060260 10.0
 26 44 22  1 1 0.100780 10.0
 26 44 23  1 1 0.116560 10.0
 26 44 24  1 1 0.124250 10.0
 26 44 25  1 1 0.131540 10.0
 26 44 26  1 1 0.140460 10.0
 26 44 27  1 1 0.152010 10.0
 26 44 28  1 1 0.163680 10.0
 26 44 29  1 1 0.165320 10.0
 26 44 30  1 1 0.144310 10.0
 26 44 31  1 1 0.098600 10.0
 26 44 32  1 1 0.035230 10.0
 26 45 9  1 1 0.021810 10.0
 26 45 10  1 1 0.046900 10.0
 26 45 11  1 1 0.064110 10.0
 26 45 12  1 1 0.078620 10.0
 26 45 13  1 1 0.090290 10.0
 26 45 14  1 1 0.093920 10.0
 26 45 15  1 1 0.082420 10.0
 26 45 16  1 1 0.049760 10.0
 26 45 21  1 1 0.069320 10.0
 26 45 22  1 1 0.088240 10.0
 26 45 23  1 1 0.090340 10.0
 26 45 24  1 1 0.096180 10.0
 26 45 25  1 1 0.106630 10.0
 26 45 26  1 1 0.118840 10.0
 26 45 27  1 1 0.132350 10.0
 26 45 28  1 1 0.146080 10.0
 26 45 29  1 1 0.155490 10.0
 26 45 30  1 1 0.147000 10.0
 26 45 31  1 1 0.105490 10.0
 26 46 10  1 1 0.020200 10.0
 26 46 11  1 1 0.052060 10.0
 26 46 12  1 1 0.073190 10.0
 26 46 13  1 1 0.087770 10.0
 26 46 14  1 1 0.093460 10.0
 26 46 15  1 1 0.080580 10.0
 26 46 16  1 1 0.012630 10.0
 26 46 21  1 1 0.068970 10.0
 26 46 22  1 1 0.075080 10.0
 26 46 23  1 1 0.078670 10.0
 26 46 24  1 1 0.084730 10.0
 26 46 25  1 1 0.083900 10.0
 26 46 26  1 1 0.089580 10.0
 26 46 27  1 1 0.109570 10.0
 26 46 28  1 1 0.110830 10.0
 26 46 29  1 1 0.094370 10.0
 26 46 30  1 1 0.062420 10.0
 26 47 11  1 1 0.033170 10.0
 26 47 12  1 1 0.057180 10.0
 26 47 13  1 1 0.068280 10.0
 26 47 14  1 1 0.059280 10.0
 26 47 20  1 1 0.048460 10.0
 26 47 21  1 1 0.074000 10.0
 26 47 22  1 1 0.072180 10.0
 26 47 23  1 1 0.055900 10.0
 26 48 20  1 1 0.053220 10.0
 26 48 21  1 1 0.098100 10.0
 26 48 22  1 1 0.098080 10.0
 26 48 23  1 1 0.084550 10.0
 26 48 24  1 1 0.054140 10.0
 26 49 21  1 1 0.100110 10.0
 26 49 22  1 1 0.110050 10.0
 26 49 23  1 1 0.106660 10.0
 26 49 24  1 1 0.100140 10.0
 26 49 25  1 1 0.087580 10.0
 26 49 26  1 1 0.062520 10.0
 26 49 27  1 1 0.017370 10.0
 26 50 21  1 1 0.053150 10.0
 26 50 22  1 1 0.106860 10.0
 26 50 23  1 1 0.114340 10.0
 26 50 24  1 1 0.120240 10.0
 26 50 25  1 1 0.123710 10.0
 26 50 26  1 1 0.124090 10.0
 26 50 27  1 1 0.118650 10.0
 26 50 28  1 1 0.111300 10.0
 26 50 29  1 1 0.112830 10.0
 26 50 30  1 1 0.125160 10.0
 26 50 31  1 1 0.150400 10.0
 26 50 32  1 1 0.166990 10.0
 26 50 33  1 1 0.150340 10.0
 26 50 34  1 1 0.087630 10.0
 26 51 20  1 1 0.021930 10.0
 26 51 21  1 1 0.058520 10.0
 26 51 22  1 1 0.073960 10.0
 26 51 23  1 1 0.089400 10.0
 26 51 24  1 1 0.103780 10.0
 26 51 25  1 1 0.118480 10.0
 26 51 26  1 1 0.129090 10.0
 26 51 27  1 1 0.135730 10.0
 26 51 28  1 1 0.141170 10.0
 26 51 29  1 1 0.147800 10.0
 26 51 30  1 1 0.156950 10.0
 26 51 31  1 1 0.167960 10.0
 26 51 32  1 1 0.175530 10.0
 26 51 33  1 1 0.168340 10.0
 26 52 21  1 1 0.031650 10.0
 26 52 22  1 1 0.051660 10.0
 26 52 23  1 1 0.075890 10.0
 26 52 24  1 1 0.096710 10.0
 26 52 25  1 1 0.118010 10.0
 26 52 26  1 1 0.137940 10.0
 26 52 27  1 1 0.153490 10.0
 26 52 28  1 1 0.164780 10.0
 26 52 29  1 1 0.172690 10.0
 26 52 30  1 1 0.175280 10.0
 26 52 31  1 1 0.159720 10.0
 26 52 32  1 1 0.107410 10.0
 26 53 27  1 1 0.025680 10.0
 26 53 28  1 1 0.034580 10.0
 26 53 29  1 1 0.023990 10.0
 26 61 17  1 1 0.012180 10.0
 26 61 18  1 1 0.032720 10.0
 26 61 19  1 1 0.045620 10.0
 26 61 20  1 1 0.058810 10.0
 26 61 21  1 1 0.065430 10.0
 26 61 22  1 1 0.055790 10.0
 26 62 22  1 1 0.031850 10.0
 26 62 23  1 1 0.048590 10.0
 26 62 24  1 1 0.027750 10.0
 26 63 3  1 1 0.001600 10.0
 26 63 4  1 1 0.024950 10.0
 26 63 22  1 1 0.026670 10.0
 26 63 23  1 1 0.030090 10.0
 26 64 22  1 1 0.037090 10.0
 26 64 23  1 1 0.059080 10.0
 26 64 24  1 1 0.015550 10.0
 26 66 3  1 1 0.013000 10.0
 26 66 4  1 1 0.009170 10.0
 26 67 3  1 1 0.022720 10.0
 26 67 4  1 1 0.038320 10.0
 26 67 5  1 1 0.034250 10.0
 26 68 3  1 1 0.023020 10.0
 26 68 4  1 1 0.034690 10.0
 26 68 5  1 1 0.039620 10.0
 26 69 3  1 1 0.026830 10.0
 26 69 4  1 1 0.033510 10.0
 26 69 5  1 1 0.037860 10.0
 26 70 3  1 1 0.027890 10.0
 26 70 4  1 1 0.026110 10.0
 26 70 5  1 1 0.027630 10.0
 26 70 6  1 1 0.003370 10.0
 26 71 3  1 1 0.030180 10.0
 26 72 3  1 1 0.023560 10.0
 26 72 4  1 1 0.013700 10.0
 26 73 4  1 1 0.004070 10.0
 26 74 4  1 1 0.015510 10.0
 26 75 4  1 1 0.026560 10.0
 26 93 3  1 1 0.017490 10.0
 26 93 4  1 1 0.036550 10.0
 26 93 5  1 1 0.031790 10.0
 26 94 3  1 1 0.013740 10.0
 26 94 4  1 1 0.033970 10.0
 26 94 5  1 1 0.046810 10.0
 26 94 6  1 1 0.055600 10.0
 26 94 7  1 1 0.043940 10.0
 26 95 3  1 1 0.016340 10.0
 26 95 4  1 1 0.033450 10.0
 26 95 5  1 1 0.045800 10.0
 26 95 6  1 1 0.054430 10.0
 26 95 7  1 1 0.058410 10.0
 26 95 8  1 1 0.041880 10.0
 26 96 4  1 1 0.026600 10.0
 26 96 5  1 1 0.042510 10.0
 26 96 6  1 1 0.055200 10.0
 26 96 7  1 1 0.059920 10.0
 26 96 8  1 1 0.053710 10.0
 26 96 9  1 1 0.031510 10.0
 26 97 3  1 1 0.017260 10.0
 26 97 4  1 1 0.031130 10.0
 26 97 5  1 1 0.038470 10.0
 26 97 6  1 1 0.048950 10.0
 26 97 7  1 1 0.059090 10.0
 26 97 8  1 1 0.062380 10.0
 26 97 9  1 1 0.060990 10.0
 26 97 10  1 1 0.064830 10.0
 26 97 11  1 1 0.072990 10.0
 26 98 3  1 1 0.000990 10.0
 26 98 4  1 1 0.017780 10.0
 26 98 5  1 1 0.024010 10.0
 26 98 6  1 1 0.033770 10.0
 26 98 7  1 1 0.046720 10.0
 26 98 8  1 1 0.054270 10.0
 26 98 9  1 1 0.064600 10.0
 26 98 10  1 1 0.075810 10.0
 26 98 11  1 1 0.085420 10.0
 26 98 12  1 1 0.099170 10.0
 26 99 3  1 1 0.006710 10.0
 26 99 4  1 1 0.012670 10.0
 26 99 7  1 1 0.020170 10.0
 26 99 8  1 1 0.043860 10.0
 26 99 9  1 1 0.063930 10.0
 26 99 10  1 1 0.076780 10.0
 26 99 11  1 1 0.079750 10.0
 26 99 12  1 1 0.078280 10.0
 26 100 3  1 1 0.012750 10.0
 26 100 4  1 1 0.025480 10.0
 26 100 8  1 1 0.015550 10.0
 26 100 9  1 1 0.044830 10.0
 26 100 10  1 1 0.060710 10.0
 26 100 11  1 1 0.062560 10.0
 26 100 12  1 1 0.034910 10.0
 27 1 3  1 1 0.018890 10.0
 27 1 4  1 1 0.033250 10.0
 27 1 5  1 1 0.042480 10.0
 27 1 6  1 1 0.054350 10.0
 27 1 7  1 1 0.066710 10.0
 27 1 8  1 1 0.074270 10.0
 27 1 9  1 1 0.076240 10.0
 27 1 10  1 1 0.079120 10.0
 27 1 11  1 1 0.092670 10.0
 27 2 4  1 1 0.020920 10.0
 27 2 5  1 1 0.027600 10.0
 27 2 6  1 1 0.038610 10.0
 27 2 7  1 1 0.056620 10.0
 27 2 8  1 1 0.070230 10.0
 27 2 9  1 1 0.077440 10.0
 27 2 10  1 1 0.080120 10.0
 27 2 11  1 1 0.084460 10.0
 27 2 12  1 1 0.098490 10.0
 27 3 7  1 1 0.033560 10.0
 27 3 8  1 1 0.054450 10.0
 27 3 9  1 1 0.062260 10.0
 27 3 10  1 1 0.067740 10.0
 27 3 11  1 1 0.073940 10.0
 27 3 12  1 1 0.084340 10.0
 27 4 8  1 1 0.019260 10.0
 27 4 9  1 1 0.037600 10.0
 27 4 10  1 1 0.036410 10.0
 27 23 3  1 1 0.026900 10.0
 27 23 4  1 1 0.039850 10.0
 27 24 3  1 1 0.022990 10.0
 27 24 4  1 1 0.041580 10.0
 27 24 5  1 1 0.021430 10.0
 27 25 4  1 1 0.034680 10.0
 27 25 5  1 1 0.030310 10.0
 27 26 4  1 1 0.018350 10.0
 27 26 5  1 1 0.015550 10.0
 27 29 3  1 1 0.026530 10.0
 27 29 4  1 1 0.040550 10.0
 27 29 5  1 1 0.049330 10.0
 27 30 3  1 1 0.017220 10.0
 27 30 4  1 1 0.039060 10.0
 27 30 5  1 1 0.044780 10.0
 27 30 6  1 1 0.043320 10.0
 27 31 5  1 1 0.004480 10.0
 27 36 10  1 1 0.020540 10.0
 27 37 24  1 1 0.051410 10.0
 27 37 25  1 1 0.099850 10.0
 27 37 26  1 1 0.106480 10.0
 27 37 27  1 1 0.088640 10.0
 27 38 2  1 1 0.004900 10.0
 27 38 3  1 1 0.009870 10.0
 27 38 23  1 1 0.015590 10.0
 27 38 24  1 1 0.071370 10.0
 27 38 25  1 1 0.094670 10.0
 27 38 26  1 1 0.110310 10.0
 27 38 27  1 1 0.121860 10.0
 27 38 28  1 1 0.134120 10.0
 27 38 29  1 1 0.144060 10.0
 27 39 2  1 1 0.007410 10.0
 27 39 3  1 1 0.026760 10.0
 27 39 4  1 1 0.004070 10.0
 27 39 23  1 1 0.026360 10.0
 27 39 24  1 1 0.062080 10.0
 27 39 25  1 1 0.091240 10.0
 27 39 26  1 1 0.114560 10.0
 27 39 27  1 1 0.123390 10.0
 27 39 28  1 1 0.115130 10.0
 27 40 3  1 1 0.013780 10.0
 27 40 4  1 1 0.016300 10.0
 27 40 24  1 1 0.004280 10.0
 27 40 25  1 1 0.062420 10.0
 27 40 26  1 1 0.067540 10.0
 27 40 27  1 1 0.030750 10.0
 27 41 4  1 1 0.012670 10.0
 27 41 11  1 1 0.060100 10.0
 27 41 12  1 1 0.078460 10.0
 27 41 13  1 1 0.080740 10.0
 27 42 2  1 1 0.000040 10.0
 27 42 3  1 1 0.012670 10.0
 27 42 11  1 1 0.042730 10.0
 27 42 12  1 1 0.067350 10.0
 27 42 13  1 1 0.078190 10.0
 27 42 14  1 1 0.069270 10.0
 27 43 3  1 1 0.020440 10.0
 27 43 4  1 1 0.026320 10.0
 27 43 5  1 1 0.023650 10.0
 27 43 6  1 1 0.015880 10.0
 27 43 7  1 1 0.014600 10.0
 27 43 8  1 1 0.024540 10.0
 27 43 9  1 1 0.041320 10.0
 27 43 10  1 1 0.061620 10.0
 27 43 11  1 1 0.079190 10.0
 27 43 12  1 1 0.087300 10.0
 27 43 13  1 1 0.085580 10.0
 27 43 14  1 1 0.051300 10.0
 27 43 22  1 1 0.007240 10.0
 27 43 23  1 1 0.054260 10.0
 27 43 24  1 1 0.073820 10.0
 27 43 25  1 1 0.080880 10.0
 27 43 26  1 1 0.079020 10.0
 27 43 27  1 1 0.065910 10.0
 27 43 28  1 1 0.030640 10.0
 27 44 5  1 1 0.010200 10.0
 27 44 6  1 1 0.022720 10.0
 27 44 7  1 1 0.034440 10.0
 27 44 8  1 1 0.047290 10.0
 27 44 9  1 1 0.060730 10.0
 27 44 10  1 1 0.073650 10.0
 27 44 11  1 1 0.082560 10.0
 27 44 12  1 1 0.085580 10.0
 27 44 13  1 1 0.082500 10.0
 27 44 14  1 1 0.053100 10.0
 27 44 22  1 1 0.054250 10.0
 27 44 23  1 1 0.089420 10.0
 27 44 24  1 1 0.102350 10.0
 27 44 25  1 1 0.105780 10.0
 27 44 26  1 1 0.098350 10.0
 27 44 27  1 1 0.073320 10.0
 27 45 7  1 1 0.010740 10.0
 27 45 8  1 1 0.037880 10.0
 27 45 9  1 1 0.055940 10.0
 27 45 10  1 1 0.070180 10.0
 27 45 11  1 1 0.077790 10.0
 27 45 12  1 1 0.082300 10.0
 27 45 13  1 1 0.081870 10.0
 27 45 14  1 1 0.057570 10.0
 27 45 21  1 1 0.065240 10.0
 27 45 22  1 1 0.106220 10.0
 27 45 23  1 1 0.113100 10.0
 27 45 24  1 1 0.113610 10.0
 27 45 25  1 1 0.113630 10.0
 27 45 26  1 1 0.117810 10.0
 27 45 27  1 1 0.108740 10.0
 27 45 28  1 1 0.074990 10.0
 27 46 9  1 1 0.023600 10.0
 27 46 10  1 1 0.040570 10.0
 27 46 11  1 1 0.059120 10.0
 27 46 12  1 1 0.075080 10.0
 27 46 13  1 1 0.078120 10.0
 27 46 14  1 1 0.044110 10.0
 27 46 21  1 1 0.055060 10.0
 27 46 22  1 1 0.065870 10.0
 27 46 23  1 1 0.063910 10.0
 27 46 24  1 1 0.052940 10.0
 27 46 25  1 1 0.023350 10.0
 27 47 11  1 1 0.035370 10.0
 27 47 12  1 1 0.065200 10.0
 27 47 13  1 1 0.065110 10.0
 27 47 14  1 1 0.032400 10.0
 27 47 20  1 1 0.005430 10.0
 27 47 21  1 1 0.012790 10.0
 27 48 20  1 1 0.003090 10.0
 27 48 21  1 1 0.041100 10.0
 27 49 21  1 1 0.073100 10.0
 27 49 22  1 1 0.100780 10.0
 27 49 23  1 1 0.102140 10.0
 27 49 24  1 1 0.095820 10.0
 27 49 25  1 1 0.078990 10.0
 27 49 26  1 1 0.050060 10.0
 27 50 21  1 1 0.028560 10.0
 27 50 22  1 1 0.101460 10.0
 27 50 23  1 1 0.129980 10.0
 27 50 24  1 1 0.137930 10.0
 27 50 25  1 1 0.138610 10.0
 27 50 26  1 1 0.129010 10.0
 27 50 27  1 1 0.121140 10.0
 27 50 28  1 1 0.109190 10.0
 27 50 29  1 1 0.088470 10.0
 27 50 30  1 1 0.060020 10.0
 27 51 22  1 1 0.019550 10.0
 27 51 23  1 1 0.096230 10.0
 27 51 24  1 1 0.127710 10.0
 27 51 25  1 1 0.140860 10.0
 27 51 26  1 1 0.145940 10.0
 27 51 27  1 1 0.149150 10.0
 27 51 28  1 1 0.149090 10.0
 27 51 29  1 1 0.144580 10.0
 27 51 30  1 1 0.128230 10.0
 27 51 31  1 1 0.072690 10.0
 27 52 24  1 1 0.031480 10.0
 27 52 25  1 1 0.073610 10.0
 27 52 26  1 1 0.092000 10.0
 27 52 27  1 1 0.101410 10.0
 27 52 28  1 1 0.104870 10.0
 27 52 29  1 1 0.097280 10.0
 27 52 30  1 1 0.046410 10.0
 27 61 16  1 1 0.002470 10.0
 27 61 17  1 1 0.031650 10.0
 27 61 18  1 1 0.043510 10.0
 27 61 19  1 1 0.047680 10.0
 27 61 20  1 1 0.045040 10.0
 27 61 21  1 1 0.009420 10.0
 27 62 19  1 1 0.009050 10.0
 27 62 20  1 1 0.043490 10.0
 27 62 21  1 1 0.073960 10.0
 27 62 22  1 1 0.091010 10.0
 27 62 23  1 1 0.066160 10.0
 27 63 3  1 1 0.006250 10.0
 27 63 19  1 1 0.020600 10.0
 27 63 20  1 1 0.037480 10.0
 27 63 21  1 1 0.060850 10.0
 27 63 22  1 1 0.064430 10.0
 27 66 3  1 1 0.016950 10.0
 27 67 3  1 1 0.024270 10.0
 27 67 4  1 1 0.019840 10.0
 27 68 3  1 1 0.001690 10.0
 27 68 4  1 1 0.009010 10.0
 27 69 4  1 1 0.004980 10.0
 27 74 3  1 1 0.009870 10.0
 27 92 3  1 1 0.000410 10.0
 27 93 4  1 1 0.044590 10.0
 27 93 5  1 1 0.051660 10.0
 27 93 6  1 1 0.015020 10.0
 27 94 4  1 1 0.022990 10.0
 27 94 5  1 1 0.045940 10.0
 27 94 6  1 1 0.061900 10.0
 27 94 7  1 1 0.047030 10.0
 27 95 3  1 1 0.026360 10.0
 27 95 4  1 1 0.040340 10.0
 27 95 5  1 1 0.046540 10.0
 27 95 6  1 1 0.051600 10.0
 27 95 7  1 1 0.057090 10.0
 27 95 8  1 1 0.035080 10.0
 27 96 4  1 1 0.032510 10.0
 27 96 5  1 1 0.051260 10.0
 27 96 6  1 1 0.061900 10.0
 27 96 7  1 1 0.065200 10.0
 27 96 8  1 1 0.060520 10.0
 27 96 9  1 1 0.050880 10.0
 27 96 10  1 1 0.045300 10.0
 27 97 3  1 1 0.018890 10.0
 27 97 4  1 1 0.033250 10.0
 27 97 5  1 1 0.042480 10.0
 27 97 6  1 1 0.054350 10.0
 27 97 7  1 1 0.066710 10.0
 27 97 8  1 1 0.074270 10.0
 27 97 9  1 1 0.076240 10.0
 27 97 10  1 1 0.079120 10.0
 27 97 11  1 1 0.092670 10.0
 27 98 4  1 1 0.020920 10.0
 27 98 5  1 1 0.027600 10.0
 27 98 6  1 1 0.038610 10.0
 27 98 7  1 1 0.056620 10.0
 27 98 8  1 1 0.070230 10.0
 27 98 9  1 1 0.077440 10.0
 27 98 10  1 1 0.080120 10.0
 27 98 11  1 1 0.084460 10.0
 27 98 12  1 1 0.098490 10.0
 27 99 7  1 1 0.033560 10.0
 27 99 8  1 1 0.054450 10.0
 27 99 9  1 1 0.062260 10.0
 27 99 10  1 1 0.067740 10.0
 27 99 11  1 1 0.073940 10.0
 27 99 12  1 1 0.084340 10.0
 27 100 8  1 1 0.019260 10.0
 27 100 9  1 1 0.037600 10.0
 27 100 10  1 1 0.036410 10.0
 28 1 3  1 1 0.012750 10.0
 28 1 4  1 1 0.028260 10.0
 28 1 5  1 1 0.040960 10.0
 28 1 6  1 1 0.055050 10.0
 28 1 7  1 1 0.067660 10.0
 28 1 8  1 1 0.073300 10.0
 28 1 9  1 1 0.075290 10.0
 28 1 10  1 1 0.081170 10.0
 28 1 11  1 1 0.079920 10.0
 28 2 4  1 1 0.003990 10.0
 28 2 5  1 1 0.018920 10.0
 28 2 6  1 1 0.036480 10.0
 28 2 7  1 1 0.055170 10.0
 28 2 8  1 1 0.065770 10.0
 28 2 9  1 1 0.070570 10.0
 28 2 10  1 1 0.078580 10.0
 28 2 11  1 1 0.076450 10.0
 28 3 7  1 1 0.025190 10.0
 28 3 8  1 1 0.043240 10.0
 28 3 9  1 1 0.058520 10.0
 28 3 10  1 1 0.077610 10.0
 28 3 11  1 1 0.090620 10.0
 28 25 3  1 1 0.032290 10.0
 28 25 4  1 1 0.024070 10.0
 28 26 3  1 1 0.023410 10.0
 28 26 4  1 1 0.033380 10.0
 28 30 3  1 1 0.018490 10.0
 28 30 4  1 1 0.000080 10.0
 28 30 5  1 1 0.010240 10.0
 28 35 7  1 1 0.019000 10.0
 28 37 24  1 1 0.045940 10.0
 28 37 25  1 1 0.062320 10.0
 28 37 26  1 1 0.041260 10.0
 28 38 23  1 1 0.037870 10.0
 28 38 24  1 1 0.072290 10.0
 28 38 25  1 1 0.086490 10.0
 28 38 26  1 1 0.088550 10.0
 28 38 27  1 1 0.094850 10.0
 28 38 28  1 1 0.066090 10.0
 28 39 23  1 1 0.008060 10.0
 28 39 24  1 1 0.012790 10.0
 28 39 25  1 1 0.006380 10.0
 28 40 11  1 1 0.027940 10.0
 28 40 12  1 1 0.033220 10.0
 28 40 13  1 1 0.003460 10.0
 28 41 10  1 1 0.058220 10.0
 28 41 11  1 1 0.079800 10.0
 28 41 12  1 1 0.091850 10.0
 28 41 13  1 1 0.095160 10.0
 28 41 14  1 1 0.053850 10.0
 28 42 9  1 1 0.000040 10.0
 28 42 10  1 1 0.051610 10.0
 28 42 11  1 1 0.072950 10.0
 28 42 12  1 1 0.083830 10.0
 28 42 13  1 1 0.087010 10.0
 28 42 14  1 1 0.075610 10.0
 28 43 3  1 1 0.015180 10.0
 28 43 4  1 1 0.018220 10.0
 28 43 5  1 1 0.006710 10.0
 28 43 7  1 1 0.004320 10.0
 28 43 8  1 1 0.034140 10.0
 28 43 9  1 1 0.057930 10.0
 28 43 10  1 1 0.077020 10.0
 28 43 11  1 1 0.089970 10.0
 28 43 12  1 1 0.092000 10.0
 28 43 13  1 1 0.082910 10.0
 28 43 14  1 1 0.019260 10.0
 28 44 3  1 1 0.016090 10.0
 28 44 4  1 1 0.028680 10.0
 28 44 5  1 1 0.038460 10.0
 28 44 6  1 1 0.045390 10.0
 28 44 7  1 1 0.053760 10.0
 28 44 8  1 1 0.065000 10.0
 28 44 9  1 1 0.076970 10.0
 28 44 10  1 1 0.088000 10.0
 28 44 11  1 1 0.094330 10.0
 28 44 12  1 1 0.090100 10.0
 28 44 13  1 1 0.078720 10.0
 28 45 5  1 1 0.018000 10.0
 28 45 6  1 1 0.036230 10.0
 28 45 7  1 1 0.052320 10.0
 28 45 8  1 1 0.067930 10.0
 28 45 9  1 1 0.080410 10.0
 28 45 10  1 1 0.088470 10.0
 28 45 11  1 1 0.088920 10.0
 28 45 12  1 1 0.084010 10.0
 28 45 13  1 1 0.084990 10.0
 28 46 6  1 1 0.002390 10.0
 28 46 7  1 1 0.033870 10.0
 28 46 8  1 1 0.056150 10.0
 28 46 9  1 1 0.067880 10.0
 28 46 10  1 1 0.067210 10.0
 28 46 11  1 1 0.065020 10.0
 28 46 12  1 1 0.076020 10.0
 28 46 13  1 1 0.071560 10.0
 28 47 9  1 1 0.012300 10.0
 28 47 10  1 1 0.009540 10.0
 28 47 11  1 1 0.025460 10.0
 28 47 12  1 1 0.064120 10.0
 28 47 13  1 1 0.071810 10.0
 28 47 14  1 1 0.048860 10.0
 28 50 23  1 1 0.005590 10.0
 28 60 16  1 1 0.005310 10.0
 28 61 16  1 1 0.022770 10.0
 28 61 17  1 1 0.049500 10.0
 28 61 18  1 1 0.069140 10.0
 28 62 18  1 1 0.017260 10.0
 28 62 19  1 1 0.046330 10.0
 28 62 20  1 1 0.030460 10.0
 28 63 19  1 1 0.035490 10.0
 28 63 20  1 1 0.034920 10.0
 28 73 2  1 1 0.022310 10.0
 28 92 2  1 1 0.008230 10.0
 28 93 3  1 1 0.027980 10.0
 28 93 4  1 1 0.054020 10.0
 28 93 5  1 1 0.043980 10.0
 28 94 4  1 1 0.003700 10.0
 28 94 5  1 1 0.048710 10.0
 28 94 6  1 1 0.055590 10.0
 28 95 3  1 1 0.016090 10.0
 28 95 4  1 1 0.024970 10.0
 28 95 5  1 1 0.033490 10.0
 28 95 6  1 1 0.043100 10.0
 28 95 7  1 1 0.047680 10.0
 28 96 3  1 1 0.015300 10.0
 28 96 4  1 1 0.037010 10.0
 28 96 5  1 1 0.050210 10.0
 28 96 6  1 1 0.058520 10.0
 28 96 7  1 1 0.060810 10.0
 28 96 8  1 1 0.060280 10.0
 28 96 9  1 1 0.063740 10.0
 28 96 10  1 1 0.059820 10.0
 28 97 3  1 1 0.012750 10.0
 28 97 4  1 1 0.028260 10.0
 28 97 5  1 1 0.040960 10.0
 28 97 6  1 1 0.055050 10.0
 28 97 7  1 1 0.067660 10.0
 28 97 8  1 1 0.073300 10.0
 28 97 9  1 1 0.075290 10.0
 28 97 10  1 1 0.081170 10.0
 28 97 11  1 1 0.079920 10.0
 28 98 4  1 1 0.003990 10.0
 28 98 5  1 1 0.018920 10.0
 28 98 6  1 1 0.036480 10.0
 28 98 7  1 1 0.055170 10.0
 28 98 8  1 1 0.065770 10.0
 28 98 9  1 1 0.070570 10.0
 28 98 10  1 1 0.078580 10.0
 28 98 11  1 1 0.076450 10.0
 28 99 7  1 1 0.025190 10.0
 28 99 8  1 1 0.043240 10.0
 28 99 9  1 1 0.058520 10.0
 28 99 10  1 1 0.077610 10.0
 28 99 11  1 1 0.090620 10.0
 29 1 4  1 1 0.016470 10.0
 29 1 5  1 1 0.032590 10.0
 29 1 6  1 1 0.043910 10.0
 29 1 7  1 1 0.054930 10.0
 29 1 8  1 1 0.066840 10.0
 29 1 9  1 1 0.080850 10.0
 29 1 10  1 1 0.075830 10.0
 29 2 6  1 1 0.029440 10.0
 29 2 7  1 1 0.048730 10.0
 29 2 8  1 1 0.063490 10.0
 29 2 9  1 1 0.076430 10.0
 29 2 10  1 1 0.063910 10.0
 29 3 7  1 1 0.040880 10.0
 29 3 8  1 1 0.061120 10.0
 29 3 9  1 1 0.070110 10.0
 29 3 10  1 1 0.062880 10.0
 29 26 2  1 1 0.011970 10.0
 29 26 3  1 1 0.019910 10.0
 29 37 24  1 1 0.035930 10.0
 29 37 25  1 1 0.012380 10.0
 29 38 22  1 1 0.012140 10.0
 29 38 23  1 1 0.045640 10.0
 29 38 24  1 1 0.063290 10.0
 29 38 25  1 1 0.073360 10.0
 29 38 26  1 1 0.060480 10.0
 29 40 9  1 1 0.035880 10.0
 29 40 10  1 1 0.060300 10.0
 29 40 11  1 1 0.070060 10.0
 29 40 12  1 1 0.071220 10.0
 29 40 13  1 1 0.061860 10.0
 29 41 9  1 1 0.043070 10.0
 29 41 10  1 1 0.066730 10.0
 29 41 11  1 1 0.080440 10.0
 29 41 12  1 1 0.090470 10.0
 29 41 13  1 1 0.095770 10.0
 29 41 14  1 1 0.092680 10.0
 29 42 8  1 1 0.021380 10.0
 29 42 9  1 1 0.052970 10.0
 29 42 10  1 1 0.070510 10.0
 29 42 11  1 1 0.081950 10.0
 29 42 12  1 1 0.088850 10.0
 29 42 13  1 1 0.092340 10.0
 29 42 14  1 1 0.081820 10.0
 29 43 3  1 1 0.023640 10.0
 29 43 4  1 1 0.033670 10.0
 29 43 5  1 1 0.034870 10.0
 29 43 6  1 1 0.035340 10.0
 29 43 7  1 1 0.044010 10.0
 29 43 8  1 1 0.059070 10.0
 29 43 9  1 1 0.073510 10.0
 29 43 10  1 1 0.084680 10.0
 29 43 11  1 1 0.091540 10.0
 29 43 12  1 1 0.092370 10.0
 29 43 13  1 1 0.088510 10.0
 29 43 14  1 1 0.062520 10.0
 29 44 3  1 1 0.019670 10.0
 29 44 4  1 1 0.036870 10.0
 29 44 5  1 1 0.050040 10.0
 29 44 6  1 1 0.060730 10.0
 29 44 7  1 1 0.070610 10.0
 29 44 8  1 1 0.080500 10.0
 29 44 9  1 1 0.089470 10.0
 29 44 10  1 1 0.095660 10.0
 29 44 11  1 1 0.096770 10.0
 29 44 12  1 1 0.090310 10.0
 29 44 13  1 1 0.077390 10.0
 29 45 3  1 1 0.001150 10.0
 29 45 4  1 1 0.026520 10.0
 29 45 5  1 1 0.041950 10.0
 29 45 6  1 1 0.055480 10.0
 29 45 7  1 1 0.068290 10.0
 29 45 8  1 1 0.080220 10.0
 29 45 9  1 1 0.089550 10.0
 29 45 10  1 1 0.093370 10.0
 29 45 11  1 1 0.089780 10.0
 29 45 12  1 1 0.078530 10.0
 29 45 13  1 1 0.065990 10.0
 29 46 4  1 1 0.001230 10.0
 29 46 5  1 1 0.028770 10.0
 29 46 6  1 1 0.046100 10.0
 29 46 7  1 1 0.061800 10.0
 29 46 8  1 1 0.075810 10.0
 29 46 9  1 1 0.084560 10.0
 29 46 10  1 1 0.085230 10.0
 29 46 11  1 1 0.073540 10.0
 29 46 12  1 1 0.072710 10.0
 29 46 13  1 1 0.074380 10.0
 29 46 14  1 1 0.042630 10.0
 29 47 6  1 1 0.026430 10.0
 29 47 7  1 1 0.043790 10.0
 29 47 8  1 1 0.065200 10.0
 29 47 9  1 1 0.080680 10.0
 29 47 10  1 1 0.068700 10.0
 29 47 11  1 1 0.020170 10.0
 29 47 12  1 1 0.010820 10.0
 29 47 13  1 1 0.043440 10.0
 29 47 14  1 1 0.031390 10.0
 29 57 16  1 1 0.020830 10.0
 29 57 17  1 1 0.027530 10.0
 29 57 18  1 1 0.031340 10.0
 29 57 19  1 1 0.024620 10.0
 29 58 15  1 1 0.019060 10.0
 29 58 16  1 1 0.037250 10.0
 29 58 17  1 1 0.044940 10.0
 29 58 18  1 1 0.046260 10.0
 29 58 19  1 1 0.053120 10.0
 29 58 20  1 1 0.073760 10.0
 29 58 21  1 1 0.089200 10.0
 29 58 22  1 1 0.090100 10.0
 29 59 16  1 1 0.016220 10.0
 29 59 17  1 1 0.022180 10.0
 29 59 18  1 1 0.016590 10.0
 29 59 19  1 1 0.023760 10.0
 29 59 20  1 1 0.043870 10.0
 29 59 21  1 1 0.081250 10.0
 29 59 22  1 1 0.109790 10.0
 29 59 23  1 1 0.115260 10.0
 29 59 24  1 1 0.099410 10.0
 29 60 22  1 1 0.019590 10.0
 29 60 23  1 1 0.019290 10.0
 29 61 16  1 1 0.005590 10.0
 29 61 17  1 1 0.003740 10.0
 29 93 3  1 1 0.025830 10.0
 29 93 4  1 1 0.025440 10.0
 29 94 4  1 1 0.020440 10.0
 29 94 5  1 1 0.033580 10.0
 29 95 4  1 1 0.002300 10.0
 29 95 5  1 1 0.024310 10.0
 29 95 6  1 1 0.032670 10.0
 29 95 7  1 1 0.003990 10.0
 29 96 3  1 1 0.008310 10.0
 29 96 4  1 1 0.028350 10.0
 29 96 5  1 1 0.038940 10.0
 29 96 6  1 1 0.045920 10.0
 29 96 7  1 1 0.055370 10.0
 29 96 8  1 1 0.067330 10.0
 29 96 9  1 1 0.060320 10.0
 29 97 4  1 1 0.016470 10.0
 29 97 5  1 1 0.032590 10.0
 29 97 6  1 1 0.043910 10.0
 29 97 7  1 1 0.054930 10.0
 29 97 8  1 1 0.066840 10.0
 29 97 9  1 1 0.080850 10.0
 29 97 10  1 1 0.075830 10.0
 29 98 6  1 1 0.029440 10.0
 29 98 7  1 1 0.048730 10.0
 29 98 8  1 1 0.063490 10.0
 29 98 9  1 1 0.076430 10.0
 29 98 10  1 1 0.063910 10.0
 29 99 7  1 1 0.040880 10.0
 29 99 8  1 1 0.061120 10.0
 29 99 9  1 1 0.070110 10.0
 29 99 10  1 1 0.062880 10.0
 30 1 5  1 1 0.013780 10.0
 30 1 6  1 1 0.036580 10.0
 30 1 7  1 1 0.059360 10.0
 30 1 8  1 1 0.072690 10.0
 30 1 9  1 1 0.054460 10.0
 30 2 6  1 1 0.036230 10.0
 30 2 7  1 1 0.057660 10.0
 30 2 8  1 1 0.063640 10.0
 30 2 9  1 1 0.027270 10.0
 30 3 6  1 1 0.003250 10.0
 30 3 7  1 1 0.022600 10.0
 30 38 9  1 1 0.002880 10.0
 30 38 10  1 1 0.006010 10.0
 30 38 22  1 1 0.055590 10.0
 30 38 23  1 1 0.096940 10.0
 30 38 24  1 1 0.104980 10.0
 30 38 25  1 1 0.096680 10.0
 30 38 26  1 1 0.060570 10.0
 30 39 8  1 1 0.014150 10.0
 30 39 9  1 1 0.044990 10.0
 30 39 10  1 1 0.060400 10.0
 30 39 11  1 1 0.068000 10.0
 30 39 12  1 1 0.065190 10.0
 30 39 21  1 1 0.027980 10.0
 30 39 22  1 1 0.039650 10.0
 30 39 23  1 1 0.044420 10.0
 30 39 24  1 1 0.049890 10.0
 30 39 25  1 1 0.040340 10.0
 30 40 8  1 1 0.032850 10.0
 30 40 9  1 1 0.055290 10.0
 30 40 10  1 1 0.069010 10.0
 30 40 11  1 1 0.079180 10.0
 30 40 12  1 1 0.087110 10.0
 30 40 13  1 1 0.090930 10.0
 30 40 14  1 1 0.010330 10.0
 30 41 7  1 1 0.001230 10.0
 30 41 8  1 1 0.042350 10.0
 30 41 9  1 1 0.059100 10.0
 30 41 10  1 1 0.069290 10.0
 30 41 11  1 1 0.078120 10.0
 30 41 12  1 1 0.087900 10.0
 30 41 13  1 1 0.094320 10.0
 30 41 14  1 1 0.096620 10.0
 30 42 3  1 1 0.019760 10.0
 30 42 4  1 1 0.017560 10.0
 30 42 7  1 1 0.033530 10.0
 30 42 8  1 1 0.052460 10.0
 30 42 9  1 1 0.063660 10.0
 30 42 10  1 1 0.070640 10.0
 30 42 11  1 1 0.076780 10.0
 30 42 12  1 1 0.084440 10.0
 30 42 13  1 1 0.090880 10.0
 30 42 14  1 1 0.079160 10.0
 30 42 15  1 1 0.011730 10.0
 30 43 3  1 1 0.023020 10.0
 30 43 4  1 1 0.038090 10.0
 30 43 5  1 1 0.047090 10.0
 30 43 6  1 1 0.053820 10.0
 30 43 7  1 1 0.062120 10.0
 30 43 8  1 1 0.071220 10.0
 30 43 9  1 1 0.079190 10.0
 30 43 10  1 1 0.084240 10.0
 30 43 11  1 1 0.084600 10.0
 30 43 12  1 1 0.085190 10.0
 30 43 13  1 1 0.085770 10.0
 30 43 14  1 1 0.070450 10.0
 30 43 15  1 1 0.016220 10.0
 30 44 3  1 1 0.017970 10.0
 30 44 4  1 1 0.037370 10.0
 30 44 5  1 1 0.051860 10.0
 30 44 6  1 1 0.064030 10.0
 30 44 7  1 1 0.074760 10.0
 30 44 8  1 1 0.084100 10.0
 30 44 9  1 1 0.090910 10.0
 30 44 10  1 1 0.093620 10.0
 30 44 11  1 1 0.091450 10.0
 30 44 12  1 1 0.085090 10.0
 30 44 13  1 1 0.078120 10.0
 30 44 14  1 1 0.045440 10.0
 30 44 15  1 1 0.031280 10.0
 30 45 3  1 1 0.001190 10.0
 30 45 4  1 1 0.029330 10.0
 30 45 5  1 1 0.045640 10.0
 30 45 6  1 1 0.059260 10.0
 30 45 7  1 1 0.071770 10.0
 30 45 8  1 1 0.082740 10.0
 30 45 9  1 1 0.091430 10.0
 30 45 10  1 1 0.095320 10.0
 30 45 11  1 1 0.092190 10.0
 30 45 12  1 1 0.082860 10.0
 30 45 13  1 1 0.076240 10.0
 30 45 14  1 1 0.046270 10.0
 30 45 15  1 1 0.066730 10.0
 30 46 4  1 1 0.019100 10.0
 30 46 5  1 1 0.038470 10.0
 30 46 6  1 1 0.054590 10.0
 30 46 7  1 1 0.069050 10.0
 30 46 8  1 1 0.081470 10.0
 30 46 9  1 1 0.089570 10.0
 30 46 10  1 1 0.089820 10.0
 30 46 11  1 1 0.078480 10.0
 30 46 12  1 1 0.065240 10.0
 30 46 13  1 1 0.076090 10.0
 30 46 14  1 1 0.077230 10.0
 30 47 5  1 1 0.018830 10.0
 30 47 6  1 1 0.043140 10.0
 30 47 7  1 1 0.059780 10.0
 30 47 8  1 1 0.076070 10.0
 30 47 9  1 1 0.090060 10.0
 30 47 10  1 1 0.093730 10.0
 30 47 11  1 1 0.080570 10.0
 30 48 8  1 1 0.011150 10.0
 30 48 9  1 1 0.024750 10.0
 30 48 10  1 1 0.005180 10.0
 30 57 14  1 1 0.003040 10.0
 30 57 15  1 1 0.037380 10.0
 30 57 16  1 1 0.052180 10.0
 30 57 17  1 1 0.061410 10.0
 30 57 18  1 1 0.073820 10.0
 30 57 19  1 1 0.084000 10.0
 30 57 20  1 1 0.084370 10.0
 30 57 21  1 1 0.074870 10.0
 30 57 22  1 1 0.059880 10.0
 30 57 23  1 1 0.031510 10.0
 30 58 12  1 1 0.000620 10.0
 30 58 13  1 1 0.034730 10.0
 30 58 14  1 1 0.054890 10.0
 30 58 15  1 1 0.072460 10.0
 30 58 16  1 1 0.086820 10.0
 30 58 17  1 1 0.098280 10.0
 30 58 18  1 1 0.107830 10.0
 30 58 19  1 1 0.116610 10.0
 30 58 20  1 1 0.125960 10.0
 30 58 21  1 1 0.133670 10.0
 30 58 22  1 1 0.140170 10.0
 30 58 23  1 1 0.142480 10.0
 30 58 24  1 1 0.134590 10.0
 30 58 25  1 1 0.070940 10.0
 30 59 12  1 1 0.011970 10.0
 30 59 13  1 1 0.030180 10.0
 30 59 14  1 1 0.043370 10.0
 30 59 15  1 1 0.057650 10.0
 30 59 16  1 1 0.073850 10.0
 30 59 17  1 1 0.085890 10.0
 30 59 18  1 1 0.095960 10.0
 30 59 19  1 1 0.104630 10.0
 30 59 20  1 1 0.113470 10.0
 30 59 21  1 1 0.128340 10.0
 30 59 22  1 1 0.140880 10.0
 30 59 23  1 1 0.146560 10.0
 30 59 24  1 1 0.141570 10.0
 30 59 25  1 1 0.122720 10.0
 30 60 16  1 1 0.006340 10.0
 30 60 17  1 1 0.022010 10.0
 30 60 18  1 1 0.027540 10.0
 30 60 19  1 1 0.042990 10.0
 30 60 20  1 1 0.056770 10.0
 30 60 21  1 1 0.084940 10.0
 30 60 22  1 1 0.121900 10.0
 30 60 23  1 1 0.135730 10.0
 30 60 24  1 1 0.132870 10.0
 30 94 3  1 1 0.011350 10.0
 30 94 4  1 1 0.017670 10.0
 30 95 4  1 1 0.018460 10.0
 30 95 5  1 1 0.025140 10.0
 30 96 4  1 1 0.011640 10.0
 30 96 5  1 1 0.028350 10.0
 30 96 6  1 1 0.049740 10.0
 30 96 7  1 1 0.062400 10.0
 30 96 8  1 1 0.037860 10.0
 30 97 5  1 1 0.013780 10.0
 30 97 6  1 1 0.036580 10.0
 30 97 7  1 1 0.059360 10.0
 30 97 8  1 1 0.072690 10.0
 30 97 9  1 1 0.054460 10.0
 30 98 6  1 1 0.036230 10.0
 30 98 7  1 1 0.057660 10.0
 30 98 8  1 1 0.063640 10.0
 30 98 9  1 1 0.027270 10.0
 30 99 6  1 1 0.003250 10.0
 30 99 7  1 1 0.022600 10.0
 31 1 5  1 1 0.033350 10.0
 31 1 6  1 1 0.053220 10.0
 31 1 7  1 1 0.053600 10.0
 31 2 5  1 1 0.027820 10.0
 31 2 6  1 1 0.038300 10.0
 31 2 7  1 1 0.027560 10.0
 31 37 7  1 1 0.011770 10.0
 31 37 8  1 1 0.019130 10.0
 31 37 9  1 1 0.008430 10.0
 31 38 7  1 1 0.043870 10.0
 31 38 8  1 1 0.063130 10.0
 31 38 9  1 1 0.075010 10.0
 31 38 10  1 1 0.077960 10.0
 31 38 11  1 1 0.069570 10.0
 31 38 12  1 1 0.038040 10.0
 31 39 7  1 1 0.018390 10.0
 31 39 8  1 1 0.041170 10.0
 31 39 9  1 1 0.055720 10.0
 31 39 10  1 1 0.069470 10.0
 31 39 11  1 1 0.079800 10.0
 31 39 12  1 1 0.081610 10.0
 31 39 13  1 1 0.066290 10.0
 31 39 22  1 1 0.054630 10.0
 31 39 23  1 1 0.067150 10.0
 31 39 24  1 1 0.066740 10.0
 31 39 25  1 1 0.067660 10.0
 31 39 26  1 1 0.061590 10.0
 31 40 7  1 1 0.030490 10.0
 31 40 8  1 1 0.046410 10.0
 31 40 9  1 1 0.056130 10.0
 31 40 10  1 1 0.066620 10.0
 31 40 11  1 1 0.076830 10.0
 31 40 12  1 1 0.083840 10.0
 31 40 13  1 1 0.083900 10.0
 31 40 14  1 1 0.057420 10.0
 31 40 23  1 1 0.003620 10.0
 31 41 6  1 1 0.016260 10.0
 31 41 7  1 1 0.032750 10.0
 31 41 8  1 1 0.039610 10.0
 31 41 9  1 1 0.048370 10.0
 31 41 10  1 1 0.062360 10.0
 31 41 11  1 1 0.075610 10.0
 31 41 12  1 1 0.083500 10.0
 31 41 13  1 1 0.089640 10.0
 31 41 14  1 1 0.106190 10.0
 31 42 3  1 1 0.016990 10.0
 31 42 4  1 1 0.030360 10.0
 31 42 5  1 1 0.034830 10.0
 31 42 6  1 1 0.040570 10.0
 31 42 7  1 1 0.043840 10.0
 31 42 8  1 1 0.048500 10.0
 31 42 9  1 1 0.053800 10.0
 31 42 10  1 1 0.060750 10.0
 31 42 11  1 1 0.075820 10.0
 31 42 12  1 1 0.085600 10.0
 31 42 13  1 1 0.090440 10.0
 31 42 14  1 1 0.086290 10.0
 31 42 15  1 1 0.054020 10.0
 31 43 3  1 1 0.016910 10.0
 31 43 4  1 1 0.034710 10.0
 31 43 5  1 1 0.047240 10.0
 31 43 6  1 1 0.056950 10.0
 31 43 7  1 1 0.065010 10.0
 31 43 8  1 1 0.071290 10.0
 31 43 9  1 1 0.073470 10.0
 31 43 10  1 1 0.069900 10.0
 31 43 11  1 1 0.071810 10.0
 31 43 12  1 1 0.088480 10.0
 31 43 13  1 1 0.096030 10.0
 31 43 14  1 1 0.094030 10.0
 31 43 15  1 1 0.089980 10.0
 31 44 3  1 1 0.014190 10.0
 31 44 4  1 1 0.035030 10.0
 31 44 5  1 1 0.050100 10.0
 31 44 6  1 1 0.062680 10.0
 31 44 7  1 1 0.073650 10.0
 31 44 8  1 1 0.082420 10.0
 31 44 9  1 1 0.087760 10.0
 31 44 10  1 1 0.087590 10.0
 31 44 11  1 1 0.078830 10.0
 31 44 12  1 1 0.079540 10.0
 31 44 13  1 1 0.092860 10.0
 31 44 14  1 1 0.087540 10.0
 31 44 15  1 1 0.078000 10.0
 31 45 3  1 1 0.004320 10.0
 31 45 4  1 1 0.030690 10.0
 31 45 5  1 1 0.046850 10.0
 31 45 6  1 1 0.060420 10.0
 31 45 7  1 1 0.072570 10.0
 31 45 8  1 1 0.083250 10.0
 31 45 9  1 1 0.091620 10.0
 31 45 10  1 1 0.094310 10.0
 31 45 11  1 1 0.088900 10.0
 31 45 12  1 1 0.075830 10.0
 31 45 13  1 1 0.079020 10.0
 31 45 14  1 1 0.079330 10.0
 31 45 15  1 1 0.013990 10.0
 31 46 4  1 1 0.014890 10.0
 31 46 5  1 1 0.037060 10.0
 31 46 6  1 1 0.053650 10.0
 31 46 7  1 1 0.068310 10.0
 31 46 8  1 1 0.081220 10.0
 31 46 9  1 1 0.090700 10.0
 31 46 10  1 1 0.094310 10.0
 31 46 11  1 1 0.087780 10.0
 31 46 12  1 1 0.068910 10.0
 31 46 13  1 1 0.046390 10.0
 31 47 5  1 1 0.026240 10.0
 31 47 6  1 1 0.047290 10.0
 31 47 7  1 1 0.063780 10.0
 31 47 8  1 1 0.076140 10.0
 31 47 9  1 1 0.087900 10.0
 31 47 10  1 1 0.096680 10.0
 31 47 11  1 1 0.091450 10.0
 31 47 12  1 1 0.030280 10.0
 31 48 6  1 1 0.020840 10.0
 31 48 7  1 1 0.030990 10.0
 31 48 8  1 1 0.026150 10.0
 31 48 9  1 1 0.016300 10.0
 31 57 16  1 1 0.003290 10.0
 31 57 17  1 1 0.038240 10.0
 31 57 18  1 1 0.065790 10.0
 31 57 19  1 1 0.085060 10.0
 31 57 20  1 1 0.096030 10.0
 31 57 21  1 1 0.096990 10.0
 31 57 22  1 1 0.065020 10.0
 31 58 13  1 1 0.034320 10.0
 31 58 14  1 1 0.063600 10.0
 31 58 15  1 1 0.081770 10.0
 31 58 16  1 1 0.093630 10.0
 31 58 17  1 1 0.103310 10.0
 31 58 18  1 1 0.113130 10.0
 31 58 19  1 1 0.122280 10.0
 31 58 20  1 1 0.129510 10.0
 31 58 21  1 1 0.136100 10.0
 31 58 22  1 1 0.142260 10.0
 31 58 23  1 1 0.146830 10.0
 31 58 24  1 1 0.139030 10.0
 31 59 3  1 1 0.005220 10.0
 31 59 12  1 1 0.022850 10.0
 31 59 13  1 1 0.059140 10.0
 31 59 14  1 1 0.079540 10.0
 31 59 15  1 1 0.093850 10.0
 31 59 16  1 1 0.106220 10.0
 31 59 17  1 1 0.116110 10.0
 31 59 18  1 1 0.123650 10.0
 31 59 19  1 1 0.128720 10.0
 31 59 20  1 1 0.133160 10.0
 31 59 21  1 1 0.140660 10.0
 31 59 22  1 1 0.146350 10.0
 31 59 23  1 1 0.147090 10.0
 31 59 24  1 1 0.139690 10.0
 31 59 25  1 1 0.119520 10.0
 31 60 12  1 1 0.046370 10.0
 31 60 13  1 1 0.062880 10.0
 31 60 14  1 1 0.067800 10.0
 31 60 15  1 1 0.070340 10.0
 31 60 16  1 1 0.076920 10.0
 31 60 17  1 1 0.079680 10.0
 31 60 18  1 1 0.076800 10.0
 31 60 19  1 1 0.075120 10.0
 31 60 20  1 1 0.082390 10.0
 31 60 21  1 1 0.105270 10.0
 31 60 22  1 1 0.126030 10.0
 31 60 23  1 1 0.130310 10.0
 31 60 24  1 1 0.110800 10.0
 31 61 11  1 1 0.030420 10.0
 31 61 12  1 1 0.043240 10.0
 31 61 13  1 1 0.034680 10.0
 31 62 10  1 1 0.025270 10.0
 31 62 11  1 1 0.041820 10.0
 31 62 12  1 1 0.051590 10.0
 31 62 13  1 1 0.051670 10.0
 31 63 12  1 1 0.017490 10.0
 31 63 13  1 1 0.035390 10.0
 31 63 14  1 1 0.038780 10.0
 31 95 3  1 1 0.015470 10.0
 31 95 4  1 1 0.033020 10.0
 31 95 5  1 1 0.017220 10.0
 31 96 4  1 1 0.005680 10.0
 31 96 5  1 1 0.045660 10.0
 31 96 6  1 1 0.058140 10.0
 31 96 7  1 1 0.034660 10.0
 31 97 5  1 1 0.033350 10.0
 31 97 6  1 1 0.053220 10.0
 31 97 7  1 1 0.053600 10.0
 31 98 5  1 1 0.027820 10.0
 31 98 6  1 1 0.038300 10.0
 31 98 7  1 1 0.027560 10.0
 32 36 5  1 1 0.017220 10.0
 32 36 6  1 1 0.024240 10.0
 32 36 7  1 1 0.021880 10.0
 32 37 5  1 1 0.033590 10.0
 32 37 6  1 1 0.056700 10.0
 32 37 7  1 1 0.067860 10.0
 32 37 8  1 1 0.072380 10.0
 32 37 9  1 1 0.070680 10.0
 32 37 10  1 1 0.065940 10.0
 32 37 11  1 1 0.045940 10.0
 32 38 6  1 1 0.026040 10.0
 32 38 7  1 1 0.044640 10.0
 32 38 8  1 1 0.058540 10.0
 32 38 9  1 1 0.070170 10.0
 32 38 10  1 1 0.080120 10.0
 32 38 11  1 1 0.086720 10.0
 32 38 12  1 1 0.081400 10.0
 32 39 6  1 1 0.005880 10.0
 32 39 7  1 1 0.024690 10.0
 32 39 8  1 1 0.037370 10.0
 32 39 9  1 1 0.049600 10.0
 32 39 10  1 1 0.062760 10.0
 32 39 11  1 1 0.077570 10.0
 32 39 12  1 1 0.088460 10.0
 32 39 13  1 1 0.082980 10.0
 32 40 7  1 1 0.006950 10.0
 32 40 8  1 1 0.029820 10.0
 32 40 9  1 1 0.050740 10.0
 32 40 10  1 1 0.065820 10.0
 32 40 11  1 1 0.077230 10.0
 32 40 12  1 1 0.090310 10.0
 32 40 13  1 1 0.099460 10.0
 32 41 8  1 1 0.000080 10.0
 32 41 9  1 1 0.040550 10.0
 32 41 10  1 1 0.070090 10.0
 32 41 11  1 1 0.087030 10.0
 32 41 12  1 1 0.095460 10.0
 32 41 13  1 1 0.092190 10.0
 32 41 14  1 1 0.054390 10.0
 32 42 3  1 1 0.013250 10.0
 32 42 4  1 1 0.026150 10.0
 32 42 5  1 1 0.021380 10.0
 32 42 6  1 1 0.020270 10.0
 32 42 7  1 1 0.022270 10.0
 32 42 8  1 1 0.018390 10.0
 32 42 9  1 1 0.024170 10.0
 32 42 10  1 1 0.050600 10.0
 32 42 11  1 1 0.079520 10.0
 32 42 12  1 1 0.093460 10.0
 32 42 13  1 1 0.094250 10.0
 32 42 14  1 1 0.083380 10.0
 32 43 3  1 1 0.008150 10.0
 32 43 4  1 1 0.031360 10.0
 32 43 5  1 1 0.044520 10.0
 32 43 6  1 1 0.054590 10.0
 32 43 7  1 1 0.060770 10.0
 32 43 8  1 1 0.059480 10.0
 32 43 9  1 1 0.045410 10.0
 32 43 10  1 1 0.033070 10.0
 32 43 11  1 1 0.042080 10.0
 32 43 12  1 1 0.070560 10.0
 32 43 13  1 1 0.080290 10.0
 32 43 14  1 1 0.066860 10.0
 32 44 3  1 1 0.013370 10.0
 32 44 4  1 1 0.034250 10.0
 32 44 5  1 1 0.049260 10.0
 32 44 6  1 1 0.061920 10.0
 32 44 7  1 1 0.072800 10.0
 32 44 8  1 1 0.080990 10.0
 32 44 9  1 1 0.084610 10.0
 32 44 10  1 1 0.076640 10.0
 32 44 11  1 1 0.041150 10.0
 32 44 12  1 1 0.022100 10.0
 32 44 13  1 1 0.044920 10.0
 32 44 14  1 1 0.025250 10.0
 32 45 3  1 1 0.003990 10.0
 32 45 4  1 1 0.030730 10.0
 32 45 5  1 1 0.046830 10.0
 32 45 6  1 1 0.060260 10.0
 32 45 7  1 1 0.072380 10.0
 32 45 8  1 1 0.082790 10.0
 32 45 9  1 1 0.090110 10.0
 32 45 10  1 1 0.090510 10.0
 32 45 11  1 1 0.079070 10.0
 32 45 12  1 1 0.039980 10.0
 32 46 4  1 1 0.001520 10.0
 32 46 5  1 1 0.032210 10.0
 32 46 6  1 1 0.050250 10.0
 32 46 7  1 1 0.066310 10.0
 32 46 8  1 1 0.080040 10.0
 32 46 9  1 1 0.089740 10.0
 32 46 10  1 1 0.093790 10.0
 32 46 11  1 1 0.089150 10.0
 32 46 12  1 1 0.075930 10.0
 32 47 5  1 1 0.023840 10.0
 32 47 6  1 1 0.046330 10.0
 32 47 7  1 1 0.063890 10.0
 32 47 8  1 1 0.075650 10.0
 32 47 9  1 1 0.083570 10.0
 32 47 10  1 1 0.089870 10.0
 32 47 11  1 1 0.088510 10.0
 32 48 6  1 1 0.035390 10.0
 32 48 7  1 1 0.050490 10.0
 32 48 8  1 1 0.043980 10.0
 32 48 9  1 1 0.014070 10.0
 32 57 19  1 1 0.018730 10.0
 32 58 13  1 1 0.043190 10.0
 32 58 14  1 1 0.073060 10.0
 32 58 15  1 1 0.088970 10.0
 32 58 16  1 1 0.097170 10.0
 32 58 17  1 1 0.102340 10.0
 32 58 18  1 1 0.107680 10.0
 32 58 19  1 1 0.109220 10.0
 32 58 20  1 1 0.108290 10.0
 32 58 21  1 1 0.104100 10.0
 32 58 22  1 1 0.082630 10.0
 32 58 23  1 1 0.032070 10.0
 32 59 3  1 1 0.025270 10.0
 32 59 4  1 1 0.025570 10.0
 32 59 11  1 1 0.029220 10.0
 32 59 12  1 1 0.052710 10.0
 32 59 13  1 1 0.076520 10.0
 32 59 14  1 1 0.094370 10.0
 32 59 15  1 1 0.107370 10.0
 32 59 16  1 1 0.116380 10.0
 32 59 17  1 1 0.121860 10.0
 32 59 18  1 1 0.124320 10.0
 32 59 19  1 1 0.123610 10.0
 32 59 20  1 1 0.118200 10.0
 32 59 21  1 1 0.117180 10.0
 32 59 22  1 1 0.120370 10.0
 32 59 23  1 1 0.108570 10.0
 32 59 24  1 1 0.043720 10.0
 32 60 3  1 1 0.006340 10.0
 32 60 4  1 1 0.016990 10.0
 32 60 10  1 1 0.013900 10.0
 32 60 11  1 1 0.045670 10.0
 32 60 12  1 1 0.070250 10.0
 32 60 13  1 1 0.084510 10.0
 32 60 14  1 1 0.090880 10.0
 32 60 15  1 1 0.093000 10.0
 32 60 16  1 1 0.093030 10.0
 32 60 17  1 1 0.089050 10.0
 32 60 18  1 1 0.079570 10.0
 32 60 19  1 1 0.076090 10.0
 32 60 20  1 1 0.078480 10.0
 32 60 21  1 1 0.102030 10.0
 32 60 22  1 1 0.111700 10.0
 32 60 23  1 1 0.016750 10.0
 32 61 10  1 1 0.026280 10.0
 32 61 11  1 1 0.051710 10.0
 32 61 12  1 1 0.063950 10.0
 32 61 13  1 1 0.052540 10.0
 32 62 9  1 1 0.020270 10.0
 32 62 10  1 1 0.043390 10.0
 32 62 11  1 1 0.053740 10.0
 32 62 12  1 1 0.055210 10.0
 32 62 13  1 1 0.027300 10.0
 32 63 10  1 1 0.016550 10.0
 32 63 11  1 1 0.015970 10.0
 32 63 12  1 1 0.021220 10.0
 32 63 13  1 1 0.025110 10.0
 32 63 14  1 1 0.034360 10.0
 32 96 4  1 1 0.023170 10.0
 32 96 5  1 1 0.029780 10.0
 33 36 3  1 1 0.015140 10.0
 33 36 4  1 1 0.042110 10.0
 33 36 5  1 1 0.048660 10.0
 33 36 6  1 1 0.049950 10.0
 33 36 7  1 1 0.045780 10.0
 33 36 8  1 1 0.035180 10.0
 33 37 5  1 1 0.029040 10.0
 33 37 6  1 1 0.042530 10.0
 33 37 7  1 1 0.056350 10.0
 33 37 8  1 1 0.071440 10.0
 33 37 9  1 1 0.082790 10.0
 33 37 10  1 1 0.066110 10.0
 33 38 6  1 1 0.006290 10.0
 33 38 7  1 1 0.026660 10.0
 33 38 8  1 1 0.044130 10.0
 33 38 9  1 1 0.065040 10.0
 33 38 10  1 1 0.086300 10.0
 33 38 11  1 1 0.083410 10.0
 33 39 7  1 1 0.016180 10.0
 33 39 8  1 1 0.041930 10.0
 33 39 9  1 1 0.060940 10.0
 33 39 10  1 1 0.079190 10.0
 33 39 11  1 1 0.085550 10.0
 33 39 12  1 1 0.060320 10.0
 33 40 8  1 1 0.036380 10.0
 33 40 9  1 1 0.067880 10.0
 33 40 10  1 1 0.082280 10.0
 33 40 11  1 1 0.083470 10.0
 33 40 12  1 1 0.069240 10.0
 33 41 9  1 1 0.027300 10.0
 33 41 10  1 1 0.050210 10.0
 33 41 11  1 1 0.057010 10.0
 33 41 12  1 1 0.047210 10.0
 33 42 11  1 1 0.013950 10.0
 33 42 12  1 1 0.024420 10.0
 33 43 3  1 1 0.010120 10.0
 33 43 4  1 1 0.031590 10.0
 33 43 5  1 1 0.044540 10.0
 33 43 6  1 1 0.053740 10.0
 33 43 7  1 1 0.056200 10.0
 33 43 8  1 1 0.042550 10.0
 33 44 3  1 1 0.016510 10.0
 33 44 4  1 1 0.035130 10.0
 33 44 5  1 1 0.049390 10.0
 33 44 6  1 1 0.061350 10.0
 33 44 7  1 1 0.071490 10.0
 33 44 8  1 1 0.079320 10.0
 33 44 9  1 1 0.080740 10.0
 33 44 10  1 1 0.061980 10.0
 33 45 4  1 1 0.028160 10.0
 33 45 5  1 1 0.045200 10.0
 33 45 6  1 1 0.059500 10.0
 33 45 7  1 1 0.071910 10.0
 33 45 8  1 1 0.082260 10.0
 33 45 9  1 1 0.089070 10.0
 33 45 10  1 1 0.089050 10.0
 33 45 11  1 1 0.076810 10.0
 33 46 5  1 1 0.029390 10.0
 33 46 6  1 1 0.049520 10.0
 33 46 7  1 1 0.066000 10.0
 33 46 8  1 1 0.079400 10.0
 33 46 9  1 1 0.088700 10.0
 33 46 10  1 1 0.091220 10.0
 33 46 11  1 1 0.084060 10.0
 33 46 12  1 1 0.062000 10.0
 33 47 5  1 1 0.021360 10.0
 33 47 6  1 1 0.044060 10.0
 33 47 7  1 1 0.061690 10.0
 33 47 8  1 1 0.074060 10.0
 33 47 9  1 1 0.079210 10.0
 33 47 10  1 1 0.079510 10.0
 33 47 11  1 1 0.016260 10.0
 33 48 6  1 1 0.040720 10.0
 33 48 7  1 1 0.059100 10.0
 33 48 8  1 1 0.057810 10.0
 33 48 9  1 1 0.041100 10.0
 33 49 7  1 1 0.037690 10.0
 33 49 8  1 1 0.011070 10.0
 33 58 12  1 1 0.003290 10.0
 33 58 13  1 1 0.045040 10.0
 33 58 14  1 1 0.066550 10.0
 33 58 15  1 1 0.074800 10.0
 33 58 16  1 1 0.081290 10.0
 33 58 17  1 1 0.087530 10.0
 33 58 18  1 1 0.076490 10.0
 33 58 19  1 1 0.036450 10.0
 33 59 2  1 1 0.007570 10.0
 33 59 3  1 1 0.026860 10.0
 33 59 8  1 1 0.013490 10.0
 33 59 9  1 1 0.035500 10.0
 33 59 10  1 1 0.048030 10.0
 33 59 11  1 1 0.055800 10.0
 33 59 12  1 1 0.064700 10.0
 33 59 13  1 1 0.078490 10.0
 33 59 14  1 1 0.092120 10.0
 33 59 15  1 1 0.101540 10.0
 33 59 16  1 1 0.107830 10.0
 33 59 17  1 1 0.111100 10.0
 33 59 18  1 1 0.112870 10.0
 33 59 19  1 1 0.105380 10.0
 33 59 20  1 1 0.069390 10.0
 33 60 4  1 1 0.016870 10.0
 33 60 9  1 1 0.010820 10.0
 33 60 10  1 1 0.043010 10.0
 33 60 11  1 1 0.062880 10.0
 33 60 12  1 1 0.077560 10.0
 33 60 13  1 1 0.088040 10.0
 33 60 14  1 1 0.093070 10.0
 33 60 15  1 1 0.092390 10.0
 33 60 16  1 1 0.089190 10.0
 33 60 17  1 1 0.085850 10.0
 33 60 18  1 1 0.079560 10.0
 33 60 19  1 1 0.057700 10.0
 33 61 9  1 1 0.012180 10.0
 33 61 10  1 1 0.039710 10.0
 33 61 11  1 1 0.057610 10.0
 33 61 12  1 1 0.065990 10.0
 33 61 13  1 1 0.056350 10.0
 33 61 14  1 1 0.035900 10.0
 33 62 8  1 1 0.026830 10.0
 33 62 9  1 1 0.041150 10.0
 33 62 10  1 1 0.049540 10.0
 33 62 11  1 1 0.048120 10.0
 33 62 12  1 1 0.019260 10.0
 33 63 7  1 1 0.011110 10.0
 33 63 8  1 1 0.004320 10.0
 34 35 3  1 1 0.005100 10.0
 34 36 4  1 1 0.018860 10.0
 34 36 5  1 1 0.034140 10.0
 34 36 6  1 1 0.042590 10.0
 34 36 7  1 1 0.033620 10.0
 34 37 6  1 1 0.033380 10.0
 34 37 7  1 1 0.064280 10.0
 34 37 8  1 1 0.071340 10.0
 34 37 9  1 1 0.022130 10.0
 34 38 6  1 1 0.013290 10.0
 34 38 7  1 1 0.039810 10.0
 34 38 8  1 1 0.059680 10.0
 34 38 9  1 1 0.058060 10.0
 34 38 10  1 1 0.005840 10.0
 34 39 7  1 1 0.036870 10.0
 34 39 8  1 1 0.047620 10.0
 34 39 9  1 1 0.044850 10.0
 34 39 10  1 1 0.020830 10.0
 34 43 3  1 1 0.004980 10.0
 34 43 4  1 1 0.026930 10.0
 34 43 5  1 1 0.041550 10.0
 34 43 6  1 1 0.053880 10.0
 34 43 7  1 1 0.056790 10.0
 34 43 8  1 1 0.041940 10.0
 34 44 3  1 1 0.016830 10.0
 34 44 4  1 1 0.034870 10.0
 34 44 5  1 1 0.049240 10.0
 34 44 6  1 1 0.061770 10.0
 34 44 7  1 1 0.073110 10.0
 34 44 8  1 1 0.082440 10.0
 34 44 9  1 1 0.084600 10.0
 34 44 10  1 1 0.069650 10.0
 34 45 3  1 1 0.001730 10.0
 34 45 4  1 1 0.029500 10.0
 34 45 5  1 1 0.046330 10.0
 34 45 6  1 1 0.060710 10.0
 34 45 7  1 1 0.073500 10.0
 34 45 8  1 1 0.083340 10.0
 34 45 9  1 1 0.088560 10.0
 34 45 10  1 1 0.087880 10.0
 34 45 11  1 1 0.080860 10.0
 34 46 4  1 1 0.003740 10.0
 34 46 5  1 1 0.031900 10.0
 34 46 6  1 1 0.050190 10.0
 34 46 7  1 1 0.066600 10.0
 34 46 8  1 1 0.079160 10.0
 34 46 9  1 1 0.085770 10.0
 34 46 10  1 1 0.084600 10.0
 34 46 11  1 1 0.080940 10.0
 34 47 5  1 1 0.023140 10.0
 34 47 6  1 1 0.043390 10.0
 34 47 7  1 1 0.061880 10.0
 34 47 8  1 1 0.074510 10.0
 34 47 9  1 1 0.076890 10.0
 34 47 10  1 1 0.080220 10.0
 34 48 6  1 1 0.039150 10.0
 34 48 7  1 1 0.060830 10.0
 34 48 8  1 1 0.067330 10.0
 34 48 9  1 1 0.074720 10.0
 34 49 7  1 1 0.050340 10.0
 34 49 8  1 1 0.035160 10.0
 34 52 4  1 1 0.000250 10.0
 34 58 6  1 1 0.000660 10.0
 34 58 7  1 1 0.022770 10.0
 34 58 8  1 1 0.037520 10.0
 34 58 9  1 1 0.040650 10.0
 34 58 12  1 1 0.011440 10.0
 34 58 13  1 1 0.037370 10.0
 34 58 14  1 1 0.042080 10.0
 34 58 15  1 1 0.034350 10.0
 34 58 16  1 1 0.014650 10.0
 34 59 8  1 1 0.014520 10.0
 34 59 9  1 1 0.029720 10.0
 34 59 10  1 1 0.034330 10.0
 34 59 11  1 1 0.051320 10.0
 34 59 12  1 1 0.073520 10.0
 34 59 13  1 1 0.090640 10.0
 34 59 14  1 1 0.102370 10.0
 34 59 15  1 1 0.107410 10.0
 34 59 16  1 1 0.097800 10.0
 34 59 17  1 1 0.065760 10.0
 34 59 18  1 1 0.042320 10.0
 34 60 9  1 1 0.035030 10.0
 34 60 10  1 1 0.053690 10.0
 34 60 11  1 1 0.068470 10.0
 34 60 12  1 1 0.080210 10.0
 34 60 13  1 1 0.088290 10.0
 34 60 14  1 1 0.091620 10.0
 34 60 15  1 1 0.083940 10.0
 34 60 16  1 1 0.057010 10.0
 34 61 9  1 1 0.029010 10.0
 34 61 10  1 1 0.049410 10.0
 34 61 11  1 1 0.061200 10.0
 34 61 12  1 1 0.059180 10.0
 34 61 13  1 1 0.052510 10.0
 34 61 14  1 1 0.042300 10.0
 34 62 8  1 1 0.025140 10.0
 34 62 9  1 1 0.035230 10.0
 34 62 10  1 1 0.040340 10.0
 34 62 11  1 1 0.032070 10.0
 35 36 5  1 1 0.022220 10.0
 35 37 6  1 1 0.020740 10.0
 35 43 4  1 1 0.032120 10.0
 35 43 5  1 1 0.052110 10.0
 35 43 6  1 1 0.065890 10.0
 35 43 7  1 1 0.069010 10.0
 35 43 8  1 1 0.057080 10.0
 35 44 3  1 1 0.013660 10.0
 35 44 4  1 1 0.034460 10.0
 35 44 5  1 1 0.049080 10.0
 35 44 6  1 1 0.061370 10.0
 35 44 7  1 1 0.072500 10.0
 35 44 8  1 1 0.081950 10.0
 35 44 9  1 1 0.085420 10.0
 35 44 10  1 1 0.067780 10.0
 35 45 3  1 1 0.004940 10.0
 35 45 4  1 1 0.030540 10.0
 35 45 5  1 1 0.045940 10.0
 35 45 6  1 1 0.058240 10.0
 35 45 7  1 1 0.067740 10.0
 35 45 8  1 1 0.075220 10.0
 35 45 9  1 1 0.080600 10.0
 35 45 10  1 1 0.083120 10.0
 35 45 11  1 1 0.063110 10.0
 35 46 4  1 1 0.011810 10.0
 35 46 5  1 1 0.035920 10.0
 35 46 6  1 1 0.053750 10.0
 35 46 7  1 1 0.067500 10.0
 35 46 8  1 1 0.076760 10.0
 35 46 9  1 1 0.081270 10.0
 35 46 10  1 1 0.079920 10.0
 35 46 11  1 1 0.042030 10.0
 35 47 4  1 1 0.004070 10.0
 35 47 5  1 1 0.029540 10.0
 35 47 6  1 1 0.049500 10.0
 35 47 7  1 1 0.065680 10.0
 35 47 8  1 1 0.075010 10.0
 35 47 9  1 1 0.076050 10.0
 35 47 10  1 1 0.062320 10.0
 35 48 3  1 1 0.002300 10.0
 35 48 5  1 1 0.019420 10.0
 35 48 6  1 1 0.039980 10.0
 35 48 7  1 1 0.059180 10.0
 35 48 8  1 1 0.074400 10.0
 35 48 9  1 1 0.085790 10.0
 35 52 4  1 1 0.014770 10.0
 35 53 4  1 1 0.000490 10.0
 35 57 6  1 1 0.007280 10.0
 35 58 7  1 1 0.019400 10.0
 35 59 10  1 1 0.017030 10.0
 35 59 11  1 1 0.047820 10.0
 35 59 12  1 1 0.061780 10.0
 35 59 13  1 1 0.061600 10.0
 35 59 14  1 1 0.040680 10.0
 35 60 8  1 1 0.008230 10.0
 35 60 9  1 1 0.031650 10.0
 35 60 10  1 1 0.054190 10.0
 35 60 11  1 1 0.073820 10.0
 35 60 12  1 1 0.085600 10.0
 35 60 13  1 1 0.084020 10.0
 35 60 14  1 1 0.058370 10.0
 35 61 8  1 1 0.010820 10.0
 35 61 9  1 1 0.030520 10.0
 35 61 10  1 1 0.044150 10.0
 35 61 11  1 1 0.053730 10.0
 35 61 12  1 1 0.057190 10.0
 35 61 13  1 1 0.047340 10.0
 35 64 17  1 1 0.034040 10.0
 35 64 18  1 1 0.061130 10.0
 35 64 19  1 1 0.056610 10.0
 35 64 20  1 1 0.010330 10.0
 35 65 18  1 1 0.051440 10.0
 35 65 19  1 1 0.071600 10.0
 35 65 20  1 1 0.059780 10.0
 36 42 3  1 1 0.022010 10.0
 36 42 4  1 1 0.028740 10.0
 36 42 5  1 1 0.007780 10.0
 36 43 3  1 1 0.025680 10.0
 36 43 4  1 1 0.048590 10.0
 36 43 5  1 1 0.063450 10.0
 36 43 6  1 1 0.070550 10.0
 36 43 7  1 1 0.067190 10.0
 36 43 8  1 1 0.031220 10.0
 36 44 4  1 1 0.021990 10.0
 36 44 5  1 1 0.040340 10.0
 36 44 6  1 1 0.058790 10.0
 36 44 7  1 1 0.075610 10.0
 36 44 8  1 1 0.085890 10.0
 36 44 9  1 1 0.075490 10.0
 36 45 3  1 1 0.000900 10.0
 36 45 4  1 1 0.026530 10.0
 36 45 5  1 1 0.040320 10.0
 36 45 6  1 1 0.051920 10.0
 36 45 7  1 1 0.063520 10.0
 36 45 8  1 1 0.076120 10.0
 36 45 9  1 1 0.077730 10.0
 36 45 10  1 1 0.053760 10.0
 36 46 4  1 1 0.024690 10.0
 36 46 5  1 1 0.045300 10.0
 36 46 6  1 1 0.060040 10.0
 36 46 7  1 1 0.070520 10.0
 36 46 8  1 1 0.076660 10.0
 36 46 9  1 1 0.070710 10.0
 36 47 4  1 1 0.016220 10.0
 36 47 5  1 1 0.038230 10.0
 36 47 6  1 1 0.055150 10.0
 36 47 7  1 1 0.067680 10.0
 36 47 8  1 1 0.073150 10.0
 36 47 9  1 1 0.048880 10.0
 36 48 4  1 1 0.003870 10.0
 36 48 5  1 1 0.020580 10.0
 36 48 6  1 1 0.036720 10.0
 36 48 7  1 1 0.052870 10.0
 36 48 8  1 1 0.049390 10.0
 36 51 4  1 1 0.002300 10.0
 36 52 4  1 1 0.019970 10.0
 36 58 6  1 1 0.003410 10.0
 36 58 7  1 1 0.012050 10.0
 36 60 11  1 1 0.004160 10.0
 36 60 17  1 1 0.000780 10.0
 36 60 18  1 1 0.035600 10.0
 36 61 7  1 1 0.016090 10.0
 36 61 8  1 1 0.025130 10.0
 36 61 9  1 1 0.025570 10.0
 36 61 10  1 1 0.006990 10.0
 36 61 16  1 1 0.026460 10.0
 36 61 17  1 1 0.092390 10.0
 36 61 18  1 1 0.110140 10.0
 36 61 19  1 1 0.107350 10.0
 36 61 20  1 1 0.084890 10.0
 36 62 16  1 1 0.053580 10.0
 36 62 17  1 1 0.091960 10.0
 36 62 18  1 1 0.111480 10.0
 36 62 19  1 1 0.116540 10.0
 36 62 20  1 1 0.101490 10.0
 36 62 21  1 1 0.053220 10.0
 36 63 16  1 1 0.052370 10.0
 36 63 17  1 1 0.093740 10.0
 36 63 18  1 1 0.111810 10.0
 36 63 19  1 1 0.114040 10.0
 36 63 20  1 1 0.104640 10.0
 36 63 21  1 1 0.085330 10.0
 36 63 22  1 1 0.053480 10.0
 36 64 16  1 1 0.019480 10.0
 36 64 17  1 1 0.077060 10.0
 36 64 18  1 1 0.109850 10.0
 36 64 19  1 1 0.113810 10.0
 36 64 20  1 1 0.093620 10.0
 36 64 21  1 1 0.045390 10.0
 36 65 17  1 1 0.038390 10.0
 36 65 18  1 1 0.098950 10.0
 36 65 19  1 1 0.127890 10.0
 36 65 20  1 1 0.129600 10.0
 36 65 21  1 1 0.109270 10.0
 36 66 18  1 1 0.048070 10.0
 36 66 19  1 1 0.068150 10.0
 36 66 20  1 1 0.060830 10.0
 36 67 14  1 1 0.017340 10.0
 36 67 15  1 1 0.015390 10.0
 36 68 15  1 1 0.032880 10.0
 36 68 16  1 1 0.048530 10.0
 36 68 17  1 1 0.052850 10.0
 36 68 18  1 1 0.054150 10.0
 36 68 19  1 1 0.036670 10.0
 36 68 20  1 1 0.003660 10.0
 36 69 17  1 1 0.001190 10.0
 37 42 2  1 1 0.015550 10.0
 37 43 2  1 1 0.018350 10.0
 37 43 3  1 1 0.041290 10.0
 37 43 4  1 1 0.050870 10.0
 37 43 5  1 1 0.044110 10.0
 37 43 6  1 1 0.032290 10.0
 37 44 4  1 1 0.029250 10.0
 37 44 5  1 1 0.053400 10.0
 37 44 6  1 1 0.065850 10.0
 37 44 7  1 1 0.057850 10.0
 37 45 4  1 1 0.023600 10.0
 37 45 5  1 1 0.038720 10.0
 37 45 6  1 1 0.053050 10.0
 37 45 7  1 1 0.060300 10.0
 37 45 8  1 1 0.033590 10.0
 37 46 3  1 1 0.008600 10.0
 37 46 4  1 1 0.034610 10.0
 37 46 5  1 1 0.048010 10.0
 37 46 6  1 1 0.054090 10.0
 37 46 7  1 1 0.051030 10.0
 37 46 8  1 1 0.019570 10.0
 37 47 4  1 1 0.022720 10.0
 37 47 5  1 1 0.035980 10.0
 37 47 6  1 1 0.042680 10.0
 37 47 7  1 1 0.045300 10.0
 37 48 4  1 1 0.012510 10.0
 37 48 5  1 1 0.001360 10.0
 37 51 4  1 1 0.012670 10.0
 37 52 4  1 1 0.021920 10.0
 37 59 17  1 1 0.039630 10.0
 37 59 18  1 1 0.036430 10.0
 37 60 15  1 1 0.006210 10.0
 37 60 16  1 1 0.096350 10.0
 37 60 17  1 1 0.123330 10.0
 37 60 18  1 1 0.131700 10.0
 37 60 19  1 1 0.122620 10.0
 37 60 20  1 1 0.093070 10.0
 37 61 15  1 1 0.059800 10.0
 37 61 16  1 1 0.100490 10.0
 37 61 17  1 1 0.125220 10.0
 37 61 18  1 1 0.139630 10.0
 37 61 19  1 1 0.148840 10.0
 37 61 20  1 1 0.149820 10.0
 37 61 21  1 1 0.142980 10.0
 37 62 14  1 1 0.008850 10.0
 37 62 15  1 1 0.067530 10.0
 37 62 16  1 1 0.099480 10.0
 37 62 17  1 1 0.118680 10.0
 37 62 18  1 1 0.133400 10.0
 37 62 19  1 1 0.146850 10.0
 37 62 20  1 1 0.156770 10.0
 37 62 21  1 1 0.157010 10.0
 37 62 22  1 1 0.143920 10.0
 37 63 14  1 1 0.025330 10.0
 37 63 15  1 1 0.060380 10.0
 37 63 16  1 1 0.088330 10.0
 37 63 17  1 1 0.110220 10.0
 37 63 18  1 1 0.126210 10.0
 37 63 19  1 1 0.137720 10.0
 37 63 20  1 1 0.149050 10.0
 37 63 21  1 1 0.159880 10.0
 37 63 22  1 1 0.159190 10.0
 37 63 23  1 1 0.135680 10.0
 37 64 13  1 1 0.007120 10.0
 37 64 14  1 1 0.044090 10.0
 37 64 15  1 1 0.062360 10.0
 37 64 16  1 1 0.077570 10.0
 37 64 17  1 1 0.094110 10.0
 37 64 18  1 1 0.114280 10.0
 37 64 19  1 1 0.127100 10.0
 37 64 20  1 1 0.129350 10.0
 37 64 21  1 1 0.116110 10.0
 37 64 22  1 1 0.076980 10.0
 37 65 13  1 1 0.040490 10.0
 37 65 14  1 1 0.060340 10.0
 37 65 15  1 1 0.065430 10.0
 37 65 16  1 1 0.063620 10.0
 37 65 17  1 1 0.074200 10.0
 37 65 18  1 1 0.101630 10.0
 37 65 19  1 1 0.122550 10.0
 37 65 20  1 1 0.125370 10.0
 37 65 21  1 1 0.109780 10.0
 37 65 22  1 1 0.097940 10.0
 37 66 13  1 1 0.049390 10.0
 37 66 14  1 1 0.062680 10.0
 37 66 15  1 1 0.044690 10.0
 37 66 16  1 1 0.021310 10.0
 37 66 17  1 1 0.047220 10.0
 37 66 18  1 1 0.090850 10.0
 37 66 19  1 1 0.105500 10.0
 37 66 20  1 1 0.104290 10.0
 37 66 21  1 1 0.086420 10.0
 37 66 22  1 1 0.007490 10.0
 37 67 13  1 1 0.037600 10.0
 37 67 14  1 1 0.043240 10.0
 37 68 13  1 1 0.020100 10.0
 37 68 14  1 1 0.050950 10.0
 37 68 15  1 1 0.043060 10.0
 37 68 16  1 1 0.039250 10.0
 37 68 17  1 1 0.047330 10.0
 37 68 18  1 1 0.038360 10.0
 37 69 15  1 1 0.021250 10.0
 37 69 16  1 1 0.036410 10.0
 37 69 17  1 1 0.042450 10.0
 37 69 18  1 1 0.040890 10.0
 37 69 31  1 1 0.021090 10.0
 37 69 32  1 1 0.039520 10.0
 37 70 29  1 1 0.010280 10.0
 37 70 30  1 1 0.069420 10.0
 37 70 31  1 1 0.094930 10.0
 37 70 32  1 1 0.107620 10.0
 37 70 33  1 1 0.106660 10.0
 37 70 34  1 1 0.069910 10.0
 37 71 28  1 1 0.007940 10.0
 37 71 29  1 1 0.055270 10.0
 37 71 30  1 1 0.067680 10.0
 37 71 31  1 1 0.068100 10.0
 37 71 32  1 1 0.052280 10.0
 37 72 29  1 1 0.038700 10.0
 37 72 30  1 1 0.059070 10.0
 37 72 31  1 1 0.049890 10.0
 38 43 3  1 1 0.006790 10.0
 38 44 4  1 1 0.017110 10.0
 38 44 5  1 1 0.015020 10.0
 38 45 4  1 1 0.004900 10.0
 38 45 5  1 1 0.000540 10.0
 38 46 3  1 1 0.014600 10.0
 38 46 4  1 1 0.027440 10.0
 38 46 5  1 1 0.019930 10.0
 38 47 3  1 1 0.002100 10.0
 38 47 4  1 1 0.021340 10.0
 38 47 5  1 1 0.019500 10.0
 38 48 3  1 1 0.005430 10.0
 38 48 4  1 1 0.020920 10.0
 38 48 5  1 1 0.000860 10.0
 38 49 3  1 1 0.002920 10.0
 38 49 4  1 1 0.019630 10.0
 38 50 4  1 1 0.015970 10.0
 38 51 4  1 1 0.019060 10.0
 38 52 4  1 1 0.021590 10.0
 38 53 3  1 1 0.003170 10.0
 38 56 22  1 1 0.015020 10.0
 38 56 23  1 1 0.001400 10.0
 38 57 22  1 1 0.002220 10.0
 38 57 23  1 1 0.019910 10.0
 38 58 16  1 1 0.031730 10.0
 38 58 17  1 1 0.071620 10.0
 38 58 18  1 1 0.073360 10.0
 38 58 19  1 1 0.043870 10.0
 38 59 15  1 1 0.039710 10.0
 38 59 16  1 1 0.107250 10.0
 38 59 17  1 1 0.119280 10.0
 38 59 18  1 1 0.118650 10.0
 38 59 19  1 1 0.098470 10.0
 38 59 20  1 1 0.039380 10.0
 38 60 15  1 1 0.056530 10.0
 38 60 16  1 1 0.087570 10.0
 38 60 17  1 1 0.109210 10.0
 38 60 18  1 1 0.128110 10.0
 38 60 19  1 1 0.137970 10.0
 38 60 20  1 1 0.125490 10.0
 38 60 21  1 1 0.064030 10.0
 38 61 14  1 1 0.011640 10.0
 38 61 15  1 1 0.067810 10.0
 38 61 16  1 1 0.096240 10.0
 38 61 17  1 1 0.116480 10.0
 38 61 18  1 1 0.131460 10.0
 38 61 19  1 1 0.139980 10.0
 38 61 20  1 1 0.138820 10.0
 38 61 21  1 1 0.122180 10.0
 38 61 22  1 1 0.070230 10.0
 38 62 14  1 1 0.038310 10.0
 38 62 15  1 1 0.072380 10.0
 38 62 16  1 1 0.096400 10.0
 38 62 17  1 1 0.115280 10.0
 38 62 18  1 1 0.131540 10.0
 38 62 19  1 1 0.144830 10.0
 38 62 20  1 1 0.151300 10.0
 38 62 21  1 1 0.146910 10.0
 38 62 22  1 1 0.124890 10.0
 38 62 23  1 1 0.050990 10.0
 38 63 13  1 1 0.031680 10.0
 38 63 14  1 1 0.059580 10.0
 38 63 15  1 1 0.083470 10.0
 38 63 16  1 1 0.103640 10.0
 38 63 17  1 1 0.119970 10.0
 38 63 18  1 1 0.133620 10.0
 38 63 19  1 1 0.145000 10.0
 38 63 20  1 1 0.153700 10.0
 38 63 21  1 1 0.156000 10.0
 38 63 22  1 1 0.144020 10.0
 38 63 23  1 1 0.115300 10.0
 38 64 10  1 1 0.011640 10.0
 38 64 11  1 1 0.033330 10.0
 38 64 12  1 1 0.051170 10.0
 38 64 13  1 1 0.068430 10.0
 38 64 14  1 1 0.085240 10.0
 38 64 15  1 1 0.098750 10.0
 38 64 16  1 1 0.108890 10.0
 38 64 17  1 1 0.117210 10.0
 38 64 18  1 1 0.127090 10.0
 38 64 19  1 1 0.137760 10.0
 38 64 20  1 1 0.147070 10.0
 38 64 21  1 1 0.152390 10.0
 38 64 22  1 1 0.140600 10.0
 38 64 23  1 1 0.094890 10.0
 38 65 9  1 1 0.011810 10.0
 38 65 10  1 1 0.030150 10.0
 38 65 11  1 1 0.046250 10.0
 38 65 12  1 1 0.062680 10.0
 38 65 13  1 1 0.077440 10.0
 38 65 14  1 1 0.086480 10.0
 38 65 15  1 1 0.088020 10.0
 38 65 16  1 1 0.084750 10.0
 38 65 17  1 1 0.091250 10.0
 38 65 18  1 1 0.111710 10.0
 38 65 19  1 1 0.127320 10.0
 38 65 20  1 1 0.138510 10.0
 38 65 21  1 1 0.146550 10.0
 38 65 22  1 1 0.141140 10.0
 38 65 23  1 1 0.132830 10.0
 38 66 12  1 1 0.038130 10.0
 38 66 13  1 1 0.061230 10.0
 38 66 14  1 1 0.060360 10.0
 38 66 15  1 1 0.036940 10.0
 38 66 16  1 1 0.016590 10.0
 38 66 17  1 1 0.055950 10.0
 38 66 18  1 1 0.123510 10.0
 38 66 19  1 1 0.139160 10.0
 38 66 20  1 1 0.146610 10.0
 38 66 21  1 1 0.144880 10.0
 38 66 22  1 1 0.127790 10.0
 38 67 13  1 1 0.042160 10.0
 38 67 20  1 1 0.009630 10.0
 38 68 12  1 1 0.005270 10.0
 38 68 13  1 1 0.050210 10.0
 38 68 14  1 1 0.043010 10.0
 38 69 12  1 1 0.027430 10.0
 38 69 13  1 1 0.061730 10.0
 38 69 14  1 1 0.066550 10.0
 38 69 15  1 1 0.070250 10.0
 38 69 16  1 1 0.082200 10.0
 38 69 17  1 1 0.080070 10.0
 38 69 18  1 1 0.066760 10.0
 38 69 30  1 1 0.039390 10.0
 38 69 31  1 1 0.119920 10.0
 38 69 32  1 1 0.117770 10.0
 38 69 33  1 1 0.079500 10.0
 38 70 13  1 1 0.029440 10.0
 38 70 14  1 1 0.036930 10.0
 38 70 15  1 1 0.032150 10.0
 38 70 16  1 1 0.002220 10.0
 38 70 29  1 1 0.012670 10.0
 38 70 30  1 1 0.071960 10.0
 38 70 31  1 1 0.093600 10.0
 38 70 32  1 1 0.110920 10.0
 38 70 33  1 1 0.123380 10.0
 38 70 34  1 1 0.150070 10.0
 38 70 35  1 1 0.193830 10.0
 38 71 29  1 1 0.027630 10.0
 38 71 30  1 1 0.062040 10.0
 38 71 31  1 1 0.089610 10.0
 38 71 32  1 1 0.101960 10.0
 38 71 33  1 1 0.104210 10.0
 38 71 34  1 1 0.111160 10.0
 38 71 35  1 1 0.083840 10.0
 38 72 29  1 1 0.041100 10.0
 38 72 30  1 1 0.066860 10.0
 38 72 31  1 1 0.078020 10.0
 38 72 32  1 1 0.057810 10.0
 38 73 28  1 1 0.039540 10.0
 38 73 29  1 1 0.066640 10.0
 38 73 30  1 1 0.065030 10.0
 39 47 3  1 1 0.006210 10.0
 39 47 4  1 1 0.015390 10.0
 39 48 3  1 1 0.014520 10.0
 39 48 4  1 1 0.019420 10.0
 39 49 3  1 1 0.011230 10.0
 39 49 4  1 1 0.021190 10.0
 39 50 4  1 1 0.018490 10.0
 39 51 4  1 1 0.020700 10.0
 39 52 3  1 1 0.006090 10.0
 39 52 4  1 1 0.018280 10.0
 39 53 3  1 1 0.001400 10.0
 39 55 19  1 1 0.053910 10.0
 39 55 20  1 1 0.097310 10.0
 39 55 21  1 1 0.123110 10.0
 39 55 22  1 1 0.134850 10.0
 39 55 23  1 1 0.124710 10.0
 39 55 24  1 1 0.073290 10.0
 39 56 18  1 1 0.047570 10.0
 39 56 19  1 1 0.089000 10.0
 39 56 20  1 1 0.107390 10.0
 39 56 21  1 1 0.123330 10.0
 39 56 22  1 1 0.143420 10.0
 39 56 23  1 1 0.160150 10.0
 39 56 24  1 1 0.151600 10.0
 39 56 25  1 1 0.052290 10.0
 39 57 17  1 1 0.080800 10.0
 39 57 18  1 1 0.108270 10.0
 39 57 19  1 1 0.120620 10.0
 39 57 20  1 1 0.118040 10.0
 39 57 21  1 1 0.112130 10.0
 39 57 22  1 1 0.121580 10.0
 39 57 23  1 1 0.140460 10.0
 39 57 24  1 1 0.153840 10.0
 39 57 25  1 1 0.136910 10.0
 39 58 5  1 1 0.021190 10.0
 39 58 6  1 1 0.023870 10.0
 39 58 16  1 1 0.080780 10.0
 39 58 17  1 1 0.107670 10.0
 39 58 18  1 1 0.120790 10.0
 39 58 19  1 1 0.129280 10.0
 39 58 20  1 1 0.110630 10.0
 39 58 21  1 1 0.069720 10.0
 39 58 22  1 1 0.062080 10.0
 39 58 23  1 1 0.083720 10.0
 39 58 24  1 1 0.091350 10.0
 39 58 25  1 1 0.059540 10.0
 39 59 5  1 1 0.003170 10.0
 39 59 15  1 1 0.019610 10.0
 39 59 16  1 1 0.063780 10.0
 39 59 17  1 1 0.087750 10.0
 39 59 18  1 1 0.115860 10.0
 39 59 19  1 1 0.128790 10.0
 39 59 20  1 1 0.102540 10.0
 39 59 21  1 1 0.025110 10.0
 39 60 15  1 1 0.029790 10.0
 39 60 16  1 1 0.069200 10.0
 39 60 17  1 1 0.104980 10.0
 39 60 18  1 1 0.131510 10.0
 39 60 19  1 1 0.144330 10.0
 39 60 20  1 1 0.141710 10.0
 39 60 21  1 1 0.111300 10.0
 39 61 14  1 1 0.027170 10.0
 39 61 15  1 1 0.062360 10.0
 39 61 16  1 1 0.091200 10.0
 39 61 17  1 1 0.114150 10.0
 39 61 18  1 1 0.132740 10.0
 39 61 19  1 1 0.146890 10.0
 39 61 20  1 1 0.152670 10.0
 39 61 21  1 1 0.141830 10.0
 39 61 22  1 1 0.104600 10.0
 39 62 11  1 1 0.014030 10.0
 39 62 12  1 1 0.031560 10.0
 39 62 13  1 1 0.051280 10.0
 39 62 14  1 1 0.071180 10.0
 39 62 15  1 1 0.090000 10.0
 39 62 16  1 1 0.107800 10.0
 39 62 17  1 1 0.123850 10.0
 39 62 18  1 1 0.137450 10.0
 39 62 19  1 1 0.148890 10.0
 39 62 20  1 1 0.156770 10.0
 39 62 21  1 1 0.156550 10.0
 39 62 22  1 1 0.139430 10.0
 39 62 23  1 1 0.089530 10.0
 39 63 8  1 1 0.017220 10.0
 39 63 9  1 1 0.031190 10.0
 39 63 10  1 1 0.043200 10.0
 39 63 11  1 1 0.054460 10.0
 39 63 12  1 1 0.066260 10.0
 39 63 13  1 1 0.078970 10.0
 39 63 14  1 1 0.091730 10.0
 39 63 15  1 1 0.104230 10.0
 39 63 16  1 1 0.116130 10.0
 39 63 17  1 1 0.126730 10.0
 39 63 18  1 1 0.137430 10.0
 39 63 19  1 1 0.148420 10.0
 39 63 20  1 1 0.156580 10.0
 39 63 21  1 1 0.156490 10.0
 39 63 22  1 1 0.136320 10.0
 39 63 23  1 1 0.052110 10.0
 39 64 8  1 1 0.021120 10.0
 39 64 9  1 1 0.035180 10.0
 39 64 10  1 1 0.047890 10.0
 39 64 11  1 1 0.060260 10.0
 39 64 12  1 1 0.072310 10.0
 39 64 13  1 1 0.084030 10.0
 39 64 14  1 1 0.095320 10.0
 39 64 15  1 1 0.104670 10.0
 39 64 16  1 1 0.111690 10.0
 39 64 17  1 1 0.118920 10.0
 39 64 18  1 1 0.129370 10.0
 39 64 19  1 1 0.142290 10.0
 39 64 20  1 1 0.152370 10.0
 39 64 21  1 1 0.153300 10.0
 39 64 22  1 1 0.132340 10.0
 39 64 23  1 1 0.100830 10.0
 39 65 9  1 1 0.012550 10.0
 39 65 10  1 1 0.033380 10.0
 39 65 11  1 1 0.049470 10.0
 39 65 12  1 1 0.064240 10.0
 39 65 13  1 1 0.076980 10.0
 39 65 14  1 1 0.084530 10.0
 39 65 15  1 1 0.084900 10.0
 39 65 16  1 1 0.082960 10.0
 39 65 17  1 1 0.090490 10.0
 39 65 18  1 1 0.114020 10.0
 39 65 19  1 1 0.132560 10.0
 39 65 20  1 1 0.145460 10.0
 39 65 21  1 1 0.149250 10.0
 39 65 22  1 1 0.132630 10.0
 39 65 23  1 1 0.093780 10.0
 39 66 11  1 1 0.026420 10.0
 39 66 12  1 1 0.049220 10.0
 39 66 13  1 1 0.056210 10.0
 39 66 14  1 1 0.043740 10.0
 39 66 17  1 1 0.034790 10.0
 39 66 18  1 1 0.127420 10.0
 39 66 19  1 1 0.153310 10.0
 39 66 20  1 1 0.151370 10.0
 39 66 21  1 1 0.131180 10.0
 39 66 22  1 1 0.088190 10.0
 39 67 12  1 1 0.027540 10.0
 39 67 19  1 1 0.008520 10.0
 39 67 20  1 1 0.024060 10.0
 39 67 32  1 1 0.049340 10.0
 39 67 33  1 1 0.064240 10.0
 39 68 12  1 1 0.009710 10.0
 39 68 13  1 1 0.000820 10.0
 39 68 31  1 1 0.056770 10.0
 39 68 32  1 1 0.051540 10.0
 39 69 30  1 1 0.043140 10.0
 39 69 31  1 1 0.054570 10.0
 39 69 32  1 1 0.019340 10.0
 39 70 12  1 1 0.005430 10.0
 39 70 13  1 1 0.028070 10.0
 39 70 14  1 1 0.044470 10.0
 39 70 15  1 1 0.057690 10.0
 39 70 16  1 1 0.055200 10.0
 39 70 17  1 1 0.027430 10.0
 39 70 30  1 1 0.045980 10.0
 39 70 31  1 1 0.081750 10.0
 39 70 32  1 1 0.089050 10.0
 39 70 33  1 1 0.089000 10.0
 39 70 34  1 1 0.068350 10.0
 39 70 35  1 1 0.021120 10.0
 39 71 11  1 1 0.013700 10.0
 39 71 12  1 1 0.033280 10.0
 39 71 13  1 1 0.009420 10.0
 39 71 30  1 1 0.061410 10.0
 39 71 31  1 1 0.077550 10.0
 39 71 32  1 1 0.081270 10.0
 39 71 33  1 1 0.083380 10.0
 39 71 34  1 1 0.075290 10.0
 39 71 35  1 1 0.028710 10.0
 39 72 29  1 1 0.036790 10.0
 39 72 30  1 1 0.062820 10.0
 39 72 31  1 1 0.057720 10.0
 39 72 32  1 1 0.015670 10.0
 39 73 29  1 1 0.033380 10.0
 39 73 30  1 1 0.057850 10.0
 39 73 31  1 1 0.050570 10.0
 39 74 28  1 1 0.010160 10.0
 39 74 29  1 1 0.040750 10.0
 39 74 30  1 1 0.060580 10.0
 39 74 31  1 1 0.066670 10.0
 39 74 32  1 1 0.039540 10.0
 39 75 30  1 1 0.007860 10.0
 40 47 3  1 1 0.001440 10.0
 40 48 4  1 1 0.011730 10.0
 40 49 4  1 1 0.017930 10.0
 40 50 4  1 1 0.020000 10.0
 40 51 3  1 1 0.003410 10.0
 40 51 4  1 1 0.026360 10.0
 40 52 3  1 1 0.012510 10.0
 40 52 4  1 1 0.008190 10.0
 40 53 2  1 1 0.006500 10.0
 40 53 3  1 1 0.022170 10.0
 40 53 21  1 1 0.017930 10.0
 40 53 22  1 1 0.014560 10.0
 40 54 3  1 1 0.019840 10.0
 40 54 18  1 1 0.007730 10.0
 40 54 19  1 1 0.091000 10.0
 40 54 20  1 1 0.127550 10.0
 40 54 21  1 1 0.143820 10.0
 40 54 22  1 1 0.145870 10.0
 40 54 23  1 1 0.125060 10.0
 40 54 24  1 1 0.072700 10.0
 40 55 18  1 1 0.083350 10.0
 40 55 19  1 1 0.120210 10.0
 40 55 20  1 1 0.142230 10.0
 40 55 21  1 1 0.156310 10.0
 40 55 22  1 1 0.166350 10.0
 40 55 23  1 1 0.171840 10.0
 40 55 24  1 1 0.163120 10.0
 40 55 25  1 1 0.119440 10.0
 40 56 9  1 1 0.021090 10.0
 40 56 10  1 1 0.015510 10.0
 40 56 17  1 1 0.063470 10.0
 40 56 18  1 1 0.106660 10.0
 40 56 19  1 1 0.125490 10.0
 40 56 20  1 1 0.136980 10.0
 40 56 21  1 1 0.148470 10.0
 40 56 22  1 1 0.156990 10.0
 40 56 23  1 1 0.162750 10.0
 40 56 24  1 1 0.164250 10.0
 40 56 25  1 1 0.156700 10.0
 40 56 26  1 1 0.092460 10.0
 40 57 5  1 1 0.023880 10.0
 40 57 8  1 1 0.021990 10.0
 40 57 9  1 1 0.034470 10.0
 40 57 10  1 1 0.034510 10.0
 40 57 11  1 1 0.019590 10.0
 40 57 17  1 1 0.070250 10.0
 40 57 18  1 1 0.096970 10.0
 40 57 19  1 1 0.119170 10.0
 40 57 20  1 1 0.140250 10.0
 40 57 21  1 1 0.152720 10.0
 40 57 22  1 1 0.155270 10.0
 40 57 23  1 1 0.157910 10.0
 40 57 24  1 1 0.161980 10.0
 40 57 25  1 1 0.157570 10.0
 40 57 26  1 1 0.140390 10.0
 40 58 5  1 1 0.030090 10.0
 40 58 6  1 1 0.041590 10.0
 40 58 7  1 1 0.042810 10.0
 40 58 8  1 1 0.030990 10.0
 40 58 9  1 1 0.007530 10.0
 40 58 16  1 1 0.029970 10.0
 40 58 17  1 1 0.065030 10.0
 40 58 18  1 1 0.092920 10.0
 40 58 19  1 1 0.122690 10.0
 40 58 20  1 1 0.141620 10.0
 40 58 21  1 1 0.141370 10.0
 40 58 22  1 1 0.120260 10.0
 40 58 23  1 1 0.117410 10.0
 40 58 24  1 1 0.136380 10.0
 40 58 25  1 1 0.144510 10.0
 40 58 26  1 1 0.085450 10.0
 40 59 5  1 1 0.026380 10.0
 40 59 6  1 1 0.041290 10.0
 40 59 7  1 1 0.041440 10.0
 40 59 8  1 1 0.028100 10.0
 40 59 15  1 1 0.030640 10.0
 40 59 16  1 1 0.065470 10.0
 40 59 17  1 1 0.097500 10.0
 40 59 18  1 1 0.123440 10.0
 40 59 19  1 1 0.141600 10.0
 40 59 20  1 1 0.147470 10.0
 40 59 21  1 1 0.133100 10.0
 40 59 22  1 1 0.083200 10.0
 40 59 23  1 1 0.051200 10.0
 40 59 24  1 1 0.068190 10.0
 40 59 25  1 1 0.049910 10.0
 40 60 6  1 1 0.023990 10.0
 40 60 7  1 1 0.032230 10.0
 40 60 8  1 1 0.030180 10.0
 40 60 9  1 1 0.022990 10.0
 40 60 10  1 1 0.014810 10.0
 40 60 11  1 1 0.010570 10.0
 40 60 12  1 1 0.016050 10.0
 40 60 13  1 1 0.030030 10.0
 40 60 14  1 1 0.049370 10.0
 40 60 15  1 1 0.072480 10.0
 40 60 16  1 1 0.098090 10.0
 40 60 17  1 1 0.121430 10.0
 40 60 18  1 1 0.139210 10.0
 40 60 19  1 1 0.151730 10.0
 40 60 20  1 1 0.155960 10.0
 40 60 21  1 1 0.147320 10.0
 40 60 22  1 1 0.117820 10.0
 40 61 7  1 1 0.022110 10.0
 40 61 8  1 1 0.033620 10.0
 40 61 9  1 1 0.041050 10.0
 40 61 10  1 1 0.046590 10.0
 40 61 11  1 1 0.052410 10.0
 40 61 12  1 1 0.059340 10.0
 40 61 13  1 1 0.069810 10.0
 40 61 14  1 1 0.083510 10.0
 40 61 15  1 1 0.098350 10.0
 40 61 16  1 1 0.113650 10.0
 40 61 17  1 1 0.127910 10.0
 40 61 18  1 1 0.140800 10.0
 40 61 19  1 1 0.152090 10.0
 40 61 20  1 1 0.159640 10.0
 40 61 21  1 1 0.158930 10.0
 40 61 22  1 1 0.144920 10.0
 40 61 23  1 1 0.105890 10.0
 40 62 7  1 1 0.004770 10.0
 40 62 8  1 1 0.026240 10.0
 40 62 9  1 1 0.040180 10.0
 40 62 10  1 1 0.052350 10.0
 40 62 11  1 1 0.063760 10.0
 40 62 12  1 1 0.074640 10.0
 40 62 13  1 1 0.085530 10.0
 40 62 14  1 1 0.096540 10.0
 40 62 15  1 1 0.107400 10.0
 40 62 16  1 1 0.117850 10.0
 40 62 17  1 1 0.128470 10.0
 40 62 18  1 1 0.138870 10.0
 40 62 19  1 1 0.149740 10.0
 40 62 20  1 1 0.159160 10.0
 40 62 21  1 1 0.163430 10.0
 40 62 22  1 1 0.156500 10.0
 40 62 23  1 1 0.130900 10.0
 40 62 24  1 1 0.044350 10.0
 40 63 8  1 1 0.001520 10.0
 40 63 9  1 1 0.026570 10.0
 40 63 10  1 1 0.042010 10.0
 40 63 11  1 1 0.055920 10.0
 40 63 12  1 1 0.069140 10.0
 40 63 13  1 1 0.082030 10.0
 40 63 14  1 1 0.094500 10.0
 40 63 15  1 1 0.106420 10.0
 40 63 16  1 1 0.117200 10.0
 40 63 17  1 1 0.127090 10.0
 40 63 18  1 1 0.137180 10.0
 40 63 19  1 1 0.148460 10.0
 40 63 20  1 1 0.158690 10.0
 40 63 21  1 1 0.163320 10.0
 40 63 22  1 1 0.157600 10.0
 40 63 23  1 1 0.134790 10.0
 40 63 24  1 1 0.044160 10.0
 40 64 10  1 1 0.000040 10.0
 40 64 11  1 1 0.029390 10.0
 40 64 12  1 1 0.050280 10.0
 40 64 13  1 1 0.068510 10.0
 40 64 14  1 1 0.084900 10.0
 40 64 15  1 1 0.098110 10.0
 40 64 16  1 1 0.108620 10.0
 40 64 17  1 1 0.118770 10.0
 40 64 18  1 1 0.130890 10.0
 40 64 19  1 1 0.144460 10.0
 40 64 20  1 1 0.156490 10.0
 40 64 21  1 1 0.162830 10.0
 40 64 22  1 1 0.158670 10.0
 40 64 23  1 1 0.134800 10.0
 40 64 24  1 1 0.088980 10.0
 40 65 11  1 1 0.014270 10.0
 40 65 12  1 1 0.044800 10.0
 40 65 13  1 1 0.058890 10.0
 40 65 14  1 1 0.064540 10.0
 40 65 15  1 1 0.067330 10.0
 40 65 16  1 1 0.073540 10.0
 40 65 17  1 1 0.089500 10.0
 40 65 18  1 1 0.116180 10.0
 40 65 19  1 1 0.135510 10.0
 40 65 20  1 1 0.148490 10.0
 40 65 21  1 1 0.155370 10.0
 40 65 22  1 1 0.151570 10.0
 40 65 23  1 1 0.133280 10.0
 40 65 24  1 1 0.080610 10.0
 40 66 12  1 1 0.007530 10.0
 40 66 17  1 1 0.029450 10.0
 40 66 18  1 1 0.117060 10.0
 40 66 19  1 1 0.149610 10.0
 40 66 20  1 1 0.161790 10.0
 40 66 21  1 1 0.155640 10.0
 40 66 22  1 1 0.132830 10.0
 40 66 23  1 1 0.090310 10.0
 40 67 32  1 1 0.027660 10.0
 40 67 33  1 1 0.061570 10.0
 40 67 34  1 1 0.061900 10.0
 40 67 35  1 1 0.042450 10.0
 40 68 31  1 1 0.024970 10.0
 40 68 32  1 1 0.027240 10.0
 40 69 31  1 1 0.038060 10.0
 40 69 32  1 1 0.047310 10.0
 40 70 31  1 1 0.041230 10.0
 40 70 32  1 1 0.073380 10.0
 40 70 33  1 1 0.079190 10.0
 40 71 30  1 1 0.043860 10.0
 40 71 31  1 1 0.066650 10.0
 40 71 32  1 1 0.077680 10.0
 40 71 33  1 1 0.080380 10.0
 40 71 34  1 1 0.044690 10.0
 40 72 29  1 1 0.037010 10.0
 40 72 30  1 1 0.059050 10.0
 40 72 31  1 1 0.057650 10.0
 40 72 32  1 1 0.019910 10.0
 40 73 28  1 1 0.019440 10.0
 40 73 29  1 1 0.045890 10.0
 40 73 30  1 1 0.053750 10.0
 40 74 28  1 1 0.018960 10.0
 40 74 29  1 1 0.040850 10.0
 40 74 30  1 1 0.054570 10.0
 40 74 31  1 1 0.023290 10.0
 40 75 29  1 1 0.039040 10.0
 40 75 30  1 1 0.062340 10.0
 40 75 31  1 1 0.077860 10.0
 40 75 32  1 1 0.079120 10.0
 40 75 33  1 1 0.101150 10.0
 41 48 3  1 1 0.017750 10.0
 41 49 3  1 1 0.025330 10.0
 41 49 4  1 1 0.018830 10.0
 41 50 3  1 1 0.028110 10.0
 41 50 4  1 1 0.031020 10.0
 41 51 3  1 1 0.026030 10.0
 41 51 4  1 1 0.029220 10.0
 41 52 3  1 1 0.002300 10.0
 41 52 21  1 1 0.039050 10.0
 41 52 22  1 1 0.053720 10.0
 41 52 23  1 1 0.028560 10.0
 41 53 19  1 1 0.089150 10.0
 41 53 20  1 1 0.129760 10.0
 41 53 21  1 1 0.148680 10.0
 41 53 22  1 1 0.157760 10.0
 41 53 23  1 1 0.157320 10.0
 41 53 24  1 1 0.136370 10.0
 41 53 25  1 1 0.071210 10.0
 41 54 17  1 1 0.010900 10.0
 41 54 18  1 1 0.100010 10.0
 41 54 19  1 1 0.135380 10.0
 41 54 20  1 1 0.149250 10.0
 41 54 21  1 1 0.155700 10.0
 41 54 22  1 1 0.160540 10.0
 41 54 23  1 1 0.163760 10.0
 41 54 24  1 1 0.161100 10.0
 41 54 25  1 1 0.144610 10.0
 41 54 26  1 1 0.084870 10.0
 41 55 10  1 1 0.040750 10.0
 41 55 11  1 1 0.053690 10.0
 41 55 12  1 1 0.000820 10.0
 41 55 17  1 1 0.051940 10.0
 41 55 18  1 1 0.105700 10.0
 41 55 19  1 1 0.127200 10.0
 41 55 20  1 1 0.138950 10.0
 41 55 21  1 1 0.148620 10.0
 41 55 22  1 1 0.160120 10.0
 41 55 23  1 1 0.167860 10.0
 41 55 24  1 1 0.166460 10.0
 41 55 25  1 1 0.151300 10.0
 41 55 26  1 1 0.125980 10.0
 41 56 9  1 1 0.042330 10.0
 41 56 10  1 1 0.062380 10.0
 41 56 11  1 1 0.074970 10.0
 41 56 12  1 1 0.077520 10.0
 41 56 13  1 1 0.062420 10.0
 41 56 14  1 1 0.030270 10.0
 41 56 15  1 1 0.002350 10.0
 41 56 16  1 1 0.023940 10.0
 41 56 17  1 1 0.059860 10.0
 41 56 18  1 1 0.090330 10.0
 41 56 19  1 1 0.111090 10.0
 41 56 20  1 1 0.128420 10.0
 41 56 21  1 1 0.148260 10.0
 41 56 22  1 1 0.166510 10.0
 41 56 23  1 1 0.176760 10.0
 41 56 24  1 1 0.176560 10.0
 41 56 25  1 1 0.157460 10.0
 41 56 26  1 1 0.111770 10.0
 41 57 9  1 1 0.031190 10.0
 41 57 10  1 1 0.054830 10.0
 41 57 11  1 1 0.070750 10.0
 41 57 12  1 1 0.080230 10.0
 41 57 13  1 1 0.082500 10.0
 41 57 14  1 1 0.076810 10.0
 41 57 15  1 1 0.069380 10.0
 41 57 16  1 1 0.071860 10.0
 41 57 17  1 1 0.084990 10.0
 41 57 18  1 1 0.102420 10.0
 41 57 19  1 1 0.121040 10.0
 41 57 20  1 1 0.141320 10.0
 41 57 21  1 1 0.158100 10.0
 41 57 22  1 1 0.168700 10.0
 41 57 23  1 1 0.172150 10.0
 41 57 24  1 1 0.170980 10.0
 41 57 25  1 1 0.156290 10.0
 41 57 26  1 1 0.105640 10.0
 41 58 4  1 1 0.004240 10.0
 41 58 5  1 1 0.029560 10.0
 41 58 6  1 1 0.032800 10.0
 41 58 7  1 1 0.032320 10.0
 41 58 8  1 1 0.037240 10.0
 41 58 9  1 1 0.044520 10.0
 41 58 10  1 1 0.054020 10.0
 41 58 11  1 1 0.063850 10.0
 41 58 12  1 1 0.071040 10.0
 41 58 13  1 1 0.075750 10.0
 41 58 14  1 1 0.079450 10.0
 41 58 15  1 1 0.085700 10.0
 41 58 16  1 1 0.096400 10.0
 41 58 17  1 1 0.111260 10.0
 41 58 18  1 1 0.128150 10.0
 41 58 19  1 1 0.144620 10.0
 41 58 20  1 1 0.157740 10.0
 41 58 21  1 1 0.164910 10.0
 41 58 22  1 1 0.162570 10.0
 41 58 23  1 1 0.155070 10.0
 41 58 24  1 1 0.153530 10.0
 41 58 25  1 1 0.139870 10.0
 41 58 26  1 1 0.078340 10.0
 41 59 4  1 1 0.010410 10.0
 41 59 5  1 1 0.037310 10.0
 41 59 6  1 1 0.051550 10.0
 41 59 7  1 1 0.059680 10.0
 41 59 8  1 1 0.064390 10.0
 41 59 9  1 1 0.067220 10.0
 41 59 10  1 1 0.070430 10.0
 41 59 11  1 1 0.075050 10.0
 41 59 12  1 1 0.079610 10.0
 41 59 13  1 1 0.084410 10.0
 41 59 14  1 1 0.091450 10.0
 41 59 15  1 1 0.101750 10.0
 41 59 16  1 1 0.115000 10.0
 41 59 17  1 1 0.129260 10.0
 41 59 18  1 1 0.142540 10.0
 41 59 19  1 1 0.153960 10.0
 41 59 20  1 1 0.161380 10.0
 41 59 21  1 1 0.159920 10.0
 41 59 22  1 1 0.143450 10.0
 41 59 23  1 1 0.121280 10.0
 41 59 24  1 1 0.125160 10.0
 41 59 25  1 1 0.128020 10.0
 41 60 5  1 1 0.025460 10.0
 41 60 6  1 1 0.043090 10.0
 41 60 7  1 1 0.056350 10.0
 41 60 8  1 1 0.066250 10.0
 41 60 9  1 1 0.073800 10.0
 41 60 10  1 1 0.080000 10.0
 41 60 11  1 1 0.085800 10.0
 41 60 12  1 1 0.091490 10.0
 41 60 13  1 1 0.097690 10.0
 41 60 14  1 1 0.105580 10.0
 41 60 15  1 1 0.115280 10.0
 41 60 16  1 1 0.126200 10.0
 41 60 17  1 1 0.137340 10.0
 41 60 18  1 1 0.147980 10.0
 41 60 19  1 1 0.157310 10.0
 41 60 20  1 1 0.162480 10.0
 41 60 21  1 1 0.157530 10.0
 41 60 22  1 1 0.133580 10.0
 41 60 23  1 1 0.071230 10.0
 41 61 5  1 1 0.016300 10.0
 41 61 6  1 1 0.031760 10.0
 41 61 7  1 1 0.046300 10.0
 41 61 8  1 1 0.059380 10.0
 41 61 9  1 1 0.070730 10.0
 41 61 10  1 1 0.080800 10.0
 41 61 11  1 1 0.089920 10.0
 41 61 12  1 1 0.098150 10.0
 41 61 13  1 1 0.106340 10.0
 41 61 14  1 1 0.115140 10.0
 41 61 15  1 1 0.123820 10.0
 41 61 16  1 1 0.132600 10.0
 41 61 17  1 1 0.141080 10.0
 41 61 18  1 1 0.149560 10.0
 41 61 19  1 1 0.158620 10.0
 41 61 20  1 1 0.165050 10.0
 41 61 21  1 1 0.164540 10.0
 41 61 22  1 1 0.148200 10.0
 41 61 23  1 1 0.106030 10.0
 41 62 6  1 1 0.012220 10.0
 41 62 7  1 1 0.036080 10.0
 41 62 8  1 1 0.051990 10.0
 41 62 9  1 1 0.063510 10.0
 41 62 10  1 1 0.072420 10.0
 41 62 11  1 1 0.080710 10.0
 41 62 12  1 1 0.089760 10.0
 41 62 13  1 1 0.099680 10.0
 41 62 14  1 1 0.110850 10.0
 41 62 15  1 1 0.122250 10.0
 41 62 16  1 1 0.132750 10.0
 41 62 17  1 1 0.142060 10.0
 41 62 18  1 1 0.151030 10.0
 41 62 19  1 1 0.160270 10.0
 41 62 20  1 1 0.167700 10.0
 41 62 21  1 1 0.170500 10.0
 41 62 22  1 1 0.162290 10.0
 41 62 23  1 1 0.133750 10.0
 41 62 24  1 1 0.054510 10.0
 41 63 8  1 1 0.017260 10.0
 41 63 9  1 1 0.025780 10.0
 41 63 10  1 1 0.028010 10.0
 41 63 11  1 1 0.035730 10.0
 41 63 12  1 1 0.048790 10.0
 41 63 13  1 1 0.064810 10.0
 41 63 14  1 1 0.082540 10.0
 41 63 15  1 1 0.100280 10.0
 41 63 16  1 1 0.117200 10.0
 41 63 17  1 1 0.131950 10.0
 41 63 18  1 1 0.145230 10.0
 41 63 19  1 1 0.157520 10.0
 41 63 20  1 1 0.167710 10.0
 41 63 21  1 1 0.173150 10.0
 41 63 22  1 1 0.168290 10.0
 41 63 23  1 1 0.145260 10.0
 41 63 24  1 1 0.092240 10.0
 41 64 13  1 1 0.037450 10.0
 41 64 14  1 1 0.063790 10.0
 41 64 15  1 1 0.084110 10.0
 41 64 16  1 1 0.101180 10.0
 41 64 17  1 1 0.117290 10.0
 41 64 18  1 1 0.133560 10.0
 41 64 19  1 1 0.149420 10.0
 41 64 20  1 1 0.162550 10.0
 41 64 21  1 1 0.169060 10.0
 41 64 22  1 1 0.162030 10.0
 41 64 23  1 1 0.133260 10.0
 41 64 24  1 1 0.083040 10.0
 41 65 13  1 1 0.002550 10.0
 41 65 14  1 1 0.029970 10.0
 41 65 15  1 1 0.048260 10.0
 41 65 16  1 1 0.066270 10.0
 41 65 17  1 1 0.091780 10.0
 41 65 18  1 1 0.121170 10.0
 41 65 19  1 1 0.140610 10.0
 41 65 20  1 1 0.153840 10.0
 41 65 21  1 1 0.160470 10.0
 41 65 22  1 1 0.159780 10.0
 41 65 23  1 1 0.148930 10.0
 41 65 24  1 1 0.119020 10.0
 41 65 25  1 1 0.034220 10.0
 41 66 17  1 1 0.055760 10.0
 41 66 18  1 1 0.106660 10.0
 41 66 19  1 1 0.136820 10.0
 41 66 20  1 1 0.156270 10.0
 41 66 21  1 1 0.158950 10.0
 41 66 22  1 1 0.140420 10.0
 41 66 23  1 1 0.092780 10.0
 41 68 33  1 1 0.002510 10.0
 41 69 33  1 1 0.043370 10.0
 41 69 34  1 1 0.032450 10.0
 41 70 31  1 1 0.028350 10.0
 41 70 32  1 1 0.052680 10.0
 41 70 33  1 1 0.075280 10.0
 41 70 34  1 1 0.051830 10.0
 41 71 29  1 1 0.019260 10.0
 41 71 30  1 1 0.048820 10.0
 41 71 31  1 1 0.051050 10.0
 41 71 32  1 1 0.035700 10.0
 41 72 29  1 1 0.001980 10.0
 41 75 31  1 1 0.023460 10.0
 41 75 32  1 1 0.040800 10.0
 41 76 29  1 1 0.006210 10.0
 42 49 2  1 1 0.007570 10.0
 42 50 2  1 1 0.020380 10.0
 42 50 3  1 1 0.020670 10.0
 42 52 19  1 1 0.089200 10.0
 42 52 20  1 1 0.123870 10.0
 42 52 21  1 1 0.143640 10.0
 42 52 22  1 1 0.151790 10.0
 42 52 23  1 1 0.147450 10.0
 42 52 24  1 1 0.119730 10.0
 42 52 25  1 1 0.034950 10.0
 42 53 18  1 1 0.100090 10.0
 42 53 19  1 1 0.133710 10.0
 42 53 20  1 1 0.150540 10.0
 42 53 21  1 1 0.162040 10.0
 42 53 22  1 1 0.172190 10.0
 42 53 23  1 1 0.182420 10.0
 42 53 24  1 1 0.190610 10.0
 42 53 25  1 1 0.190050 10.0
 42 53 26  1 1 0.157560 10.0
 42 54 17  1 1 0.047290 10.0
 42 54 18  1 1 0.105460 10.0
 42 54 19  1 1 0.125550 10.0
 42 54 20  1 1 0.136460 10.0
 42 54 21  1 1 0.145790 10.0
 42 54 22  1 1 0.156440 10.0
 42 54 23  1 1 0.166960 10.0
 42 54 24  1 1 0.175380 10.0
 42 54 25  1 1 0.180060 10.0
 42 54 26  1 1 0.181010 10.0
 42 54 27  1 1 0.163300 10.0
 42 54 28  1 1 0.045500 10.0
 42 55 9  1 1 0.039140 10.0
 42 55 10  1 1 0.060240 10.0
 42 55 11  1 1 0.072670 10.0
 42 55 12  1 1 0.081170 10.0
 42 55 13  1 1 0.078550 10.0
 42 55 14  1 1 0.061030 10.0
 42 55 15  1 1 0.035240 10.0
 42 55 16  1 1 0.028320 10.0
 42 55 17  1 1 0.052920 10.0
 42 55 18  1 1 0.082640 10.0
 42 55 19  1 1 0.106630 10.0
 42 55 20  1 1 0.125790 10.0
 42 55 21  1 1 0.144030 10.0
 42 55 22  1 1 0.163640 10.0
 42 55 23  1 1 0.179100 10.0
 42 55 24  1 1 0.188380 10.0
 42 55 25  1 1 0.191120 10.0
 42 55 26  1 1 0.185090 10.0
 42 55 27  1 1 0.165290 10.0
 42 55 28  1 1 0.090130 10.0
 42 56 9  1 1 0.038790 10.0
 42 56 10  1 1 0.066390 10.0
 42 56 11  1 1 0.085790 10.0
 42 56 12  1 1 0.100050 10.0
 42 56 13  1 1 0.108270 10.0
 42 56 14  1 1 0.109440 10.0
 42 56 15  1 1 0.104760 10.0
 42 56 16  1 1 0.099470 10.0
 42 56 17  1 1 0.101220 10.0
 42 56 18  1 1 0.111420 10.0
 42 56 19  1 1 0.126490 10.0
 42 56 20  1 1 0.143480 10.0
 42 56 21  1 1 0.160600 10.0
 42 56 22  1 1 0.173510 10.0
 42 56 23  1 1 0.182110 10.0
 42 56 24  1 1 0.186880 10.0
 42 56 25  1 1 0.186810 10.0
 42 56 26  1 1 0.181830 10.0
 42 56 27  1 1 0.164070 10.0
 42 56 28  1 1 0.088020 10.0
 42 57 9  1 1 0.016910 10.0
 42 57 10  1 1 0.050970 10.0
 42 57 11  1 1 0.075280 10.0
 42 57 12  1 1 0.093390 10.0
 42 57 13  1 1 0.107010 10.0
 42 57 14  1 1 0.117100 10.0
 42 57 15  1 1 0.123910 10.0
 42 57 16  1 1 0.128760 10.0
 42 57 17  1 1 0.134800 10.0
 42 57 18  1 1 0.143920 10.0
 42 57 19  1 1 0.154620 10.0
 42 57 20  1 1 0.165320 10.0
 42 57 21  1 1 0.173790 10.0
 42 57 22  1 1 0.179150 10.0
 42 57 23  1 1 0.180730 10.0
 42 57 24  1 1 0.179310 10.0
 42 57 25  1 1 0.171710 10.0
 42 57 26  1 1 0.155850 10.0
 42 57 27  1 1 0.127980 10.0
 42 58 4  1 1 0.024060 10.0
 42 58 5  1 1 0.032670 10.0
 42 58 6  1 1 0.030430 10.0
 42 58 7  1 1 0.029250 10.0
 42 58 8  1 1 0.036650 10.0
 42 58 9  1 1 0.049130 10.0
 42 58 10  1 1 0.062920 10.0
 42 58 11  1 1 0.077290 10.0
 42 58 12  1 1 0.091410 10.0
 42 58 13  1 1 0.103870 10.0
 42 58 14  1 1 0.114570 10.0
 42 58 15  1 1 0.124380 10.0
 42 58 16  1 1 0.134170 10.0
 42 58 17  1 1 0.143200 10.0
 42 58 18  1 1 0.151800 10.0
 42 58 19  1 1 0.159620 10.0
 42 58 20  1 1 0.166650 10.0
 42 58 21  1 1 0.172000 10.0
 42 58 22  1 1 0.173550 10.0
 42 58 23  1 1 0.168730 10.0
 42 58 24  1 1 0.164970 10.0
 42 58 25  1 1 0.156070 10.0
 42 58 26  1 1 0.129760 10.0
 42 59 3  1 1 0.018110 10.0
 42 59 4  1 1 0.035670 10.0
 42 59 5  1 1 0.049970 10.0
 42 59 6  1 1 0.061570 10.0
 42 59 7  1 1 0.070510 10.0
 42 59 8  1 1 0.078120 10.0
 42 59 9  1 1 0.085210 10.0
 42 59 10  1 1 0.092170 10.0
 42 59 11  1 1 0.099140 10.0
 42 59 12  1 1 0.106200 10.0
 42 59 13  1 1 0.113330 10.0
 42 59 14  1 1 0.120940 10.0
 42 59 15  1 1 0.129170 10.0
 42 59 16  1 1 0.137840 10.0
 42 59 17  1 1 0.146610 10.0
 42 59 18  1 1 0.155350 10.0
 42 59 19  1 1 0.163380 10.0
 42 59 20  1 1 0.170230 10.0
 42 59 21  1 1 0.173000 10.0
 42 59 22  1 1 0.167590 10.0
 42 59 23  1 1 0.150730 10.0
 42 59 24  1 1 0.141190 10.0
 42 59 25  1 1 0.140020 10.0
 42 59 26  1 1 0.084040 10.0
 42 60 3  1 1 0.017900 10.0
 42 60 4  1 1 0.033790 10.0
 42 60 5  1 1 0.047010 10.0
 42 60 6  1 1 0.059090 10.0
 42 60 7  1 1 0.070210 10.0
 42 60 8  1 1 0.080770 10.0
 42 60 9  1 1 0.090280 10.0
 42 60 10  1 1 0.098820 10.0
 42 60 11  1 1 0.106980 10.0
 42 60 12  1 1 0.114890 10.0
 42 60 13  1 1 0.122790 10.0
 42 60 14  1 1 0.131130 10.0
 42 60 15  1 1 0.139480 10.0
 42 60 16  1 1 0.147440 10.0
 42 60 17  1 1 0.155340 10.0
 42 60 18  1 1 0.162580 10.0
 42 60 19  1 1 0.169470 10.0
 42 60 20  1 1 0.174110 10.0
 42 60 21  1 1 0.172150 10.0
 42 60 22  1 1 0.157900 10.0
 42 60 23  1 1 0.120500 10.0
 42 60 24  1 1 0.065350 10.0
 42 61 3  1 1 0.017630 10.0
 42 61 4  1 1 0.034190 10.0
 42 61 5  1 1 0.047180 10.0
 42 61 6  1 1 0.058500 10.0
 42 61 7  1 1 0.068010 10.0
 42 61 8  1 1 0.075980 10.0
 42 61 9  1 1 0.081600 10.0
 42 61 10  1 1 0.086680 10.0
 42 61 11  1 1 0.093010 10.0
 42 61 12  1 1 0.102350 10.0
 42 61 13  1 1 0.112930 10.0
 42 61 14  1 1 0.124820 10.0
 42 61 15  1 1 0.136900 10.0
 42 61 16  1 1 0.148180 10.0
 42 61 17  1 1 0.157950 10.0
 42 61 18  1 1 0.165260 10.0
 42 61 19  1 1 0.171420 10.0
 42 61 20  1 1 0.174530 10.0
 42 61 21  1 1 0.170720 10.0
 42 61 22  1 1 0.152820 10.0
 42 61 23  1 1 0.107800 10.0
 42 62 4  1 1 0.022800 10.0
 42 62 5  1 1 0.039300 10.0
 42 62 6  1 1 0.052220 10.0
 42 62 7  1 1 0.058740 10.0
 42 62 8  1 1 0.056180 10.0
 42 62 9  1 1 0.046140 10.0
 42 62 10  1 1 0.039390 10.0
 42 62 11  1 1 0.041880 10.0
 42 62 12  1 1 0.054460 10.0
 42 62 13  1 1 0.070850 10.0
 42 62 14  1 1 0.089050 10.0
 42 62 15  1 1 0.107980 10.0
 42 62 16  1 1 0.125860 10.0
 42 62 17  1 1 0.142870 10.0
 42 62 18  1 1 0.156480 10.0
 42 62 19  1 1 0.165820 10.0
 42 62 20  1 1 0.170890 10.0
 42 62 21  1 1 0.170140 10.0
 42 62 22  1 1 0.158710 10.0
 42 62 23  1 1 0.127890 10.0
 42 62 24  1 1 0.014480 10.0
 42 63 5  1 1 0.003790 10.0
 42 63 6  1 1 0.031190 10.0
 42 63 7  1 1 0.036330 10.0
 42 63 13  1 1 0.026570 10.0
 42 63 14  1 1 0.058830 10.0
 42 63 15  1 1 0.083170 10.0
 42 63 16  1 1 0.103340 10.0
 42 63 17  1 1 0.122010 10.0
 42 63 18  1 1 0.139780 10.0
 42 63 19  1 1 0.153690 10.0
 42 63 20  1 1 0.164520 10.0
 42 63 21  1 1 0.169480 10.0
 42 63 22  1 1 0.164520 10.0
 42 63 23  1 1 0.142590 10.0
 42 63 24  1 1 0.069470 10.0
 42 64 13  1 1 0.017300 10.0
 42 64 14  1 1 0.057830 10.0
 42 64 15  1 1 0.081290 10.0
 42 64 16  1 1 0.098460 10.0
 42 64 17  1 1 0.113700 10.0
 42 64 18  1 1 0.128350 10.0
 42 64 19  1 1 0.142590 10.0
 42 64 20  1 1 0.156570 10.0
 42 64 21  1 1 0.164280 10.0
 42 64 22  1 1 0.161390 10.0
 42 64 23  1 1 0.142560 10.0
 42 64 24  1 1 0.096040 10.0
 42 65 15  1 1 0.051300 10.0
 42 65 16  1 1 0.081540 10.0
 42 65 17  1 1 0.105870 10.0
 42 65 18  1 1 0.124500 10.0
 42 65 19  1 1 0.138240 10.0
 42 65 20  1 1 0.149290 10.0
 42 65 21  1 1 0.156830 10.0
 42 65 22  1 1 0.157770 10.0
 42 65 23  1 1 0.143670 10.0
 42 65 24  1 1 0.084540 10.0
 42 66 16  1 1 0.040890 10.0
 42 66 17  1 1 0.091800 10.0
 42 66 18  1 1 0.126210 10.0
 42 66 19  1 1 0.150980 10.0
 42 66 20  1 1 0.163650 10.0
 42 66 21  1 1 0.160890 10.0
 42 66 22  1 1 0.130900 10.0
 42 66 23  1 1 0.014440 10.0
 42 70 31  1 1 0.014320 10.0
 42 70 32  1 1 0.040700 10.0
 42 70 33  1 1 0.039440 10.0
 42 71 31  1 1 0.000620 10.0
 43 51 19  1 1 0.026030 10.0
 43 51 20  1 1 0.062160 10.0
 43 51 21  1 1 0.074020 10.0
 43 51 22  1 1 0.063600 10.0
 43 52 17  1 1 0.036700 10.0
 43 52 18  1 1 0.099820 10.0
 43 52 19  1 1 0.135870 10.0
 43 52 20  1 1 0.155960 10.0
 43 52 21  1 1 0.167350 10.0
 43 52 22  1 1 0.172220 10.0
 43 52 23  1 1 0.166830 10.0
 43 52 24  1 1 0.142240 10.0
 43 52 25  1 1 0.098890 10.0
 43 53 17  1 1 0.067240 10.0
 43 53 18  1 1 0.108620 10.0
 43 53 19  1 1 0.128640 10.0
 43 53 20  1 1 0.140160 10.0
 43 53 21  1 1 0.150260 10.0
 43 53 22  1 1 0.160950 10.0
 43 53 23  1 1 0.170780 10.0
 43 53 24  1 1 0.177820 10.0
 43 53 25  1 1 0.178440 10.0
 43 53 26  1 1 0.161870 10.0
 43 53 27  1 1 0.104000 10.0
 43 54 9  1 1 0.044030 10.0
 43 54 10  1 1 0.066860 10.0
 43 54 11  1 1 0.069680 10.0
 43 54 12  1 1 0.046790 10.0
 43 54 16  1 1 0.033170 10.0
 43 54 17  1 1 0.067790 10.0
 43 54 18  1 1 0.095140 10.0
 43 54 19  1 1 0.114800 10.0
 43 54 20  1 1 0.131380 10.0
 43 54 21  1 1 0.147540 10.0
 43 54 22  1 1 0.163650 10.0
 43 54 23  1 1 0.175780 10.0
 43 54 24  1 1 0.183200 10.0
 43 54 25  1 1 0.185650 10.0
 43 54 26  1 1 0.180430 10.0
 43 54 27  1 1 0.163880 10.0
 43 54 28  1 1 0.127380 10.0
 43 55 8  1 1 0.038780 10.0
 43 55 9  1 1 0.065650 10.0
 43 55 10  1 1 0.083730 10.0
 43 55 11  1 1 0.095170 10.0
 43 55 12  1 1 0.100830 10.0
 43 55 13  1 1 0.103720 10.0
 43 55 14  1 1 0.106820 10.0
 43 55 15  1 1 0.108850 10.0
 43 55 16  1 1 0.110750 10.0
 43 55 17  1 1 0.115960 10.0
 43 55 18  1 1 0.124550 10.0
 43 55 19  1 1 0.134950 10.0
 43 55 20  1 1 0.147300 10.0
 43 55 21  1 1 0.161010 10.0
 43 55 22  1 1 0.173670 10.0
 43 55 23  1 1 0.183790 10.0
 43 55 24  1 1 0.191420 10.0
 43 55 25  1 1 0.195740 10.0
 43 55 26  1 1 0.192900 10.0
 43 55 27  1 1 0.173790 10.0
 43 55 28  1 1 0.137190 10.0
 43 56 8  1 1 0.041590 10.0
 43 56 9  1 1 0.067960 10.0
 43 56 10  1 1 0.086900 10.0
 43 56 11  1 1 0.100370 10.0
 43 56 12  1 1 0.109980 10.0
 43 56 13  1 1 0.117350 10.0
 43 56 14  1 1 0.123650 10.0
 43 56 15  1 1 0.129270 10.0
 43 56 16  1 1 0.134410 10.0
 43 56 17  1 1 0.139990 10.0
 43 56 18  1 1 0.146980 10.0
 43 56 19  1 1 0.154830 10.0
 43 56 20  1 1 0.163320 10.0
 43 56 21  1 1 0.171640 10.0
 43 56 22  1 1 0.179140 10.0
 43 56 23  1 1 0.185180 10.0
 43 56 24  1 1 0.189490 10.0
 43 56 25  1 1 0.191350 10.0
 43 56 26  1 1 0.187910 10.0
 43 56 27  1 1 0.172960 10.0
 43 56 28  1 1 0.141550 10.0
 43 57 8  1 1 0.028860 10.0
 43 57 9  1 1 0.054570 10.0
 43 57 10  1 1 0.075770 10.0
 43 57 11  1 1 0.091960 10.0
 43 57 12  1 1 0.104090 10.0
 43 57 13  1 1 0.113250 10.0
 43 57 14  1 1 0.120590 10.0
 43 57 15  1 1 0.126460 10.0
 43 57 16  1 1 0.132200 10.0
 43 57 17  1 1 0.138240 10.0
 43 57 18  1 1 0.144610 10.0
 43 57 19  1 1 0.151190 10.0
 43 57 20  1 1 0.158580 10.0
 43 57 21  1 1 0.166760 10.0
 43 57 22  1 1 0.173730 10.0
 43 57 23  1 1 0.178140 10.0
 43 57 24  1 1 0.179800 10.0
 43 57 25  1 1 0.176070 10.0
 43 57 26  1 1 0.163250 10.0
 43 57 27  1 1 0.133240 10.0
 43 57 28  1 1 0.004480 10.0
 43 58 3  1 1 0.020070 10.0
 43 58 4  1 1 0.034020 10.0
 43 58 5  1 1 0.038970 10.0
 43 58 6  1 1 0.038080 10.0
 43 58 7  1 1 0.041850 10.0
 43 58 8  1 1 0.051720 10.0
 43 58 9  1 1 0.064960 10.0
 43 58 10  1 1 0.078920 10.0
 43 58 11  1 1 0.092690 10.0
 43 58 12  1 1 0.104920 10.0
 43 58 13  1 1 0.115320 10.0
 43 58 14  1 1 0.124240 10.0
 43 58 15  1 1 0.131860 10.0
 43 58 16  1 1 0.137610 10.0
 43 58 17  1 1 0.142840 10.0
 43 58 18  1 1 0.148020 10.0
 43 58 19  1 1 0.153910 10.0
 43 58 20  1 1 0.161150 10.0
 43 58 21  1 1 0.167900 10.0
 43 58 22  1 1 0.171520 10.0
 43 58 23  1 1 0.170370 10.0
 43 58 24  1 1 0.169000 10.0
 43 58 25  1 1 0.162840 10.0
 43 58 26  1 1 0.140800 10.0
 43 58 27  1 1 0.087050 10.0
 43 59 2  1 1 0.003830 10.0
 43 59 3  1 1 0.029440 10.0
 43 59 4  1 1 0.044380 10.0
 43 59 5  1 1 0.056370 10.0
 43 59 6  1 1 0.065930 10.0
 43 59 7  1 1 0.073500 10.0
 43 59 8  1 1 0.080990 10.0
 43 59 9  1 1 0.089240 10.0
 43 59 10  1 1 0.097680 10.0
 43 59 11  1 1 0.105870 10.0
 43 59 12  1 1 0.113610 10.0
 43 59 13  1 1 0.121390 10.0
 43 59 14  1 1 0.129370 10.0
 43 59 15  1 1 0.137020 10.0
 43 59 16  1 1 0.143830 10.0
 43 59 17  1 1 0.150440 10.0
 43 59 18  1 1 0.156580 10.0
 43 59 19  1 1 0.162160 10.0
 43 59 20  1 1 0.167770 10.0
 43 59 21  1 1 0.170660 10.0
 43 59 22  1 1 0.167310 10.0
 43 59 23  1 1 0.153580 10.0
 43 59 24  1 1 0.147910 10.0
 43 59 25  1 1 0.146710 10.0
 43 59 26  1 1 0.114800 10.0
 43 60 3  1 1 0.026940 10.0
 43 60 4  1 1 0.043090 10.0
 43 60 5  1 1 0.055940 10.0
 43 60 6  1 1 0.067060 10.0
 43 60 7  1 1 0.076850 10.0
 43 60 8  1 1 0.084240 10.0
 43 60 9  1 1 0.088630 10.0
 43 60 10  1 1 0.090540 10.0
 43 60 11  1 1 0.092420 10.0
 43 60 12  1 1 0.097730 10.0
 43 60 13  1 1 0.105630 10.0
 43 60 14  1 1 0.116100 10.0
 43 60 15  1 1 0.126800 10.0
 43 60 16  1 1 0.136110 10.0
 43 60 17  1 1 0.144800 10.0
 43 60 18  1 1 0.152310 10.0
 43 60 19  1 1 0.160040 10.0
 43 60 20  1 1 0.166140 10.0
 43 60 21  1 1 0.166130 10.0
 43 60 22  1 1 0.151350 10.0
 43 60 23  1 1 0.112840 10.0
 43 60 24  1 1 0.081470 10.0
 43 60 25  1 1 0.019480 10.0
 43 61 3  1 1 0.022770 10.0
 43 61 4  1 1 0.039890 10.0
 43 61 5  1 1 0.050950 10.0
 43 61 6  1 1 0.058390 10.0
 43 61 7  1 1 0.062120 10.0
 43 61 8  1 1 0.053650 10.0
 43 61 9  1 1 0.030540 10.0
 43 61 10  1 1 0.015510 10.0
 43 61 11  1 1 0.020960 10.0
 43 61 12  1 1 0.039410 10.0
 43 61 13  1 1 0.060360 10.0
 43 61 14  1 1 0.081700 10.0
 43 61 15  1 1 0.100470 10.0
 43 61 16  1 1 0.118080 10.0
 43 61 17  1 1 0.134740 10.0
 43 61 18  1 1 0.147330 10.0
 43 61 19  1 1 0.158180 10.0
 43 61 20  1 1 0.164490 10.0
 43 61 21  1 1 0.161110 10.0
 43 61 22  1 1 0.134290 10.0
 43 61 23  1 1 0.050700 10.0
 43 62 4  1 1 0.022790 10.0
 43 62 5  1 1 0.018570 10.0
 43 62 13  1 1 0.029660 10.0
 43 62 14  1 1 0.062240 10.0
 43 62 15  1 1 0.084680 10.0
 43 62 16  1 1 0.103760 10.0
 43 62 17  1 1 0.122340 10.0
 43 62 18  1 1 0.140380 10.0
 43 62 19  1 1 0.155120 10.0
 43 62 20  1 1 0.163900 10.0
 43 62 21  1 1 0.162670 10.0
 43 62 22  1 1 0.138280 10.0
 43 62 23  1 1 0.045340 10.0
 43 63 13  1 1 0.030960 10.0
 43 63 14  1 1 0.071510 10.0
 43 63 15  1 1 0.092910 10.0
 43 63 16  1 1 0.108100 10.0
 43 63 17  1 1 0.122050 10.0
 43 63 18  1 1 0.136680 10.0
 43 63 19  1 1 0.151350 10.0
 43 63 20  1 1 0.162480 10.0
 43 63 21  1 1 0.165120 10.0
 43 63 22  1 1 0.145000 10.0
 43 63 23  1 1 0.063490 10.0
 43 64 4  1 1 0.014980 10.0
 43 64 14  1 1 0.060600 10.0
 43 64 15  1 1 0.094650 10.0
 43 64 16  1 1 0.114120 10.0
 43 64 17  1 1 0.128350 10.0
 43 64 18  1 1 0.140990 10.0
 43 64 19  1 1 0.153070 10.0
 43 64 20  1 1 0.162870 10.0
 43 64 21  1 1 0.165950 10.0
 43 64 22  1 1 0.152990 10.0
 43 64 23  1 1 0.111470 10.0
 43 65 15  1 1 0.058990 10.0
 43 65 16  1 1 0.098570 10.0
 43 65 17  1 1 0.125370 10.0
 43 65 18  1 1 0.142240 10.0
 43 65 19  1 1 0.155270 10.0
 43 65 20  1 1 0.163010 10.0
 43 65 21  1 1 0.160570 10.0
 43 65 22  1 1 0.136240 10.0
 43 65 23  1 1 0.056520 10.0
 43 66 16  1 1 0.047890 10.0
 43 66 17  1 1 0.088090 10.0
 43 66 18  1 1 0.104290 10.0
 43 66 19  1 1 0.107950 10.0
 43 66 20  1 1 0.097940 10.0
 43 66 21  1 1 0.069060 10.0
 44 51 17  1 1 0.039850 10.0
 44 51 18  1 1 0.089570 10.0
 44 51 19  1 1 0.112030 10.0
 44 51 20  1 1 0.122120 10.0
 44 51 21  1 1 0.121000 10.0
 44 51 22  1 1 0.108290 10.0
 44 51 23  1 1 0.082010 10.0
 44 52 16  1 1 0.024430 10.0
 44 52 17  1 1 0.091410 10.0
 44 52 18  1 1 0.120980 10.0
 44 52 19  1 1 0.138660 10.0
 44 52 20  1 1 0.152160 10.0
 44 52 21  1 1 0.164490 10.0
 44 52 22  1 1 0.173770 10.0
 44 52 23  1 1 0.175480 10.0
 44 52 24  1 1 0.157290 10.0
 44 52 25  1 1 0.089050 10.0
 44 53 7  1 1 0.004200 10.0
 44 53 8  1 1 0.012420 10.0
 44 53 9  1 1 0.012960 10.0
 44 53 10  1 1 0.011640 10.0
 44 53 16  1 1 0.050120 10.0
 44 53 17  1 1 0.084470 10.0
 44 53 18  1 1 0.108450 10.0
 44 53 19  1 1 0.124740 10.0
 44 53 20  1 1 0.138130 10.0
 44 53 21  1 1 0.151050 10.0
 44 53 22  1 1 0.163170 10.0
 44 53 23  1 1 0.172980 10.0
 44 53 24  1 1 0.177740 10.0
 44 53 25  1 1 0.175740 10.0
 44 53 26  1 1 0.153260 10.0
 44 53 27  1 1 0.045550 10.0
 44 54 6  1 1 0.020760 10.0
 44 54 7  1 1 0.040240 10.0
 44 54 8  1 1 0.057220 10.0
 44 54 9  1 1 0.073060 10.0
 44 54 10  1 1 0.087500 10.0
 44 54 11  1 1 0.097310 10.0
 44 54 12  1 1 0.099700 10.0
 44 54 13  1 1 0.094090 10.0
 44 54 14  1 1 0.084390 10.0
 44 54 15  1 1 0.080410 10.0
 44 54 16  1 1 0.085500 10.0
 44 54 17  1 1 0.097040 10.0
 44 54 18  1 1 0.112640 10.0
 44 54 19  1 1 0.129540 10.0
 44 54 20  1 1 0.145180 10.0
 44 54 21  1 1 0.160900 10.0
 44 54 22  1 1 0.174290 10.0
 44 54 23  1 1 0.183370 10.0
 44 54 24  1 1 0.188120 10.0
 44 54 25  1 1 0.186730 10.0
 44 54 26  1 1 0.176980 10.0
 44 54 27  1 1 0.151880 10.0
 44 54 28  1 1 0.069750 10.0
 44 55 5  1 1 0.026060 10.0
 44 55 6  1 1 0.044850 10.0
 44 55 7  1 1 0.061290 10.0
 44 55 8  1 1 0.075790 10.0
 44 55 9  1 1 0.087360 10.0
 44 55 10  1 1 0.095330 10.0
 44 55 11  1 1 0.100580 10.0
 44 55 12  1 1 0.105640 10.0
 44 55 13  1 1 0.111650 10.0
 44 55 14  1 1 0.118100 10.0
 44 55 15  1 1 0.125000 10.0
 44 55 16  1 1 0.132760 10.0
 44 55 17  1 1 0.141410 10.0
 44 55 18  1 1 0.150350 10.0
 44 55 19  1 1 0.159650 10.0
 44 55 20  1 1 0.168220 10.0
 44 55 21  1 1 0.176250 10.0
 44 55 22  1 1 0.183180 10.0
 44 55 23  1 1 0.189210 10.0
 44 55 24  1 1 0.194120 10.0
 44 55 25  1 1 0.196450 10.0
 44 55 26  1 1 0.191280 10.0
 44 55 27  1 1 0.170170 10.0
 44 55 28  1 1 0.125740 10.0
 44 56 5  1 1 0.021860 10.0
 44 56 6  1 1 0.041200 10.0
 44 56 7  1 1 0.059070 10.0
 44 56 8  1 1 0.074720 10.0
 44 56 9  1 1 0.085920 10.0
 44 56 10  1 1 0.092020 10.0
 44 56 11  1 1 0.093760 10.0
 44 56 12  1 1 0.094920 10.0
 44 56 13  1 1 0.098710 10.0
 44 56 14  1 1 0.104580 10.0
 44 56 15  1 1 0.112590 10.0
 44 56 16  1 1 0.122280 10.0
 44 56 17  1 1 0.132620 10.0
 44 56 18  1 1 0.142760 10.0
 44 56 19  1 1 0.152360 10.0
 44 56 20  1 1 0.161190 10.0
 44 56 21  1 1 0.169720 10.0
 44 56 22  1 1 0.177600 10.0
 44 56 23  1 1 0.184290 10.0
 44 56 24  1 1 0.189740 10.0
 44 56 25  1 1 0.192370 10.0
 44 56 26  1 1 0.187610 10.0
 44 56 27  1 1 0.167770 10.0
 44 56 28  1 1 0.126150 10.0
 44 57 4  1 1 0.008310 10.0
 44 57 5  1 1 0.021920 10.0
 44 57 6  1 1 0.037380 10.0
 44 57 7  1 1 0.054120 10.0
 44 57 8  1 1 0.069540 10.0
 44 57 9  1 1 0.080770 10.0
 44 57 10  1 1 0.087060 10.0
 44 57 11  1 1 0.089570 10.0
 44 57 12  1 1 0.090510 10.0
 44 57 13  1 1 0.093400 10.0
 44 57 14  1 1 0.099300 10.0
 44 57 15  1 1 0.106660 10.0
 44 57 16  1 1 0.115260 10.0
 44 57 17  1 1 0.125550 10.0
 44 57 18  1 1 0.136750 10.0
 44 57 19  1 1 0.148160 10.0
 44 57 20  1 1 0.158520 10.0
 44 57 21  1 1 0.167570 10.0
 44 57 22  1 1 0.175030 10.0
 44 57 23  1 1 0.180740 10.0
 44 57 24  1 1 0.185040 10.0
 44 57 25  1 1 0.186190 10.0
 44 57 26  1 1 0.178780 10.0
 44 57 27  1 1 0.151330 10.0
 44 57 28  1 1 0.090570 10.0
 44 58 3  1 1 0.018660 10.0
 44 58 4  1 1 0.033040 10.0
 44 58 5  1 1 0.041710 10.0
 44 58 6  1 1 0.050400 10.0
 44 58 7  1 1 0.061270 10.0
 44 58 8  1 1 0.073000 10.0
 44 58 9  1 1 0.083660 10.0
 44 58 10  1 1 0.092130 10.0
 44 58 11  1 1 0.097770 10.0
 44 58 12  1 1 0.101330 10.0
 44 58 13  1 1 0.104230 10.0
 44 58 14  1 1 0.108670 10.0
 44 58 15  1 1 0.114560 10.0
 44 58 16  1 1 0.121210 10.0
 44 58 17  1 1 0.128570 10.0
 44 58 18  1 1 0.137280 10.0
 44 58 19  1 1 0.147540 10.0
 44 58 20  1 1 0.157750 10.0
 44 58 21  1 1 0.165740 10.0
 44 58 22  1 1 0.170670 10.0
 44 58 23  1 1 0.172490 10.0
 44 58 24  1 1 0.174360 10.0
 44 58 25  1 1 0.173740 10.0
 44 58 26  1 1 0.163370 10.0
 44 58 27  1 1 0.139600 10.0
 44 59 3  1 1 0.027140 10.0
 44 59 4  1 1 0.042460 10.0
 44 59 5  1 1 0.054040 10.0
 44 59 6  1 1 0.063660 10.0
 44 59 7  1 1 0.072720 10.0
 44 59 8  1 1 0.081170 10.0
 44 59 9  1 1 0.086570 10.0
 44 59 10  1 1 0.087450 10.0
 44 59 11  1 1 0.085890 10.0
 44 59 12  1 1 0.087250 10.0
 44 59 13  1 1 0.093120 10.0
 44 59 14  1 1 0.102450 10.0
 44 59 15  1 1 0.112440 10.0
 44 59 16  1 1 0.121700 10.0
 44 59 17  1 1 0.131280 10.0
 44 59 18  1 1 0.140190 10.0
 44 59 19  1 1 0.148750 10.0
 44 59 20  1 1 0.156710 10.0
 44 59 21  1 1 0.161300 10.0
 44 59 22  1 1 0.159900 10.0
 44 59 23  1 1 0.155580 10.0
 44 59 24  1 1 0.155640 10.0
 44 59 25  1 1 0.154410 10.0
 44 59 26  1 1 0.132280 10.0
 44 60 3  1 1 0.026600 10.0
 44 60 4  1 1 0.043120 10.0
 44 60 5  1 1 0.056060 10.0
 44 60 6  1 1 0.065650 10.0
 44 60 7  1 1 0.069860 10.0
 44 60 8  1 1 0.066800 10.0
 44 60 9  1 1 0.052390 10.0
 44 60 10  1 1 0.030990 10.0
 44 60 11  1 1 0.023830 10.0
 44 60 12  1 1 0.037370 10.0
 44 60 13  1 1 0.058770 10.0
 44 60 14  1 1 0.080040 10.0
 44 60 15  1 1 0.098460 10.0
 44 60 16  1 1 0.114310 10.0
 44 60 17  1 1 0.128220 10.0
 44 60 18  1 1 0.140150 10.0
 44 60 19  1 1 0.149920 10.0
 44 60 20  1 1 0.154430 10.0
 44 60 21  1 1 0.146830 10.0
 44 60 22  1 1 0.129130 10.0
 44 60 23  1 1 0.113670 10.0
 44 60 24  1 1 0.101410 10.0
 44 60 25  1 1 0.054810 10.0
 44 61 3  1 1 0.019840 10.0
 44 61 4  1 1 0.034540 10.0
 44 61 5  1 1 0.045110 10.0
 44 61 6  1 1 0.044130 10.0
 44 61 13  1 1 0.041610 10.0
 44 61 14  1 1 0.071210 10.0
 44 61 15  1 1 0.092930 10.0
 44 61 16  1 1 0.111700 10.0
 44 61 17  1 1 0.128270 10.0
 44 61 18  1 1 0.142230 10.0
 44 61 19  1 1 0.149880 10.0
 44 61 20  1 1 0.143640 10.0
 44 61 21  1 1 0.111610 10.0
 44 61 22  1 1 0.061880 10.0
 44 62 13  1 1 0.034020 10.0
 44 62 14  1 1 0.075510 10.0
 44 62 15  1 1 0.098420 10.0
 44 62 16  1 1 0.116230 10.0
 44 62 17  1 1 0.131880 10.0
 44 62 18  1 1 0.144370 10.0
 44 62 19  1 1 0.149190 10.0
 44 62 20  1 1 0.138270 10.0
 44 62 21  1 1 0.100650 10.0
 44 62 22  1 1 0.017820 10.0
 44 63 14  1 1 0.069070 10.0
 44 63 15  1 1 0.098820 10.0
 44 63 16  1 1 0.119450 10.0
 44 63 17  1 1 0.133460 10.0
 44 63 18  1 1 0.141670 10.0
 44 63 19  1 1 0.141360 10.0
 44 63 20  1 1 0.126240 10.0
 44 63 21  1 1 0.079110 10.0
 44 64 15  1 1 0.071000 10.0
 44 64 16  1 1 0.104450 10.0
 44 64 17  1 1 0.126050 10.0
 44 64 18  1 1 0.136820 10.0
 44 64 19  1 1 0.137680 10.0
 44 64 20  1 1 0.126280 10.0
 44 64 21  1 1 0.090650 10.0
 44 64 22  1 1 0.012790 10.0
 44 65 17  1 1 0.060420 10.0
 44 65 18  1 1 0.085840 10.0
 44 65 19  1 1 0.096570 10.0
 44 65 20  1 1 0.091560 10.0
 44 65 21  1 1 0.060850 10.0
 45 51 16  1 1 0.044870 10.0
 45 51 17  1 1 0.092560 10.0
 45 51 18  1 1 0.122610 10.0
 45 51 19  1 1 0.138560 10.0
 45 51 20  1 1 0.142280 10.0
 45 51 21  1 1 0.132140 10.0
 45 51 22  1 1 0.107830 10.0
 45 51 23  1 1 0.069070 10.0
 45 52 15  1 1 0.043270 10.0
 45 52 16  1 1 0.081370 10.0
 45 52 17  1 1 0.109660 10.0
 45 52 18  1 1 0.128260 10.0
 45 52 19  1 1 0.141130 10.0
 45 52 20  1 1 0.151980 10.0
 45 52 21  1 1 0.162510 10.0
 45 52 22  1 1 0.170230 10.0
 45 52 23  1 1 0.170980 10.0
 45 52 24  1 1 0.157920 10.0
 45 52 25  1 1 0.110700 10.0
 45 53 5  1 1 0.019800 10.0
 45 53 6  1 1 0.036650 10.0
 45 53 7  1 1 0.048120 10.0
 45 53 8  1 1 0.056990 10.0
 45 53 9  1 1 0.064260 10.0
 45 53 10  1 1 0.066880 10.0
 45 53 11  1 1 0.062860 10.0
 45 53 12  1 1 0.054750 10.0
 45 53 13  1 1 0.050280 10.0
 45 53 14  1 1 0.053950 10.0
 45 53 15  1 1 0.065910 10.0
 45 53 16  1 1 0.082450 10.0
 45 53 17  1 1 0.099240 10.0
 45 53 18  1 1 0.115710 10.0
 45 53 19  1 1 0.130720 10.0
 45 53 20  1 1 0.144650 10.0
 45 53 21  1 1 0.157060 10.0
 45 53 22  1 1 0.167080 10.0
 45 53 23  1 1 0.173510 10.0
 45 53 24  1 1 0.174240 10.0
 45 53 25  1 1 0.168570 10.0
 45 53 26  1 1 0.150360 10.0
 45 54 4  1 1 0.021460 10.0
 45 54 5  1 1 0.038040 10.0
 45 54 6  1 1 0.051720 10.0
 45 54 7  1 1 0.064430 10.0
 45 54 8  1 1 0.075830 10.0
 45 54 9  1 1 0.085600 10.0
 45 54 10  1 1 0.094660 10.0
 45 54 11  1 1 0.103540 10.0
 45 54 12  1 1 0.111440 10.0
 45 54 13  1 1 0.116780 10.0
 45 54 14  1 1 0.120160 10.0
 45 54 15  1 1 0.122700 10.0
 45 54 16  1 1 0.126190 10.0
 45 54 17  1 1 0.131350 10.0
 45 54 18  1 1 0.139660 10.0
 45 54 19  1 1 0.150140 10.0
 45 54 20  1 1 0.160650 10.0
 45 54 21  1 1 0.170380 10.0
 45 54 22  1 1 0.178280 10.0
 45 54 23  1 1 0.183660 10.0
 45 54 24  1 1 0.184250 10.0
 45 54 25  1 1 0.177350 10.0
 45 54 26  1 1 0.160570 10.0
 45 54 27  1 1 0.134000 10.0
 45 55 4  1 1 0.027460 10.0
 45 55 5  1 1 0.046190 10.0
 45 55 6  1 1 0.061510 10.0
 45 55 7  1 1 0.072650 10.0
 45 55 8  1 1 0.078740 10.0
 45 55 9  1 1 0.080140 10.0
 45 55 10  1 1 0.081400 10.0
 45 55 11  1 1 0.086340 10.0
 45 55 12  1 1 0.094570 10.0
 45 55 13  1 1 0.104170 10.0
 45 55 14  1 1 0.114340 10.0
 45 55 15  1 1 0.124030 10.0
 45 55 16  1 1 0.132940 10.0
 45 55 17  1 1 0.141500 10.0
 45 55 18  1 1 0.149840 10.0
 45 55 19  1 1 0.157720 10.0
 45 55 20  1 1 0.164750 10.0
 45 55 21  1 1 0.171400 10.0
 45 55 22  1 1 0.177780 10.0
 45 55 23  1 1 0.183480 10.0
 45 55 24  1 1 0.187100 10.0
 45 55 25  1 1 0.186210 10.0
 45 55 26  1 1 0.176600 10.0
 45 55 27  1 1 0.150240 10.0
 45 55 28  1 1 0.064750 10.0
 45 56 3  1 1 0.004610 10.0
 45 56 4  1 1 0.031190 10.0
 45 56 5  1 1 0.048260 10.0
 45 56 6  1 1 0.061920 10.0
 45 56 7  1 1 0.071160 10.0
 45 56 8  1 1 0.073340 10.0
 45 56 9  1 1 0.068120 10.0
 45 56 10  1 1 0.062900 10.0
 45 56 11  1 1 0.064390 10.0
 45 56 12  1 1 0.073080 10.0
 45 56 13  1 1 0.085380 10.0
 45 56 14  1 1 0.098740 10.0
 45 56 15  1 1 0.111260 10.0
 45 56 16  1 1 0.122890 10.0
 45 56 17  1 1 0.133300 10.0
 45 56 18  1 1 0.143100 10.0
 45 56 19  1 1 0.152290 10.0
 45 56 20  1 1 0.160850 10.0
 45 56 21  1 1 0.169300 10.0
 45 56 22  1 1 0.177090 10.0
 45 56 23  1 1 0.183390 10.0
 45 56 24  1 1 0.187700 10.0
 45 56 25  1 1 0.187620 10.0
 45 56 26  1 1 0.179570 10.0
 45 56 27  1 1 0.157090 10.0
 45 56 28  1 1 0.109950 10.0
 45 57 3  1 1 0.010200 10.0
 45 57 4  1 1 0.032100 10.0
 45 57 5  1 1 0.047480 10.0
 45 57 6  1 1 0.060400 10.0
 45 57 7  1 1 0.069090 10.0
 45 57 8  1 1 0.070920 10.0
 45 57 9  1 1 0.064120 10.0
 45 57 10  1 1 0.051070 10.0
 45 57 11  1 1 0.042060 10.0
 45 57 12  1 1 0.044940 10.0
 45 57 13  1 1 0.059440 10.0
 45 57 14  1 1 0.079490 10.0
 45 57 15  1 1 0.099030 10.0
 45 57 16  1 1 0.115930 10.0
 45 57 17  1 1 0.129620 10.0
 45 57 18  1 1 0.141430 10.0
 45 57 19  1 1 0.152000 10.0
 45 57 20  1 1 0.161330 10.0
 45 57 21  1 1 0.169740 10.0
 45 57 22  1 1 0.177180 10.0
 45 57 23  1 1 0.183340 10.0
 45 57 24  1 1 0.188060 10.0
 45 57 25  1 1 0.188510 10.0
 45 57 26  1 1 0.179540 10.0
 45 57 27  1 1 0.152500 10.0
 45 57 28  1 1 0.096230 10.0
 45 58 3  1 1 0.017340 10.0
 45 58 4  1 1 0.034950 10.0
 45 58 5  1 1 0.048680 10.0
 45 58 6  1 1 0.061170 10.0
 45 58 7  1 1 0.071540 10.0
 45 58 8  1 1 0.077730 10.0
 45 58 9  1 1 0.077440 10.0
 45 58 10  1 1 0.068850 10.0
 45 58 11  1 1 0.058970 10.0
 45 58 12  1 1 0.057180 10.0
 45 58 13  1 1 0.064860 10.0
 45 58 14  1 1 0.080040 10.0
 45 58 15  1 1 0.098590 10.0
 45 58 16  1 1 0.116080 10.0
 45 58 17  1 1 0.130500 10.0
 45 58 18  1 1 0.142540 10.0
 45 58 19  1 1 0.152610 10.0
 45 58 20  1 1 0.160950 10.0
 45 58 21  1 1 0.167520 10.0
 45 58 22  1 1 0.172170 10.0
 45 58 23  1 1 0.176080 10.0
 45 58 24  1 1 0.179900 10.0
 45 58 25  1 1 0.179300 10.0
 45 58 26  1 1 0.167680 10.0
 45 58 27  1 1 0.141350 10.0
 45 58 28  1 1 0.058180 10.0
 45 59 3  1 1 0.023760 10.0
 45 59 4  1 1 0.040050 10.0
 45 59 5  1 1 0.052900 10.0
 45 59 6  1 1 0.063870 10.0
 45 59 7  1 1 0.072210 10.0
 45 59 8  1 1 0.074510 10.0
 45 59 9  1 1 0.066710 10.0
 45 59 10  1 1 0.049460 10.0
 45 59 11  1 1 0.034870 10.0
 45 59 12  1 1 0.037490 10.0
 45 59 13  1 1 0.056440 10.0
 45 59 14  1 1 0.079370 10.0
 45 59 15  1 1 0.098860 10.0
 45 59 16  1 1 0.114670 10.0
 45 59 17  1 1 0.127900 10.0
 45 59 18  1 1 0.138810 10.0
 45 59 19  1 1 0.147230 10.0
 45 59 20  1 1 0.152550 10.0
 45 59 21  1 1 0.155530 10.0
 45 59 22  1 1 0.157640 10.0
 45 59 23  1 1 0.160350 10.0
 45 59 24  1 1 0.161510 10.0
 45 59 25  1 1 0.157820 10.0
 45 59 26  1 1 0.143920 10.0
 45 59 27  1 1 0.088800 10.0
 45 60 3  1 1 0.025860 10.0
 45 60 4  1 1 0.041500 10.0
 45 60 5  1 1 0.052920 10.0
 45 60 6  1 1 0.059180 10.0
 45 60 7  1 1 0.057510 10.0
 45 60 8  1 1 0.040440 10.0
 45 60 13  1 1 0.060630 10.0
 45 60 14  1 1 0.089240 10.0
 45 60 15  1 1 0.106630 10.0
 45 60 16  1 1 0.119240 10.0
 45 60 17  1 1 0.128910 10.0
 45 60 18  1 1 0.134780 10.0
 45 60 19  1 1 0.134350 10.0
 45 60 20  1 1 0.126680 10.0
 45 60 21  1 1 0.121290 10.0
 45 60 22  1 1 0.123290 10.0
 45 60 23  1 1 0.139000 10.0
 45 60 24  1 1 0.136010 10.0
 45 60 25  1 1 0.102490 10.0
 45 61 3  1 1 0.017070 10.0
 45 61 4  1 1 0.029330 10.0
 45 61 5  1 1 0.027980 10.0
 45 61 13  1 1 0.030870 10.0
 45 61 14  1 1 0.066070 10.0
 45 61 15  1 1 0.087910 10.0
 45 61 16  1 1 0.102630 10.0
 45 61 17  1 1 0.111210 10.0
 45 61 18  1 1 0.110250 10.0
 45 61 19  1 1 0.097080 10.0
 45 61 20  1 1 0.074510 10.0
 45 61 21  1 1 0.052080 10.0
 45 61 22  1 1 0.040110 10.0
 45 61 23  1 1 0.022820 10.0
 45 62 15  1 1 0.049330 10.0
 45 62 16  1 1 0.071970 10.0
 45 62 17  1 1 0.082440 10.0
 45 62 18  1 1 0.079880 10.0
 45 62 19  1 1 0.060850 10.0
 45 63 16  1 1 0.019440 10.0
 45 63 17  1 1 0.040780 10.0
 45 63 18  1 1 0.036600 10.0
 45 69 34  1 1 0.035130 10.0
 45 69 35  1 1 0.033430 10.0
 45 73 19  1 1 0.032480 10.0
 46 50 17  1 1 0.015510 10.0
 46 50 18  1 1 0.035390 10.0
 46 50 19  1 1 0.033380 10.0
 46 51 14  1 1 0.048070 10.0
 46 51 15  1 1 0.080600 10.0
 46 51 16  1 1 0.103550 10.0
 46 51 17  1 1 0.119960 10.0
 46 51 18  1 1 0.132360 10.0
 46 51 19  1 1 0.141400 10.0
 46 51 20  1 1 0.142670 10.0
 46 51 21  1 1 0.126660 10.0
 46 51 22  1 1 0.092230 10.0
 46 51 23  1 1 0.013780 10.0
 46 52 13  1 1 0.033410 10.0
 46 52 14  1 1 0.060000 10.0
 46 52 15  1 1 0.083830 10.0
 46 52 16  1 1 0.103700 10.0
 46 52 17  1 1 0.119380 10.0
 46 52 18  1 1 0.132120 10.0
 46 52 19  1 1 0.143390 10.0
 46 52 20  1 1 0.153410 10.0
 46 52 21  1 1 0.161350 10.0
 46 52 22  1 1 0.164540 10.0
 46 52 23  1 1 0.157490 10.0
 46 52 24  1 1 0.138670 10.0
 46 53 4  1 1 0.009500 10.0
 46 53 5  1 1 0.030750 10.0
 46 53 6  1 1 0.046030 10.0
 46 53 7  1 1 0.059800 10.0
 46 53 8  1 1 0.072180 10.0
 46 53 9  1 1 0.080970 10.0
 46 53 10  1 1 0.084200 10.0
 46 53 11  1 1 0.083170 10.0
 46 53 12  1 1 0.081830 10.0
 46 53 13  1 1 0.083640 10.0
 46 53 14  1 1 0.089600 10.0
 46 53 15  1 1 0.098060 10.0
 46 53 16  1 1 0.108610 10.0
 46 53 17  1 1 0.120140 10.0
 46 53 18  1 1 0.131570 10.0
 46 53 19  1 1 0.143400 10.0
 46 53 20  1 1 0.153920 10.0
 46 53 21  1 1 0.162550 10.0
 46 53 22  1 1 0.168680 10.0
 46 53 23  1 1 0.169170 10.0
 46 53 24  1 1 0.162670 10.0
 46 53 25  1 1 0.149630 10.0
 46 53 26  1 1 0.025600 10.0
 46 54 4  1 1 0.029690 10.0
 46 54 5  1 1 0.046810 10.0
 46 54 6  1 1 0.059540 10.0
 46 54 7  1 1 0.069120 10.0
 46 54 8  1 1 0.077270 10.0
 46 54 9  1 1 0.085470 10.0
 46 54 10  1 1 0.093200 10.0
 46 54 11  1 1 0.099310 10.0
 46 54 12  1 1 0.104360 10.0
 46 54 13  1 1 0.111260 10.0
 46 54 14  1 1 0.119680 10.0
 46 54 15  1 1 0.127280 10.0
 46 54 16  1 1 0.134940 10.0
 46 54 17  1 1 0.143050 10.0
 46 54 18  1 1 0.150790 10.0
 46 54 19  1 1 0.158710 10.0
 46 54 20  1 1 0.165850 10.0
 46 54 21  1 1 0.172110 10.0
 46 54 22  1 1 0.177370 10.0
 46 54 23  1 1 0.178900 10.0
 46 54 24  1 1 0.173490 10.0
 46 54 25  1 1 0.161620 10.0
 46 54 26  1 1 0.142080 10.0
 46 55 3  1 1 0.014560 10.0
 46 55 4  1 1 0.037940 10.0
 46 55 5  1 1 0.053870 10.0
 46 55 6  1 1 0.064080 10.0
 46 55 7  1 1 0.068080 10.0
 46 55 8  1 1 0.069720 10.0
 46 55 9  1 1 0.074130 10.0
 46 55 10  1 1 0.077640 10.0
 46 55 11  1 1 0.077130 10.0
 46 55 12  1 1 0.076260 10.0
 46 55 13  1 1 0.080280 10.0
 46 55 14  1 1 0.089330 10.0
 46 55 15  1 1 0.100520 10.0
 46 55 16  1 1 0.112480 10.0
 46 55 17  1 1 0.124580 10.0
 46 55 18  1 1 0.135900 10.0
 46 55 19  1 1 0.146370 10.0
 46 55 20  1 1 0.155960 10.0
 46 55 21  1 1 0.164520 10.0
 46 55 22  1 1 0.171730 10.0
 46 55 23  1 1 0.176110 10.0
 46 55 24  1 1 0.176390 10.0
 46 55 25  1 1 0.173150 10.0
 46 55 26  1 1 0.161350 10.0
 46 55 27  1 1 0.105670 10.0
 46 56 3  1 1 0.025130 10.0
 46 56 4  1 1 0.042530 10.0
 46 56 5  1 1 0.054450 10.0
 46 56 6  1 1 0.059820 10.0
 46 56 7  1 1 0.054210 10.0
 46 56 8  1 1 0.040260 10.0
 46 56 9  1 1 0.039150 10.0
 46 56 10  1 1 0.050860 10.0
 46 56 11  1 1 0.059400 10.0
 46 56 12  1 1 0.062300 10.0
 46 56 13  1 1 0.066870 10.0
 46 56 14  1 1 0.077980 10.0
 46 56 15  1 1 0.093910 10.0
 46 56 16  1 1 0.110220 10.0
 46 56 17  1 1 0.125380 10.0
 46 56 18  1 1 0.138770 10.0
 46 56 19  1 1 0.150070 10.0
 46 56 20  1 1 0.159620 10.0
 46 56 21  1 1 0.167760 10.0
 46 56 22  1 1 0.174690 10.0
 46 56 23  1 1 0.179890 10.0
 46 56 24  1 1 0.182920 10.0
 46 56 25  1 1 0.183350 10.0
 46 56 26  1 1 0.179420 10.0
 46 56 27  1 1 0.154930 10.0
 46 56 28  1 1 0.040260 10.0
 46 57 3  1 1 0.022820 10.0
 46 57 4  1 1 0.040600 10.0
 46 57 5  1 1 0.053290 10.0
 46 57 6  1 1 0.060420 10.0
 46 57 7  1 1 0.057160 10.0
 46 57 8  1 1 0.031790 10.0
 46 57 13  1 1 0.036870 10.0
 46 57 14  1 1 0.067100 10.0
 46 57 15  1 1 0.093600 10.0
 46 57 16  1 1 0.115280 10.0
 46 57 17  1 1 0.132090 10.0
 46 57 18  1 1 0.144770 10.0
 46 57 19  1 1 0.154770 10.0
 46 57 20  1 1 0.162830 10.0
 46 57 21  1 1 0.169980 10.0
 46 57 22  1 1 0.176560 10.0
 46 57 23  1 1 0.182150 10.0
 46 57 24  1 1 0.186720 10.0
 46 57 25  1 1 0.188130 10.0
 46 57 26  1 1 0.183240 10.0
 46 57 27  1 1 0.163400 10.0
 46 57 28  1 1 0.088720 10.0
 46 58 3  1 1 0.019380 10.0
 46 58 4  1 1 0.037860 10.0
 46 58 5  1 1 0.052220 10.0
 46 58 6  1 1 0.062200 10.0
 46 58 7  1 1 0.065010 10.0
 46 58 8  1 1 0.054330 10.0
 46 58 9  1 1 0.005970 10.0
 46 58 13  1 1 0.035500 10.0
 46 58 14  1 1 0.074130 10.0
 46 58 15  1 1 0.103660 10.0
 46 58 16  1 1 0.122840 10.0
 46 58 17  1 1 0.135470 10.0
 46 58 18  1 1 0.144600 10.0
 46 58 19  1 1 0.151460 10.0
 46 58 20  1 1 0.157700 10.0
 46 58 21  1 1 0.163760 10.0
 46 58 22  1 1 0.169830 10.0
 46 58 23  1 1 0.176030 10.0
 46 58 24  1 1 0.181100 10.0
 46 58 25  1 1 0.181960 10.0
 46 58 26  1 1 0.175410 10.0
 46 58 27  1 1 0.157310 10.0
 46 58 28  1 1 0.070870 10.0
 46 59 3  1 1 0.023370 10.0
 46 59 4  1 1 0.039760 10.0
 46 59 5  1 1 0.052630 10.0
 46 59 6  1 1 0.063110 10.0
 46 59 7  1 1 0.067900 10.0
 46 59 8  1 1 0.061310 10.0
 46 59 9  1 1 0.033590 10.0
 46 59 13  1 1 0.028530 10.0
 46 59 14  1 1 0.077100 10.0
 46 59 15  1 1 0.103030 10.0
 46 59 16  1 1 0.117980 10.0
 46 59 17  1 1 0.126880 10.0
 46 59 18  1 1 0.132660 10.0
 46 59 19  1 1 0.135640 10.0
 46 59 20  1 1 0.138860 10.0
 46 59 21  1 1 0.144780 10.0
 46 59 22  1 1 0.152670 10.0
 46 59 23  1 1 0.160440 10.0
 46 59 24  1 1 0.165460 10.0
 46 59 25  1 1 0.166470 10.0
 46 59 26  1 1 0.163460 10.0
 46 59 27  1 1 0.120870 10.0
 46 60 3  1 1 0.023990 10.0
 46 60 4  1 1 0.038840 10.0
 46 60 5  1 1 0.048680 10.0
 46 60 6  1 1 0.053750 10.0
 46 60 7  1 1 0.047940 10.0
 46 60 13  1 1 0.021020 10.0
 46 60 14  1 1 0.065160 10.0
 46 60 15  1 1 0.088800 10.0
 46 60 16  1 1 0.100570 10.0
 46 60 17  1 1 0.105630 10.0
 46 60 18  1 1 0.106210 10.0
 46 60 19  1 1 0.104140 10.0
 46 60 20  1 1 0.104230 10.0
 46 60 21  1 1 0.113180 10.0
 46 60 22  1 1 0.131510 10.0
 46 60 23  1 1 0.149420 10.0
 46 60 24  1 1 0.152310 10.0
 46 60 25  1 1 0.118410 10.0
 46 61 3  1 1 0.012590 10.0
 46 61 4  1 1 0.022990 10.0
 46 61 5  1 1 0.011270 10.0
 46 61 15  1 1 0.013580 10.0
 46 61 16  1 1 0.038550 10.0
 46 61 17  1 1 0.049800 10.0
 46 61 18  1 1 0.051970 10.0
 46 61 19  1 1 0.051660 10.0
 46 61 20  1 1 0.058410 10.0
 46 61 21  1 1 0.069120 10.0
 46 61 22  1 1 0.067180 10.0
 46 61 23  1 1 0.043370 10.0
 46 62 6  1 1 0.010860 10.0
 46 68 32  1 1 0.021430 10.0
 46 68 33  1 1 0.052100 10.0
 46 68 34  1 1 0.040700 10.0
 46 69 32  1 1 0.043170 10.0
 46 69 33  1 1 0.072910 10.0
 46 69 34  1 1 0.065540 10.0
 46 71 21  1 1 0.021620 10.0
 46 71 22  1 1 0.021550 10.0
 46 72 18  1 1 0.003870 10.0
 46 72 19  1 1 0.051430 10.0
 46 72 20  1 1 0.061800 10.0
 46 72 21  1 1 0.071380 10.0
 46 72 22  1 1 0.076640 10.0
 46 72 23  1 1 0.031080 10.0
 46 72 29  1 1 0.002880 10.0
 46 72 30  1 1 0.003540 10.0
 46 72 31  1 1 0.019610 10.0
 46 72 32  1 1 0.019610 10.0
 46 73 16  1 1 0.005470 10.0
 46 73 17  1 1 0.021420 10.0
 46 73 18  1 1 0.029160 10.0
 46 73 19  1 1 0.023990 10.0
 47 50 14  1 1 0.012510 10.0
 47 50 15  1 1 0.034360 10.0
 47 50 16  1 1 0.040180 10.0
 47 50 17  1 1 0.040620 10.0
 47 50 18  1 1 0.036280 10.0
 47 50 19  1 1 0.024520 10.0
 47 51 12  1 1 0.041420 10.0
 47 51 13  1 1 0.068840 10.0
 47 51 14  1 1 0.089980 10.0
 47 51 15  1 1 0.106450 10.0
 47 51 16  1 1 0.119020 10.0
 47 51 17  1 1 0.127910 10.0
 47 51 18  1 1 0.133760 10.0
 47 51 19  1 1 0.137480 10.0
 47 51 20  1 1 0.135240 10.0
 47 51 21  1 1 0.111830 10.0
 47 51 22  1 1 0.048970 10.0
 47 52 4  1 1 0.027470 10.0
 47 52 5  1 1 0.034580 10.0
 47 52 6  1 1 0.018890 10.0
 47 52 11  1 1 0.023570 10.0
 47 52 12  1 1 0.046170 10.0
 47 52 13  1 1 0.065330 10.0
 47 52 14  1 1 0.082840 10.0
 47 52 15  1 1 0.099010 10.0
 47 52 16  1 1 0.113130 10.0
 47 52 17  1 1 0.125430 10.0
 47 52 18  1 1 0.135860 10.0
 47 52 19  1 1 0.145140 10.0
 47 52 20  1 1 0.152390 10.0
 47 52 21  1 1 0.156340 10.0
 47 52 22  1 1 0.154200 10.0
 47 52 23  1 1 0.137820 10.0
 47 52 24  1 1 0.018960 10.0
 47 53 4  1 1 0.014930 10.0
 47 53 5  1 1 0.039150 10.0
 47 53 6  1 1 0.057200 10.0
 47 53 7  1 1 0.070890 10.0
 47 53 8  1 1 0.080410 10.0
 47 53 9  1 1 0.085080 10.0
 47 53 10  1 1 0.086130 10.0
 47 53 11  1 1 0.087330 10.0
 47 53 12  1 1 0.090260 10.0
 47 53 13  1 1 0.095440 10.0
 47 53 14  1 1 0.102520 10.0
 47 53 15  1 1 0.110210 10.0
 47 53 16  1 1 0.118320 10.0
 47 53 17  1 1 0.127120 10.0
 47 53 18  1 1 0.136380 10.0
 47 53 19  1 1 0.145700 10.0
 47 53 20  1 1 0.153700 10.0
 47 53 21  1 1 0.159750 10.0
 47 53 22  1 1 0.161340 10.0
 47 53 23  1 1 0.157140 10.0
 47 53 24  1 1 0.148790 10.0
 47 53 25  1 1 0.024620 10.0
 47 54 4  1 1 0.027980 10.0
 47 54 5  1 1 0.043620 10.0
 47 54 6  1 1 0.054900 10.0
 47 54 7  1 1 0.064740 10.0
 47 54 8  1 1 0.073470 10.0
 47 54 9  1 1 0.078830 10.0
 47 54 10  1 1 0.077290 10.0
 47 54 11  1 1 0.069360 10.0
 47 54 12  1 1 0.062820 10.0
 47 54 13  1 1 0.067040 10.0
 47 54 14  1 1 0.080940 10.0
 47 54 15  1 1 0.095540 10.0
 47 54 16  1 1 0.110050 10.0
 47 54 17  1 1 0.124650 10.0
 47 54 18  1 1 0.137060 10.0
 47 54 19  1 1 0.148330 10.0
 47 54 20  1 1 0.157720 10.0
 47 54 21  1 1 0.164590 10.0
 47 54 22  1 1 0.167790 10.0
 47 54 23  1 1 0.165560 10.0
 47 54 24  1 1 0.152760 10.0
 47 54 25  1 1 0.097900 10.0
 47 55 3  1 1 0.024490 10.0
 47 55 4  1 1 0.042870 10.0
 47 55 5  1 1 0.055410 10.0
 47 55 6  1 1 0.062660 10.0
 47 55 7  1 1 0.067360 10.0
 47 55 8  1 1 0.070360 10.0
 47 55 9  1 1 0.065700 10.0
 47 55 10  1 1 0.040650 10.0
 47 55 14  1 1 0.044350 10.0
 47 55 15  1 1 0.076120 10.0
 47 55 16  1 1 0.100390 10.0
 47 55 17  1 1 0.120070 10.0
 47 55 18  1 1 0.134930 10.0
 47 55 19  1 1 0.146350 10.0
 47 55 20  1 1 0.155280 10.0
 47 55 21  1 1 0.161660 10.0
 47 55 22  1 1 0.165500 10.0
 47 55 23  1 1 0.165820 10.0
 47 55 24  1 1 0.156320 10.0
 47 55 25  1 1 0.119860 10.0
 47 55 26  1 1 0.028470 10.0
 47 56 2  1 1 0.001030 10.0
 47 56 3  1 1 0.030000 10.0
 47 56 4  1 1 0.044760 10.0
 47 56 5  1 1 0.052580 10.0
 47 56 6  1 1 0.051120 10.0
 47 56 7  1 1 0.043120 10.0
 47 56 8  1 1 0.045890 10.0
 47 56 9  1 1 0.052100 10.0
 47 56 10  1 1 0.037310 10.0
 47 56 14  1 1 0.029570 10.0
 47 56 15  1 1 0.080380 10.0
 47 56 16  1 1 0.107160 10.0
 47 56 17  1 1 0.124510 10.0
 47 56 18  1 1 0.137610 10.0
 47 56 19  1 1 0.148270 10.0
 47 56 20  1 1 0.157240 10.0
 47 56 21  1 1 0.165030 10.0
 47 56 22  1 1 0.171230 10.0
 47 56 23  1 1 0.175490 10.0
 47 56 24  1 1 0.173800 10.0
 47 56 25  1 1 0.158000 10.0
 47 56 26  1 1 0.109430 10.0
 47 56 27  1 1 0.017410 10.0
 47 57 3  1 1 0.022510 10.0
 47 57 4  1 1 0.039310 10.0
 47 57 5  1 1 0.049370 10.0
 47 57 6  1 1 0.047150 10.0
 47 57 7  1 1 0.003700 10.0
 47 57 14  1 1 0.044640 10.0
 47 57 15  1 1 0.087990 10.0
 47 57 16  1 1 0.110790 10.0
 47 57 17  1 1 0.129800 10.0
 47 57 18  1 1 0.143740 10.0
 47 57 19  1 1 0.154550 10.0
 47 57 20  1 1 0.163370 10.0
 47 57 21  1 1 0.170640 10.0
 47 57 22  1 1 0.177110 10.0
 47 57 23  1 1 0.182870 10.0
 47 57 24  1 1 0.186050 10.0
 47 57 25  1 1 0.183070 10.0
 47 57 26  1 1 0.158620 10.0
 47 57 27  1 1 0.066280 10.0
 47 58 3  1 1 0.022080 10.0
 47 58 4  1 1 0.039730 10.0
 47 58 5  1 1 0.051010 10.0
 47 58 6  1 1 0.051840 10.0
 47 58 7  1 1 0.023410 10.0
 47 58 14  1 1 0.035370 10.0
 47 58 15  1 1 0.082270 10.0
 47 58 16  1 1 0.111690 10.0
 47 58 17  1 1 0.132600 10.0
 47 58 18  1 1 0.146040 10.0
 47 58 19  1 1 0.155560 10.0
 47 58 20  1 1 0.163320 10.0
 47 58 21  1 1 0.170710 10.0
 47 58 22  1 1 0.178450 10.0
 47 58 23  1 1 0.186000 10.0
 47 58 24  1 1 0.190210 10.0
 47 58 25  1 1 0.187380 10.0
 47 58 26  1 1 0.165190 10.0
 47 58 27  1 1 0.095590 10.0
 47 59 3  1 1 0.023480 10.0
 47 59 4  1 1 0.040100 10.0
 47 59 5  1 1 0.053280 10.0
 47 59 6  1 1 0.060730 10.0
 47 59 7  1 1 0.059200 10.0
 47 59 8  1 1 0.032260 10.0
 47 59 14  1 1 0.014810 10.0
 47 59 15  1 1 0.072010 10.0
 47 59 16  1 1 0.104810 10.0
 47 59 17  1 1 0.124030 10.0
 47 59 18  1 1 0.135470 10.0
 47 59 19  1 1 0.143830 10.0
 47 59 20  1 1 0.151780 10.0
 47 59 21  1 1 0.160560 10.0
 47 59 22  1 1 0.170450 10.0
 47 59 23  1 1 0.178810 10.0
 47 59 24  1 1 0.182880 10.0
 47 59 25  1 1 0.174970 10.0
 47 59 26  1 1 0.118780 10.0
 47 60 3  1 1 0.023290 10.0
 47 60 4  1 1 0.037660 10.0
 47 60 5  1 1 0.047540 10.0
 47 60 6  1 1 0.053180 10.0
 47 60 7  1 1 0.050680 10.0
 47 60 8  1 1 0.010330 10.0
 47 60 15  1 1 0.049480 10.0
 47 60 16  1 1 0.073410 10.0
 47 60 17  1 1 0.088700 10.0
 47 60 18  1 1 0.100410 10.0
 47 60 19  1 1 0.111920 10.0
 47 60 20  1 1 0.126880 10.0
 47 60 21  1 1 0.145190 10.0
 47 60 22  1 1 0.160410 10.0
 47 60 23  1 1 0.157380 10.0
 47 60 24  1 1 0.111490 10.0
 47 61 3  1 1 0.012260 10.0
 47 61 4  1 1 0.021860 10.0
 47 61 5  1 1 0.019480 10.0
 47 61 6  1 1 0.023460 10.0
 47 61 19  1 1 0.035780 10.0
 47 61 20  1 1 0.057310 10.0
 47 61 21  1 1 0.062260 10.0
 47 61 22  1 1 0.039730 10.0
 47 62 4  1 1 0.019420 10.0
 47 62 5  1 1 0.029130 10.0
 47 62 6  1 1 0.041840 10.0
 47 63 4  1 1 0.022080 10.0
 47 63 5  1 1 0.032900 10.0
 47 63 6  1 1 0.044250 10.0
 47 70 21  1 1 0.038320 10.0
 47 70 22  1 1 0.045500 10.0
 47 70 23  1 1 0.004480 10.0
 47 71 18  1 1 0.004160 10.0
 47 71 19  1 1 0.055350 10.0
 47 71 20  1 1 0.074140 10.0
 47 71 21  1 1 0.085890 10.0
 47 71 22  1 1 0.086500 10.0
 47 71 23  1 1 0.048710 10.0
 47 72 18  1 1 0.046650 10.0
 47 72 19  1 1 0.071850 10.0
 47 72 20  1 1 0.057210 10.0
 47 72 21  1 1 0.051460 10.0
 47 72 22  1 1 0.062540 10.0
 47 72 29  1 1 0.016090 10.0
 47 72 30  1 1 0.042450 10.0
 47 72 31  1 1 0.025960 10.0
 47 73 13  1 1 0.025600 10.0
 47 73 14  1 1 0.047410 10.0
 47 73 15  1 1 0.058620 10.0
 47 73 16  1 1 0.066160 10.0
 47 73 17  1 1 0.070270 10.0
 47 73 18  1 1 0.063810 10.0
 47 73 19  1 1 0.015020 10.0
 47 73 29  1 1 0.011400 10.0
 47 73 30  1 1 0.046630 10.0
 47 73 31  1 1 0.041850 10.0
 47 74 13  1 1 0.037140 10.0
 47 74 14  1 1 0.062060 10.0
 47 74 15  1 1 0.077930 10.0
 47 74 16  1 1 0.084140 10.0
 47 74 17  1 1 0.049170 10.0
 48 50 10  1 1 0.020730 10.0
 48 50 11  1 1 0.049910 10.0
 48 50 12  1 1 0.070750 10.0
 48 50 13  1 1 0.084660 10.0
 48 50 14  1 1 0.089950 10.0
 48 50 15  1 1 0.085110 10.0
 48 50 16  1 1 0.069390 10.0
 48 50 17  1 1 0.047960 10.0
 48 51 10  1 1 0.036700 10.0
 48 51 11  1 1 0.062060 10.0
 48 51 12  1 1 0.080290 10.0
 48 51 13  1 1 0.094610 10.0
 48 51 14  1 1 0.106170 10.0
 48 51 15  1 1 0.115670 10.0
 48 51 16  1 1 0.122870 10.0
 48 51 17  1 1 0.126570 10.0
 48 51 18  1 1 0.125090 10.0
 48 51 19  1 1 0.119070 10.0
 48 51 20  1 1 0.104320 10.0
 48 51 21  1 1 0.056490 10.0
 48 52 3  1 1 0.009910 10.0
 48 52 4  1 1 0.001770 10.0
 48 52 10  1 1 0.018220 10.0
 48 52 11  1 1 0.046330 10.0
 48 52 12  1 1 0.064900 10.0
 48 52 13  1 1 0.079710 10.0
 48 52 14  1 1 0.092680 10.0
 48 52 15  1 1 0.104470 10.0
 48 52 16  1 1 0.115470 10.0
 48 52 17  1 1 0.125850 10.0
 48 52 18  1 1 0.134010 10.0
 48 52 19  1 1 0.139490 10.0
 48 52 20  1 1 0.142900 10.0
 48 52 21  1 1 0.145500 10.0
 48 52 22  1 1 0.136570 10.0
 48 53 3  1 1 0.004360 10.0
 48 53 4  1 1 0.031530 10.0
 48 53 5  1 1 0.046050 10.0
 48 53 6  1 1 0.055330 10.0
 48 53 7  1 1 0.061630 10.0
 48 53 8  1 1 0.066090 10.0
 48 53 9  1 1 0.070390 10.0
 48 53 10  1 1 0.073670 10.0
 48 53 11  1 1 0.073140 10.0
 48 53 12  1 1 0.073830 10.0
 48 53 13  1 1 0.080750 10.0
 48 53 14  1 1 0.092050 10.0
 48 53 15  1 1 0.104240 10.0
 48 53 16  1 1 0.115710 10.0
 48 53 17  1 1 0.126160 10.0
 48 53 18  1 1 0.135230 10.0
 48 53 19  1 1 0.143230 10.0
 48 53 20  1 1 0.149020 10.0
 48 53 21  1 1 0.151600 10.0
 48 53 22  1 1 0.146750 10.0
 48 53 23  1 1 0.125070 10.0
 48 54 4  1 1 0.018760 10.0
 48 54 5  1 1 0.036380 10.0
 48 54 6  1 1 0.049410 10.0
 48 54 7  1 1 0.060530 10.0
 48 54 8  1 1 0.067240 10.0
 48 54 9  1 1 0.062700 10.0
 48 54 10  1 1 0.037450 10.0
 48 54 14  1 1 0.041690 10.0
 48 54 15  1 1 0.075890 10.0
 48 54 16  1 1 0.100200 10.0
 48 54 17  1 1 0.116920 10.0
 48 54 18  1 1 0.128290 10.0
 48 54 19  1 1 0.137300 10.0
 48 54 20  1 1 0.146200 10.0
 48 54 21  1 1 0.152350 10.0
 48 54 22  1 1 0.148260 10.0
 48 54 23  1 1 0.115710 10.0
 48 55 3  1 1 0.017710 10.0
 48 55 4  1 1 0.034850 10.0
 48 55 5  1 1 0.046030 10.0
 48 55 6  1 1 0.054790 10.0
 48 55 7  1 1 0.061290 10.0
 48 55 8  1 1 0.059760 10.0
 48 55 9  1 1 0.036460 10.0
 48 55 14  1 1 0.004850 10.0
 48 55 15  1 1 0.055500 10.0
 48 55 16  1 1 0.081620 10.0
 48 55 17  1 1 0.102580 10.0
 48 55 18  1 1 0.120100 10.0
 48 55 19  1 1 0.135010 10.0
 48 55 20  1 1 0.145740 10.0
 48 55 21  1 1 0.147390 10.0
 48 55 22  1 1 0.133340 10.0
 48 55 23  1 1 0.100210 10.0
 48 55 24  1 1 0.002300 10.0
 48 56 2  1 1 0.007410 10.0
 48 56 3  1 1 0.032590 10.0
 48 56 4  1 1 0.045300 10.0
 48 56 5  1 1 0.051340 10.0
 48 56 6  1 1 0.052960 10.0
 48 56 7  1 1 0.053450 10.0
 48 56 8  1 1 0.055030 10.0
 48 56 9  1 1 0.039920 10.0
 48 56 16  1 1 0.067060 10.0
 48 56 17  1 1 0.097690 10.0
 48 56 18  1 1 0.117350 10.0
 48 56 19  1 1 0.130850 10.0
 48 56 20  1 1 0.137050 10.0
 48 56 21  1 1 0.132350 10.0
 48 56 22  1 1 0.118700 10.0
 48 56 23  1 1 0.094610 10.0
 48 56 24  1 1 0.052810 10.0
 48 57 3  1 1 0.021360 10.0
 48 57 4  1 1 0.037600 10.0
 48 57 5  1 1 0.043240 10.0
 48 57 6  1 1 0.027980 10.0
 48 57 16  1 1 0.057200 10.0
 48 57 17  1 1 0.086150 10.0
 48 57 18  1 1 0.107840 10.0
 48 57 19  1 1 0.125180 10.0
 48 57 20  1 1 0.138510 10.0
 48 57 21  1 1 0.145050 10.0
 48 57 22  1 1 0.143900 10.0
 48 57 23  1 1 0.140060 10.0
 48 57 24  1 1 0.129580 10.0
 48 57 25  1 1 0.081730 10.0
 48 58 3  1 1 0.025920 10.0
 48 58 4  1 1 0.039330 10.0
 48 58 5  1 1 0.041450 10.0
 48 58 6  1 1 0.012140 10.0
 48 58 16  1 1 0.058240 10.0
 48 58 17  1 1 0.093230 10.0
 48 58 18  1 1 0.117280 10.0
 48 58 19  1 1 0.134650 10.0
 48 58 20  1 1 0.148420 10.0
 48 58 21  1 1 0.156450 10.0
 48 58 22  1 1 0.158660 10.0
 48 58 23  1 1 0.154190 10.0
 48 58 24  1 1 0.143590 10.0
 48 58 25  1 1 0.102740 10.0
 48 59 3  1 1 0.027240 10.0
 48 59 4  1 1 0.042530 10.0
 48 59 5  1 1 0.051860 10.0
 48 59 6  1 1 0.053620 10.0
 48 59 7  1 1 0.028040 10.0
 48 59 16  1 1 0.025550 10.0
 48 59 17  1 1 0.080120 10.0
 48 59 18  1 1 0.106260 10.0
 48 59 19  1 1 0.124350 10.0
 48 59 20  1 1 0.139290 10.0
 48 59 21  1 1 0.143530 10.0
 48 59 22  1 1 0.135030 10.0
 48 59 23  1 1 0.114510 10.0
 48 59 24  1 1 0.092750 10.0
 48 60 3  1 1 0.023650 10.0
 48 60 4  1 1 0.037900 10.0
 48 60 5  1 1 0.047590 10.0
 48 60 6  1 1 0.047730 10.0
 48 60 7  1 1 0.029450 10.0
 48 60 17  1 1 0.019100 10.0
 48 60 18  1 1 0.056570 10.0
 48 60 19  1 1 0.075880 10.0
 48 60 20  1 1 0.087370 10.0
 48 60 21  1 1 0.089740 10.0
 48 60 22  1 1 0.075440 10.0
 48 61 3  1 1 0.016090 10.0
 48 61 4  1 1 0.026220 10.0
 48 61 5  1 1 0.030420 10.0
 48 61 6  1 1 0.033990 10.0
 48 62 3  1 1 0.012180 10.0
 48 62 4  1 1 0.031050 10.0
 48 62 5  1 1 0.040450 10.0
 48 62 6  1 1 0.043520 10.0
 48 62 7  1 1 0.042790 10.0
 48 63 3  1 1 0.010700 10.0
 48 63 4  1 1 0.031870 10.0
 48 63 5  1 1 0.043760 10.0
 48 63 6  1 1 0.048140 10.0
 48 63 7  1 1 0.046330 10.0
 48 64 4  1 1 0.020690 10.0
 48 64 5  1 1 0.029880 10.0
 48 64 6  1 1 0.034020 10.0
 48 64 7  1 1 0.032320 10.0
 48 64 8  1 1 0.045800 10.0
 48 70 19  1 1 0.032320 10.0
 48 70 20  1 1 0.053950 10.0
 48 70 21  1 1 0.069210 10.0
 48 70 22  1 1 0.079400 10.0
 48 70 23  1 1 0.083990 10.0
 48 70 24  1 1 0.058060 10.0
 48 71 17  1 1 0.005920 10.0
 48 71 18  1 1 0.053580 10.0
 48 71 19  1 1 0.074290 10.0
 48 71 20  1 1 0.077480 10.0
 48 71 21  1 1 0.068210 10.0
 48 71 22  1 1 0.063030 10.0
 48 71 23  1 1 0.017600 10.0
 48 72 13  1 1 0.000040 10.0
 48 72 14  1 1 0.022480 10.0
 48 72 15  1 1 0.029850 10.0
 48 72 16  1 1 0.029690 10.0
 48 72 17  1 1 0.044760 10.0
 48 72 18  1 1 0.075170 10.0
 48 72 19  1 1 0.091060 10.0
 48 72 20  1 1 0.083120 10.0
 48 72 21  1 1 0.037620 10.0
 48 72 22  1 1 0.024740 10.0
 48 73 12  1 1 0.019970 10.0
 48 73 13  1 1 0.039390 10.0
 48 73 14  1 1 0.049170 10.0
 48 73 15  1 1 0.058100 10.0
 48 73 16  1 1 0.071540 10.0
 48 73 17  1 1 0.080240 10.0
 48 73 18  1 1 0.085570 10.0
 48 73 19  1 1 0.083920 10.0
 48 73 20  1 1 0.040030 10.0
 48 74 12  1 1 0.055880 10.0
 48 74 13  1 1 0.065020 10.0
 48 74 14  1 1 0.072970 10.0
 48 74 15  1 1 0.078850 10.0
 48 74 16  1 1 0.069030 10.0
 48 74 17  1 1 0.030190 10.0
 48 75 12  1 1 0.007780 10.0
 48 75 13  1 1 0.029880 10.0
 48 75 14  1 1 0.024800 10.0
 49 49 9  1 1 0.014730 10.0
 49 49 10  1 1 0.027850 10.0
 49 49 11  1 1 0.033140 10.0
 49 49 12  1 1 0.037090 10.0
 49 49 13  1 1 0.033690 10.0
 49 49 14  1 1 0.016220 10.0
 49 50 8  1 1 0.026220 10.0
 49 50 9  1 1 0.058140 10.0
 49 50 10  1 1 0.076190 10.0
 49 50 11  1 1 0.089540 10.0
 49 50 12  1 1 0.099940 10.0
 49 50 13  1 1 0.107280 10.0
 49 50 14  1 1 0.108270 10.0
 49 50 15  1 1 0.095850 10.0
 49 50 16  1 1 0.064860 10.0
 49 50 17  1 1 0.016830 10.0
 49 51 9  1 1 0.030330 10.0
 49 51 10  1 1 0.054230 10.0
 49 51 11  1 1 0.068740 10.0
 49 51 12  1 1 0.079690 10.0
 49 51 13  1 1 0.089920 10.0
 49 51 14  1 1 0.100390 10.0
 49 51 15  1 1 0.109210 10.0
 49 51 16  1 1 0.113040 10.0
 49 51 17  1 1 0.110750 10.0
 49 51 18  1 1 0.096430 10.0
 49 51 19  1 1 0.064830 10.0
 49 52 9  1 1 0.010860 10.0
 49 52 10  1 1 0.041700 10.0
 49 52 11  1 1 0.055110 10.0
 49 52 12  1 1 0.065300 10.0
 49 52 13  1 1 0.076670 10.0
 49 52 14  1 1 0.088690 10.0
 49 52 15  1 1 0.100590 10.0
 49 52 16  1 1 0.111870 10.0
 49 52 17  1 1 0.119450 10.0
 49 52 18  1 1 0.122170 10.0
 49 52 19  1 1 0.120900 10.0
 49 52 20  1 1 0.110750 10.0
 49 52 21  1 1 0.075190 10.0
 49 53 6  1 1 0.013620 10.0
 49 53 7  1 1 0.034430 10.0
 49 53 8  1 1 0.052120 10.0
 49 53 9  1 1 0.060600 10.0
 49 53 10  1 1 0.052090 10.0
 49 53 11  1 1 0.035230 10.0
 49 53 12  1 1 0.032830 10.0
 49 53 13  1 1 0.049890 10.0
 49 53 14  1 1 0.072760 10.0
 49 53 15  1 1 0.090310 10.0
 49 53 16  1 1 0.103890 10.0
 49 53 17  1 1 0.116730 10.0
 49 53 18  1 1 0.127140 10.0
 49 53 19  1 1 0.132140 10.0
 49 53 20  1 1 0.128270 10.0
 49 53 21  1 1 0.104200 10.0
 49 53 22  1 1 0.056500 10.0
 49 54 5  1 1 0.025380 10.0
 49 54 6  1 1 0.043890 10.0
 49 54 7  1 1 0.057180 10.0
 49 54 8  1 1 0.061390 10.0
 49 54 9  1 1 0.048550 10.0
 49 54 14  1 1 0.008230 10.0
 49 54 15  1 1 0.055270 10.0
 49 54 16  1 1 0.080430 10.0
 49 54 17  1 1 0.098030 10.0
 49 54 18  1 1 0.108070 10.0
 49 54 19  1 1 0.107620 10.0
 49 54 20  1 1 0.096370 10.0
 49 54 21  1 1 0.065170 10.0
 49 55 4  1 1 0.014650 10.0
 49 55 5  1 1 0.032340 10.0
 49 55 6  1 1 0.047570 10.0
 49 55 7  1 1 0.058640 10.0
 49 55 8  1 1 0.061130 10.0
 49 55 9  1 1 0.045660 10.0
 49 55 16  1 1 0.008390 10.0
 49 55 17  1 1 0.041770 10.0
 49 55 18  1 1 0.058310 10.0
 49 55 19  1 1 0.066040 10.0
 49 55 20  1 1 0.064880 10.0
 49 55 21  1 1 0.043490 10.0
 49 56 2  1 1 0.005720 10.0
 49 56 3  1 1 0.028710 10.0
 49 56 4  1 1 0.039040 10.0
 49 56 5  1 1 0.047010 10.0
 49 56 6  1 1 0.054880 10.0
 49 56 7  1 1 0.062220 10.0
 49 56 8  1 1 0.067220 10.0
 49 56 9  1 1 0.058710 10.0
 49 56 10  1 1 0.018790 10.0
 49 56 20  1 1 0.010740 10.0
 49 57 3  1 1 0.023670 10.0
 49 57 4  1 1 0.037040 10.0
 49 57 5  1 1 0.040320 10.0
 49 57 6  1 1 0.032290 10.0
 49 57 7  1 1 0.031990 10.0
 49 57 8  1 1 0.048460 10.0
 49 57 20  1 1 0.009420 10.0
 49 57 21  1 1 0.010700 10.0
 49 58 3  1 1 0.022310 10.0
 49 58 4  1 1 0.030550 10.0
 49 58 5  1 1 0.023920 10.0
 49 58 20  1 1 0.024660 10.0
 49 58 21  1 1 0.026560 10.0
 49 59 2  1 1 0.002760 10.0
 49 59 3  1 1 0.026860 10.0
 49 59 4  1 1 0.037370 10.0
 49 59 5  1 1 0.040670 10.0
 49 60 3  1 1 0.025270 10.0
 49 60 4  1 1 0.038550 10.0
 49 60 5  1 1 0.042400 10.0
 49 60 6  1 1 0.032880 10.0
 49 61 3  1 1 0.018420 10.0
 49 61 4  1 1 0.033300 10.0
 49 61 5  1 1 0.038810 10.0
 49 61 6  1 1 0.042420 10.0
 49 62 3  1 1 0.009010 10.0
 49 62 4  1 1 0.033430 10.0
 49 62 5  1 1 0.045090 10.0
 49 62 6  1 1 0.049170 10.0
 49 62 7  1 1 0.056060 10.0
 49 63 4  1 1 0.030690 10.0
 49 63 5  1 1 0.045600 10.0
 49 63 6  1 1 0.051870 10.0
 49 63 7  1 1 0.060620 10.0
 49 64 4  1 1 0.022670 10.0
 49 64 5  1 1 0.035520 10.0
 49 64 6  1 1 0.042060 10.0
 49 64 7  1 1 0.040520 10.0
 49 64 8  1 1 0.018390 10.0
 49 68 18  1 1 0.029010 10.0
 49 68 19  1 1 0.039920 10.0
 49 68 20  1 1 0.046430 10.0
 49 68 21  1 1 0.025250 10.0
 49 69 20  1 1 0.010780 10.0
 49 69 21  1 1 0.029160 10.0
 49 69 22  1 1 0.043870 10.0
 49 69 23  1 1 0.088780 10.0
 49 70 18  1 1 0.015020 10.0
 49 70 19  1 1 0.035290 10.0
 49 70 20  1 1 0.049300 10.0
 49 70 21  1 1 0.061960 10.0
 49 70 22  1 1 0.080000 10.0
 49 70 23  1 1 0.083730 10.0
 49 70 24  1 1 0.073610 10.0
 49 71 16  1 1 0.004690 10.0
 49 71 17  1 1 0.034010 10.0
 49 71 18  1 1 0.051720 10.0
 49 71 19  1 1 0.056750 10.0
 49 71 20  1 1 0.039850 10.0
 49 72 12  1 1 0.005140 10.0
 49 72 13  1 1 0.029130 10.0
 49 72 14  1 1 0.033350 10.0
 49 72 15  1 1 0.040320 10.0
 49 72 16  1 1 0.051310 10.0
 49 72 17  1 1 0.061600 10.0
 49 72 18  1 1 0.071860 10.0
 49 72 19  1 1 0.073520 10.0
 49 72 20  1 1 0.057110 10.0
 49 73 12  1 1 0.015550 10.0
 49 73 13  1 1 0.022820 10.0
 49 73 14  1 1 0.037310 10.0
 49 73 15  1 1 0.055520 10.0
 49 73 16  1 1 0.071910 10.0
 49 73 17  1 1 0.080510 10.0
 49 73 18  1 1 0.086320 10.0
 49 73 19  1 1 0.079160 10.0
 49 73 20  1 1 0.053690 10.0
 49 74 11  1 1 0.038320 10.0
 49 74 12  1 1 0.038940 10.0
 49 74 13  1 1 0.041390 10.0
 49 74 14  1 1 0.060620 10.0
 49 74 15  1 1 0.081570 10.0
 49 74 16  1 1 0.091730 10.0
 49 74 17  1 1 0.086480 10.0
 49 74 18  1 1 0.060280 10.0
 49 75 11  1 1 0.026240 10.0
 49 75 12  1 1 0.051690 10.0
 49 75 13  1 1 0.054810 10.0
 49 75 14  1 1 0.048050 10.0
 49 75 15  1 1 0.034510 10.0
 50 49 7  1 1 0.045550 10.0
 50 49 8  1 1 0.066160 10.0
 50 49 9  1 1 0.078570 10.0
 50 49 10  1 1 0.084970 10.0
 50 49 11  1 1 0.083950 10.0
 50 49 12  1 1 0.073890 10.0
 50 49 13  1 1 0.055350 10.0
 50 49 14  1 1 0.030240 10.0
 50 50 7  1 1 0.009010 10.0
 50 50 8  1 1 0.040850 10.0
 50 50 9  1 1 0.056080 10.0
 50 50 10  1 1 0.066840 10.0
 50 50 11  1 1 0.077860 10.0
 50 50 12  1 1 0.089930 10.0
 50 50 13  1 1 0.098670 10.0
 50 50 14  1 1 0.100410 10.0
 50 50 15  1 1 0.084180 10.0
 50 50 16  1 1 0.007570 10.0
 50 51 9  1 1 0.033690 10.0
 50 51 10  1 1 0.048320 10.0
 50 51 11  1 1 0.058100 10.0
 50 51 12  1 1 0.069410 10.0
 50 51 13  1 1 0.083350 10.0
 50 51 14  1 1 0.094950 10.0
 50 51 15  1 1 0.099810 10.0
 50 51 16  1 1 0.091370 10.0
 50 51 17  1 1 0.050490 10.0
 50 52 9  1 1 0.022720 10.0
 50 52 10  1 1 0.026670 10.0
 50 52 11  1 1 0.037040 10.0
 50 52 12  1 1 0.053550 10.0
 50 52 13  1 1 0.071330 10.0
 50 52 14  1 1 0.087540 10.0
 50 52 15  1 1 0.098410 10.0
 50 52 16  1 1 0.095100 10.0
 50 52 17  1 1 0.070220 10.0
 50 52 18  1 1 0.042420 10.0
 50 53 7  1 1 0.034810 10.0
 50 53 8  1 1 0.043570 10.0
 50 53 13  1 1 0.027660 10.0
 50 53 14  1 1 0.058060 10.0
 50 53 15  1 1 0.063970 10.0
 50 53 16  1 1 0.059840 10.0
 50 53 17  1 1 0.059680 10.0
 50 53 18  1 1 0.055730 10.0
 50 53 19  1 1 0.030580 10.0
 50 54 5  1 1 0.021740 10.0
 50 54 6  1 1 0.043890 10.0
 50 54 7  1 1 0.052540 10.0
 50 54 8  1 1 0.050320 10.0
 50 55 5  1 1 0.031820 10.0
 50 55 6  1 1 0.049760 10.0
 50 55 7  1 1 0.059300 10.0
 50 55 8  1 1 0.060420 10.0
 50 55 9  1 1 0.036230 10.0
 50 56 3  1 1 0.012630 10.0
 50 56 4  1 1 0.029570 10.0
 50 56 5  1 1 0.044970 10.0
 50 56 6  1 1 0.057850 10.0
 50 56 7  1 1 0.066440 10.0
 50 56 8  1 1 0.066300 10.0
 50 56 9  1 1 0.047620 10.0
 50 57 3  1 1 0.025710 10.0
 50 57 4  1 1 0.037860 10.0
 50 57 5  1 1 0.044900 10.0
 50 57 6  1 1 0.048320 10.0
 50 57 7  1 1 0.049480 10.0
 50 57 8  1 1 0.058390 10.0
 50 58 3  1 1 0.019930 10.0
 50 58 4  1 1 0.027750 10.0
 50 58 5  1 1 0.028320 10.0
 50 58 6  1 1 0.011230 10.0
 50 59 3  1 1 0.024750 10.0
 50 59 4  1 1 0.031540 10.0
 50 59 5  1 1 0.037380 10.0
 50 60 3  1 1 0.024020 10.0
 50 60 4  1 1 0.036000 10.0
 50 60 5  1 1 0.036180 10.0
 50 61 3  1 1 0.012140 10.0
 50 61 4  1 1 0.032530 10.0
 50 61 5  1 1 0.034580 10.0
 50 61 6  1 1 0.034690 10.0
 50 62 4  1 1 0.029750 10.0
 50 62 5  1 1 0.042730 10.0
 50 62 6  1 1 0.050360 10.0
 50 62 7  1 1 0.061610 10.0
 50 63 4  1 1 0.021930 10.0
 50 63 5  1 1 0.042940 10.0
 50 63 6  1 1 0.053840 10.0
 50 63 7  1 1 0.065460 10.0
 50 64 4  1 1 0.000330 10.0
 50 64 5  1 1 0.036350 10.0
 50 64 6  1 1 0.047450 10.0
 50 64 7  1 1 0.052830 10.0
 50 64 8  1 1 0.058870 10.0
 50 68 18  1 1 0.026570 10.0
 50 68 19  1 1 0.050230 10.0
 50 68 20  1 1 0.052130 10.0
 50 69 16  1 1 0.010450 10.0
 50 69 17  1 1 0.026220 10.0
 50 69 18  1 1 0.030490 10.0
 50 69 19  1 1 0.038440 10.0
 50 69 20  1 1 0.055990 10.0
 50 69 21  1 1 0.075980 10.0
 50 69 22  1 1 0.089980 10.0
 50 69 23  1 1 0.034940 10.0
 50 70 18  1 1 0.022100 10.0
 50 70 19  1 1 0.044010 10.0
 50 70 20  1 1 0.064120 10.0
 50 70 21  1 1 0.084560 10.0
 50 70 22  1 1 0.086690 10.0
 50 70 23  1 1 0.018420 10.0
 50 71 16  1 1 0.014360 10.0
 50 71 17  1 1 0.036480 10.0
 50 71 18  1 1 0.040030 10.0
 50 71 19  1 1 0.020540 10.0
 50 72 13  1 1 0.020960 10.0
 50 72 14  1 1 0.028830 10.0
 50 72 15  1 1 0.034470 10.0
 50 72 16  1 1 0.046410 10.0
 50 72 17  1 1 0.055470 10.0
 50 72 18  1 1 0.052940 10.0
 50 72 19  1 1 0.040210 10.0
 50 73 14  1 1 0.020030 10.0
 50 73 15  1 1 0.040210 10.0
 50 73 16  1 1 0.060020 10.0
 50 73 17  1 1 0.072630 10.0
 50 73 18  1 1 0.064220 10.0
 50 74 10  1 1 0.025750 10.0
 50 74 11  1 1 0.023640 10.0
 50 74 12  1 1 0.008230 10.0
 50 74 13  1 1 0.027440 10.0
 50 74 14  1 1 0.055010 10.0
 50 74 15  1 1 0.078370 10.0
 50 74 16  1 1 0.081110 10.0
 50 74 17  1 1 0.057890 10.0
 50 75 11  1 1 0.037970 10.0
 50 75 12  1 1 0.049780 10.0
 50 75 13  1 1 0.051660 10.0
 50 75 14  1 1 0.043960 10.0
 50 75 15  1 1 0.016470 10.0
 51 48 5  1 1 0.019820 10.0
 51 48 6  1 1 0.041190 10.0
 51 48 7  1 1 0.051040 10.0
 51 48 8  1 1 0.047010 10.0
 51 48 9  1 1 0.033990 10.0
 51 48 10  1 1 0.005390 10.0
 51 49 6  1 1 0.028260 10.0
 51 49 7  1 1 0.047040 10.0
 51 49 8  1 1 0.062700 10.0
 51 49 9  1 1 0.075630 10.0
 51 49 10  1 1 0.084300 10.0
 51 49 11  1 1 0.081070 10.0
 51 49 12  1 1 0.053080 10.0
 51 50 7  1 1 0.001930 10.0
 51 50 8  1 1 0.027100 10.0
 51 50 9  1 1 0.042080 10.0
 51 50 10  1 1 0.059380 10.0
 51 50 11  1 1 0.077470 10.0
 51 50 12  1 1 0.089250 10.0
 51 50 13  1 1 0.085430 10.0
 51 50 14  1 1 0.046780 10.0
 51 51 8  1 1 0.023830 10.0
 51 51 9  1 1 0.034470 10.0
 51 51 10  1 1 0.046070 10.0
 51 51 11  1 1 0.061410 10.0
 51 51 12  1 1 0.075630 10.0
 51 51 13  1 1 0.079680 10.0
 51 51 14  1 1 0.061290 10.0
 51 51 15  1 1 0.023060 10.0
 51 52 11  1 1 0.028470 10.0
 51 52 12  1 1 0.045760 10.0
 51 52 13  1 1 0.045900 10.0
 51 52 14  1 1 0.025970 10.0
 51 53 6  1 1 0.013950 10.0
 51 53 7  1 1 0.025660 10.0
 51 54 5  1 1 0.025130 10.0
 51 54 6  1 1 0.038090 10.0
 51 54 7  1 1 0.046550 10.0
 51 55 4  1 1 0.012380 10.0
 51 55 5  1 1 0.036780 10.0
 51 55 6  1 1 0.049390 10.0
 51 55 7  1 1 0.056480 10.0
 51 55 8  1 1 0.065820 10.0
 51 56 3  1 1 0.000370 10.0
 51 56 4  1 1 0.031620 10.0
 51 56 5  1 1 0.049060 10.0
 51 56 6  1 1 0.060320 10.0
 51 56 7  1 1 0.064730 10.0
 51 56 8  1 1 0.059420 10.0
 51 57 3  1 1 0.024690 10.0
 51 57 4  1 1 0.038530 10.0
 51 57 5  1 1 0.047150 10.0
 51 57 6  1 1 0.053760 10.0
 51 57 7  1 1 0.061190 10.0
 51 58 3  1 1 0.022740 10.0
 51 58 4  1 1 0.031080 10.0
 51 58 5  1 1 0.036670 10.0
 51 58 6  1 1 0.039120 10.0
 51 59 3  1 1 0.021550 10.0
 51 59 4  1 1 0.026930 10.0
 51 59 5  1 1 0.036100 10.0
 51 60 3  1 1 0.017860 10.0
 51 60 4  1 1 0.029160 10.0
 51 60 5  1 1 0.027170 10.0
 51 61 3  1 1 0.000860 10.0
 51 61 4  1 1 0.025960 10.0
 51 61 5  1 1 0.025740 10.0
 51 61 6  1 1 0.025860 10.0
 51 62 4  1 1 0.026530 10.0
 51 62 5  1 1 0.041720 10.0
 51 62 6  1 1 0.053800 10.0
 51 62 7  1 1 0.069030 10.0
 51 63 4  1 1 0.014030 10.0
 51 63 5  1 1 0.038180 10.0
 51 63 6  1 1 0.053100 10.0
 51 63 7  1 1 0.059300 10.0
 51 63 8  1 1 0.044660 10.0
 51 64 5  1 1 0.027400 10.0
 51 64 6  1 1 0.048660 10.0
 51 64 7  1 1 0.057720 10.0
 51 64 8  1 1 0.064450 10.0
 51 65 6  1 1 0.005430 10.0
 51 65 7  1 1 0.022310 10.0
 51 65 8  1 1 0.021590 10.0
 51 69 16  1 1 0.027470 10.0
 51 69 17  1 1 0.047890 10.0
 51 69 18  1 1 0.059800 10.0
 51 69 19  1 1 0.068820 10.0
 51 69 20  1 1 0.069520 10.0
 51 69 21  1 1 0.056970 10.0
 51 70 16  1 1 0.021270 10.0
 51 70 17  1 1 0.038440 10.0
 51 70 18  1 1 0.053180 10.0
 51 70 19  1 1 0.061130 10.0
 51 70 20  1 1 0.053190 10.0
 51 70 21  1 1 0.033270 10.0
 51 71 14  1 1 0.012220 10.0
 51 71 15  1 1 0.029500 10.0
 51 71 16  1 1 0.035730 10.0
 51 71 17  1 1 0.025240 10.0
 51 72 13  1 1 0.025860 10.0
 51 72 14  1 1 0.038410 10.0
 51 72 15  1 1 0.046680 10.0
 51 72 16  1 1 0.054530 10.0
 51 72 17  1 1 0.052880 10.0
 51 73 14  1 1 0.022570 10.0
 51 73 15  1 1 0.044130 10.0
 51 73 16  1 1 0.068290 10.0
 51 73 17  1 1 0.076850 10.0
 51 74 9  1 1 0.024350 10.0
 51 74 10  1 1 0.024520 10.0
 51 74 11  1 1 0.005270 10.0
 51 74 12  1 1 0.017780 10.0
 51 74 13  1 1 0.038220 10.0
 51 74 14  1 1 0.060940 10.0
 51 74 15  1 1 0.079320 10.0
 51 74 16  1 1 0.072340 10.0
 51 75 10  1 1 0.001270 10.0
 51 75 11  1 1 0.026670 10.0
 51 75 12  1 1 0.039710 10.0
 51 75 13  1 1 0.046960 10.0
 51 75 14  1 1 0.039250 10.0
 52 48 4  1 1 0.025780 10.0
 52 48 5  1 1 0.039000 10.0
 52 48 6  1 1 0.048440 10.0
 52 48 7  1 1 0.040390 10.0
 52 49 5  1 1 0.001810 10.0
 52 49 6  1 1 0.034950 10.0
 52 49 7  1 1 0.057210 10.0
 52 49 8  1 1 0.072180 10.0
 52 49 9  1 1 0.073800 10.0
 52 49 10  1 1 0.059880 10.0
 52 50 6  1 1 0.005220 10.0
 52 50 7  1 1 0.022840 10.0
 52 50 8  1 1 0.041120 10.0
 52 50 9  1 1 0.062260 10.0
 52 50 10  1 1 0.071430 10.0
 52 50 11  1 1 0.055760 10.0
 52 50 12  1 1 0.016010 10.0
 52 51 6  1 1 0.009130 10.0
 52 51 7  1 1 0.002550 10.0
 52 51 8  1 1 0.008720 10.0
 52 51 9  1 1 0.029270 10.0
 52 51 10  1 1 0.043740 10.0
 52 51 11  1 1 0.034320 10.0
 52 53 5  1 1 0.001930 10.0
 52 53 6  1 1 0.024610 10.0
 52 54 4  1 1 0.000040 10.0
 52 54 5  1 1 0.027400 10.0
 52 54 6  1 1 0.046280 10.0
 52 54 7  1 1 0.000170 10.0
 52 55 4  1 1 0.025970 10.0
 52 55 5  1 1 0.039950 10.0
 52 55 6  1 1 0.050230 10.0
 52 55 7  1 1 0.064880 10.0
 52 56 3  1 1 0.017930 10.0
 52 56 4  1 1 0.038240 10.0
 52 56 5  1 1 0.050360 10.0
 52 56 6  1 1 0.056160 10.0
 52 56 7  1 1 0.061530 10.0
 52 57 3  1 1 0.024250 10.0
 52 57 4  1 1 0.037620 10.0
 52 57 5  1 1 0.046430 10.0
 52 57 6  1 1 0.053620 10.0
 52 57 7  1 1 0.055640 10.0
 52 58 3  1 1 0.021250 10.0
 52 58 4  1 1 0.030640 10.0
 52 58 5  1 1 0.038230 10.0
 52 58 6  1 1 0.046390 10.0
 52 59 3  1 1 0.011020 10.0
 52 59 4  1 1 0.021710 10.0
 52 59 5  1 1 0.035780 10.0
 52 60 3  1 1 0.004770 10.0
 52 60 4  1 1 0.020410 10.0
 52 60 5  1 1 0.021710 10.0
 52 61 4  1 1 0.020300 10.0
 52 61 5  1 1 0.020800 10.0
 52 61 6  1 1 0.018660 10.0
 52 62 4  1 1 0.026730 10.0
 52 62 5  1 1 0.042430 10.0
 52 62 6  1 1 0.054630 10.0
 52 62 7  1 1 0.064850 10.0
 52 62 8  1 1 0.059840 10.0
 52 63 4  1 1 0.019420 10.0
 52 63 5  1 1 0.037170 10.0
 52 63 6  1 1 0.052670 10.0
 52 63 7  1 1 0.058680 10.0
 52 63 8  1 1 0.049870 10.0
 52 64 5  1 1 0.027400 10.0
 52 64 6  1 1 0.049210 10.0
 52 64 7  1 1 0.058790 10.0
 52 64 8  1 1 0.053230 10.0
 52 65 6  1 1 0.028070 10.0
 52 65 7  1 1 0.040240 10.0
 52 65 8  1 1 0.037990 10.0
 52 70 16  1 1 0.004070 10.0
 52 70 17  1 1 0.009630 10.0
 52 73 13  1 1 0.043720 10.0
 52 73 14  1 1 0.047290 10.0
 52 73 15  1 1 0.027500 10.0
 52 74 8  1 1 0.004770 10.0
 52 74 9  1 1 0.027070 10.0
 52 74 10  1 1 0.034350 10.0
 52 74 11  1 1 0.045270 10.0
 52 74 12  1 1 0.056350 10.0
 52 74 13  1 1 0.054770 10.0
 52 74 14  1 1 0.033360 10.0
 53 48 4  1 1 0.028170 10.0
 53 48 5  1 1 0.033300 10.0
 53 49 5  1 1 0.020000 10.0
 53 49 6  1 1 0.035000 10.0
 53 49 7  1 1 0.021020 10.0
 53 49 8  1 1 0.008430 10.0
 53 50 6  1 1 0.013820 10.0
 53 50 7  1 1 0.029210 10.0
 53 50 8  1 1 0.031160 10.0
 53 50 9  1 1 0.001980 10.0
 53 51 4  1 1 0.006090 10.0
 53 54 4  1 1 0.007360 10.0
 53 54 5  1 1 0.032260 10.0
 53 54 6  1 1 0.029870 10.0
 53 55 3  1 1 0.004940 10.0
 53 55 4  1 1 0.025010 10.0
 53 55 5  1 1 0.037830 10.0
 53 55 6  1 1 0.052670 10.0
 53 55 7  1 1 0.001810 10.0
 53 56 3  1 1 0.023830 10.0
 53 56 4  1 1 0.038330 10.0
 53 56 5  1 1 0.045780 10.0
 53 56 6  1 1 0.050340 10.0
 53 56 7  1 1 0.032450 10.0
 53 57 3  1 1 0.023380 10.0
 53 57 4  1 1 0.036430 10.0
 53 57 5  1 1 0.044420 10.0
 53 57 6  1 1 0.050970 10.0
 53 58 3  1 1 0.017960 10.0
 53 58 4  1 1 0.030340 10.0
 53 58 5  1 1 0.040680 10.0
 53 58 6  1 1 0.036060 10.0
 53 59 3  1 1 0.006210 10.0
 53 59 4  1 1 0.025380 10.0
 53 59 5  1 1 0.038910 10.0
 53 60 4  1 1 0.021530 10.0
 53 60 5  1 1 0.029750 10.0
 53 60 6  1 1 0.024240 10.0
 53 61 4  1 1 0.022630 10.0
 53 61 5  1 1 0.031220 10.0
 53 61 6  1 1 0.033450 10.0
 53 61 7  1 1 0.039790 10.0
 53 62 3  1 1 0.000250 10.0
 53 62 4  1 1 0.027790 10.0
 53 62 5  1 1 0.045300 10.0
 53 62 6  1 1 0.057780 10.0
 53 62 7  1 1 0.064510 10.0
 53 62 8  1 1 0.067650 10.0
 53 62 9  1 1 0.036330 10.0
 53 63 4  1 1 0.023730 10.0
 53 63 5  1 1 0.039780 10.0
 53 63 6  1 1 0.055390 10.0
 53 63 7  1 1 0.063720 10.0
 53 63 8  1 1 0.063620 10.0
 53 63 9  1 1 0.050300 10.0
 53 63 10  1 1 0.000290 10.0
 53 64 4  1 1 0.013330 10.0
 53 64 5  1 1 0.033680 10.0
 53 64 6  1 1 0.052740 10.0
 53 64 7  1 1 0.063700 10.0
 53 64 8  1 1 0.064560 10.0
 53 64 9  1 1 0.048030 10.0
 53 64 10  1 1 0.031280 10.0
 53 65 5  1 1 0.012550 10.0
 53 65 6  1 1 0.037400 10.0
 53 65 7  1 1 0.052080 10.0
 53 65 8  1 1 0.058120 10.0
 53 65 9  1 1 0.040000 10.0
 53 73 10  1 1 0.020200 10.0
 53 73 11  1 1 0.032040 10.0
 53 73 12  1 1 0.023690 10.0
 54 54 4  1 1 0.000290 10.0
 54 54 5  1 1 0.023330 10.0
 54 55 4  1 1 0.019120 10.0
 54 55 5  1 1 0.034490 10.0
 54 55 6  1 1 0.040550 10.0
 54 56 3  1 1 0.017340 10.0
 54 56 4  1 1 0.029270 10.0
 54 56 5  1 1 0.036550 10.0
 54 56 6  1 1 0.043990 10.0
 54 57 3  1 1 0.017750 10.0
 54 57 4  1 1 0.029410 10.0
 54 57 5  1 1 0.039030 10.0
 54 57 6  1 1 0.015020 10.0
 54 58 3  1 1 0.007360 10.0
 54 58 4  1 1 0.026070 10.0
 54 58 5  1 1 0.039330 10.0
 54 59 3  1 1 0.002180 10.0
 54 59 4  1 1 0.024890 10.0
 54 59 5  1 1 0.039200 10.0
 54 60 3  1 1 0.001930 10.0
 54 60 4  1 1 0.024670 10.0
 54 60 5  1 1 0.034570 10.0
 54 60 6  1 1 0.036480 10.0
 54 60 7  1 1 0.000820 10.0
 54 61 3  1 1 0.001810 10.0
 54 61 4  1 1 0.028350 10.0
 54 61 5  1 1 0.039090 10.0
 54 61 6  1 1 0.044520 10.0
 54 61 7  1 1 0.051260 10.0
 54 61 8  1 1 0.059100 10.0
 54 62 3  1 1 0.003990 10.0
 54 62 4  1 1 0.030930 10.0
 54 62 5  1 1 0.046650 10.0
 54 62 6  1 1 0.056900 10.0
 54 62 7  1 1 0.064220 10.0
 54 62 8  1 1 0.068720 10.0
 54 62 9  1 1 0.078530 10.0
 54 63 3  1 1 0.002060 10.0
 54 63 4  1 1 0.028040 10.0
 54 63 5  1 1 0.043470 10.0
 54 63 6  1 1 0.056570 10.0
 54 63 7  1 1 0.066300 10.0
 54 63 8  1 1 0.071830 10.0
 54 63 9  1 1 0.070220 10.0
 54 63 10  1 1 0.061290 10.0
 54 64 4  1 1 0.023530 10.0
 54 64 5  1 1 0.039090 10.0
 54 64 6  1 1 0.054930 10.0
 54 64 7  1 1 0.065630 10.0
 54 64 8  1 1 0.066740 10.0
 54 64 9  1 1 0.077890 10.0
 54 65 5  1 1 0.025960 10.0
 54 65 6  1 1 0.046100 10.0
 54 65 7  1 1 0.058600 10.0
 54 65 8  1 1 0.063870 10.0
 54 65 9  1 1 0.066840 10.0
 54 66 7  1 1 0.018730 10.0
 54 66 8  1 1 0.006090 10.0
 54 73 7  1 1 0.013780 10.0
 54 73 8  1 1 0.016340 10.0
 55 55 4  1 1 0.007030 10.0
 55 55 5  1 1 0.025350 10.0
 55 56 3  1 1 0.005970 10.0
 55 56 4  1 1 0.018530 10.0
 55 56 5  1 1 0.029970 10.0
 55 57 3  1 1 0.007900 10.0
 55 57 4  1 1 0.021250 10.0
 55 57 5  1 1 0.026040 10.0
 55 58 4  1 1 0.018660 10.0
 55 58 5  1 1 0.024490 10.0
 55 59 4  1 1 0.021340 10.0
 55 59 5  1 1 0.028530 10.0
 55 59 6  1 1 0.016910 10.0
 55 60 3  1 1 0.001600 10.0
 55 60 4  1 1 0.025850 10.0
 55 60 5  1 1 0.038240 10.0
 55 60 6  1 1 0.043740 10.0
 55 60 7  1 1 0.037380 10.0
 55 61 3  1 1 0.005470 10.0
 55 61 4  1 1 0.027750 10.0
 55 61 5  1 1 0.042080 10.0
 55 61 6  1 1 0.052340 10.0
 55 61 7  1 1 0.057760 10.0
 55 61 8  1 1 0.045870 10.0
 55 62 3  1 1 0.005760 10.0
 55 62 4  1 1 0.029540 10.0
 55 62 5  1 1 0.044200 10.0
 55 62 6  1 1 0.057340 10.0
 55 62 7  1 1 0.067040 10.0
 55 62 8  1 1 0.070010 10.0
 55 62 9  1 1 0.021950 10.0
 55 63 3  1 1 0.002670 10.0
 55 63 4  1 1 0.028320 10.0
 55 63 5  1 1 0.042960 10.0
 55 63 6  1 1 0.056640 10.0
 55 63 7  1 1 0.068880 10.0
 55 63 8  1 1 0.074150 10.0
 55 63 9  1 1 0.075510 10.0
 55 64 4  1 1 0.024850 10.0
 55 64 5  1 1 0.040670 10.0
 55 64 6  1 1 0.055440 10.0
 55 64 7  1 1 0.066240 10.0
 55 64 8  1 1 0.066070 10.0
 55 65 4  1 1 0.004530 10.0
 55 65 5  1 1 0.031870 10.0
 55 65 6  1 1 0.052400 10.0
 55 65 7  1 1 0.059440 10.0
 55 65 8  1 1 0.058700 10.0
 55 65 9  1 1 0.055890 10.0
 55 66 5  1 1 0.010200 10.0
 55 66 6  1 1 0.037700 10.0
 55 66 7  1 1 0.047360 10.0
 55 66 8  1 1 0.034290 10.0
 56 53 4  1 1 0.003250 10.0
 56 54 4  1 1 0.007320 10.0
 56 55 4  1 1 0.005720 10.0
 56 55 5  1 1 0.019340 10.0
 56 56 3  1 1 0.004570 10.0
 56 56 4  1 1 0.016990 10.0
 56 56 5  1 1 0.029470 10.0
 56 57 3  1 1 0.008640 10.0
 56 57 4  1 1 0.021020 10.0
 56 57 5  1 1 0.024210 10.0
 56 58 3  1 1 0.002180 10.0
 56 58 4  1 1 0.019930 10.0
 56 58 5  1 1 0.019530 10.0
 56 58 6  1 1 0.014930 10.0
 56 59 4  1 1 0.020300 10.0
 56 59 5  1 1 0.022770 10.0
 56 59 6  1 1 0.017150 10.0
 56 60 4  1 1 0.025680 10.0
 56 60 5  1 1 0.034790 10.0
 56 60 6  1 1 0.033400 10.0
 56 60 7  1 1 0.016910 10.0
 56 61 4  1 1 0.027630 10.0
 56 61 5  1 1 0.042890 10.0
 56 61 6  1 1 0.048550 10.0
 56 61 7  1 1 0.046610 10.0
 56 62 4  1 1 0.028350 10.0
 56 62 5  1 1 0.046740 10.0
 56 62 6  1 1 0.059680 10.0
 56 62 7  1 1 0.065650 10.0
 56 62 8  1 1 0.071850 10.0
 56 63 4  1 1 0.026560 10.0
 56 63 5  1 1 0.044990 10.0
 56 63 6  1 1 0.060020 10.0
 56 63 7  1 1 0.067530 10.0
 56 63 8  1 1 0.061170 10.0
 56 63 9  1 1 0.059360 10.0
 56 64 4  1 1 0.022850 10.0
 56 64 5  1 1 0.042400 10.0
 56 64 6  1 1 0.056840 10.0
 56 64 7  1 1 0.056090 10.0
 56 64 8  1 1 0.055010 10.0
 56 65 4  1 1 0.006380 10.0
 56 65 5  1 1 0.041580 10.0
 56 65 6  1 1 0.057240 10.0
 56 65 7  1 1 0.049260 10.0
 56 65 8  1 1 0.034680 10.0
 56 65 9  1 1 0.033530 10.0
 56 66 5  1 1 0.026970 10.0
 56 66 6  1 1 0.046810 10.0
 56 66 7  1 1 0.074900 10.0
 56 66 8  1 1 0.089180 10.0
 57 53 3  1 1 0.011480 10.0
 57 54 3  1 1 0.004690 10.0
 57 54 4  1 1 0.028620 10.0
 57 55 4  1 1 0.028260 10.0
 57 56 4  1 1 0.021640 10.0
 57 56 5  1 1 0.022200 10.0
 57 57 4  1 1 0.020270 10.0
 57 57 5  1 1 0.032230 10.0
 57 58 4  1 1 0.019280 10.0
 57 58 5  1 1 0.023640 10.0
 57 58 6  1 1 0.021550 10.0
 57 59 4  1 1 0.016180 10.0
 57 59 5  1 1 0.013700 10.0
 57 59 6  1 1 0.022700 10.0
 57 60 4  1 1 0.020170 10.0
 57 60 5  1 1 0.023300 10.0
 57 60 6  1 1 0.019020 10.0
 57 61 3  1 1 0.006130 10.0
 57 61 4  1 1 0.030000 10.0
 57 61 5  1 1 0.039870 10.0
 57 61 6  1 1 0.040680 10.0
 57 61 7  1 1 0.037240 10.0
 57 62 3  1 1 0.008970 10.0
 57 62 4  1 1 0.035860 10.0
 57 62 5  1 1 0.048990 10.0
 57 62 6  1 1 0.054020 10.0
 57 62 7  1 1 0.057970 10.0
 57 62 8  1 1 0.074400 10.0
 57 63 3  1 1 0.005430 10.0
 57 63 4  1 1 0.035670 10.0
 57 63 5  1 1 0.050930 10.0
 57 63 6  1 1 0.057240 10.0
 57 63 7  1 1 0.058460 10.0
 57 63 8  1 1 0.059720 10.0
 57 63 9  1 1 0.064580 10.0
 57 64 4  1 1 0.032150 10.0
 57 64 5  1 1 0.049330 10.0
 57 64 6  1 1 0.058100 10.0
 57 64 7  1 1 0.076260 10.0
 57 65 4  1 1 0.025720 10.0
 57 65 5  1 1 0.049300 10.0
 57 65 6  1 1 0.053260 10.0
 57 65 7  1 1 0.048230 10.0
 57 65 8  1 1 0.034790 10.0
 57 66 5  1 1 0.029360 10.0
 57 66 6  1 1 0.063250 10.0
 57 66 7  1 1 0.087540 10.0
 57 66 8  1 1 0.085640 10.0
 58 54 3  1 1 0.018830 10.0
 58 55 3  1 1 0.025320 10.0
 58 56 3  1 1 0.018140 10.0
 58 56 4  1 1 0.027750 10.0
 58 57 3  1 1 0.007360 10.0
 58 57 4  1 1 0.030540 10.0
 58 57 5  1 1 0.008480 10.0
 58 58 4  1 1 0.025960 10.0
 58 58 5  1 1 0.034660 10.0
 58 59 4  1 1 0.017970 10.0
 58 59 5  1 1 0.028740 10.0
 58 60 4  1 1 0.016710 10.0
 58 60 5  1 1 0.023600 10.0
 58 60 6  1 1 0.028590 10.0
 58 61 3  1 1 0.009130 10.0
 58 61 4  1 1 0.025780 10.0
 58 61 5  1 1 0.032370 10.0
 58 61 6  1 1 0.030780 10.0
 58 61 7  1 1 0.036480 10.0
 58 62 3  1 1 0.022340 10.0
 58 62 4  1 1 0.033670 10.0
 58 62 5  1 1 0.039050 10.0
 58 62 6  1 1 0.043600 10.0
 58 62 7  1 1 0.053890 10.0
 58 62 8  1 1 0.086850 10.0
 58 63 3  1 1 0.022900 10.0
 58 63 4  1 1 0.037900 10.0
 58 63 5  1 1 0.041640 10.0
 58 63 6  1 1 0.047800 10.0
 58 63 7  1 1 0.065180 10.0
 58 63 8  1 1 0.084430 10.0
 58 64 3  1 1 0.013160 10.0
 58 64 4  1 1 0.036600 10.0
 58 64 5  1 1 0.046450 10.0
 58 64 6  1 1 0.054190 10.0
 58 64 7  1 1 0.050310 10.0
 58 65 4  1 1 0.024200 10.0
 58 65 5  1 1 0.038210 10.0
 58 65 6  1 1 0.036180 10.0
 58 65 7  1 1 0.043420 10.0
 58 66 5  1 1 0.016710 10.0
 58 66 6  1 1 0.075960 10.0
 58 66 7  1 1 0.081460 10.0
 59 58 3  1 1 0.002060 10.0
 59 59 4  1 1 0.019910 10.0
 59 59 5  1 1 0.007690 10.0
 59 60 4  1 1 0.017340 10.0
 59 60 5  1 1 0.018620 10.0
 59 61 4  1 1 0.016180 10.0
 59 61 5  1 1 0.023920 10.0
 59 61 6  1 1 0.035440 10.0
 59 62 2  1 1 0.000660 10.0
 59 62 3  1 1 0.001980 10.0
 59 62 4  1 1 0.012180 10.0
 59 62 5  1 1 0.030780 10.0
 59 62 6  1 1 0.053730 10.0
 59 62 7  1 1 0.069400 10.0
 59 63 3  1 1 0.016180 10.0
 59 63 4  1 1 0.019020 10.0
 59 63 5  1 1 0.032400 10.0
 59 63 6  1 1 0.060440 10.0
 59 63 7  1 1 0.072690 10.0
 59 63 8  1 1 0.020370 10.0
 59 64 4  1 1 0.013950 10.0
 59 64 5  1 1 0.031390 10.0
 59 64 6  1 1 0.057810 10.0
 59 65 5  1 1 0.004110 10.0
 59 65 6  1 1 0.044280 10.0
 59 66 5  1 1 0.053890 10.0
 59 66 6  1 1 0.084890 10.0
 60 60 3  1 1 0.010080 10.0
 60 60 4  1 1 0.009750 10.0
 60 61 4  1 1 0.021840 10.0
 60 61 5  1 1 0.039410 10.0
 60 62 4  1 1 0.022020 10.0
 60 62 5  1 1 0.049460 10.0
 60 62 6  1 1 0.041420 10.0
 60 63 4  1 1 0.015800 10.0
 60 63 5  1 1 0.054020 10.0
 60 63 6  1 1 0.058850 10.0
 60 64 4  1 1 0.011970 10.0
 60 64 5  1 1 0.049610 10.0
 60 65 5  1 1 0.043960 10.0
 60 65 6  1 1 0.038750 10.0
 60 66 3  1 1 0.000210 10.0
 60 66 4  1 1 0.049910 10.0
 60 66 5  1 1 0.070370 10.0
 61 61 4  1 1 0.011560 10.0
 61 62 4  1 1 0.035490 10.0
 61 63 4  1 1 0.034980 10.0
 61 63 5  1 1 0.031130 10.0
 61 64 4  1 1 0.026640 10.0
 61 65 4  1 1 0.040310 10.0
 61 65 5  1 1 0.032070 10.0
 62 63 3  1 1 0.000370 10.0
 71 81 4  1 1 0.005640 10.0
 71 81 5  1 1 0.002430 10.0
 72 79 4  1 1 0.003410 10.0
 72 80 3  1 1 0.004900 10.0
 72 80 4  1 1 0.025850 10.0
 72 80 5  1 1 0.031880 10.0
 72 81 3  1 1 0.013210 10.0
 72 81 4  1 1 0.028770 10.0
 72 81 5  1 1 0.032320 10.0
 72 82 3  1 1 0.006790 10.0
 72 82 4  1 1 0.026730 10.0
 73 79 3  1 1 0.005350 10.0
 73 79 4  1 1 0.024920 10.0
 73 79 5  1 1 0.026660 10.0
 73 80 3  1 1 0.014480 10.0
 73 80 4  1 1 0.029130 10.0
 73 80 5  1 1 0.030300 10.0
 73 81 3  1 1 0.015510 10.0
 73 81 4  1 1 0.027570 10.0
 73 81 5  1 1 0.024350 10.0
 74 77 3  1 1 0.003130 10.0
 74 78 3  1 1 0.004400 10.0
 74 78 4  1 1 0.027340 10.0
 74 78 5  1 1 0.026520 10.0
 74 78 6  1 1 0.013040 10.0
 74 79 3  1 1 0.014600 10.0
 74 79 4  1 1 0.030750 10.0
 74 79 5  1 1 0.036580 10.0
 74 79 6  1 1 0.028950 10.0
 74 80 3  1 1 0.018450 10.0
 74 80 4  1 1 0.033380 10.0
 74 80 5  1 1 0.038390 10.0
 74 80 6  1 1 0.033380 10.0
 74 80 7  1 1 0.019450 10.0
 74 81 3  1 1 0.017640 10.0
 74 81 4  1 1 0.027920 10.0
 74 81 5  1 1 0.028830 10.0
 74 81 6  1 1 0.029850 10.0
 75 78 3  1 1 0.003540 10.0
 75 78 4  1 1 0.024750 10.0
 75 78 5  1 1 0.002180 10.0
 75 79 3  1 1 0.014150 10.0
 75 79 4  1 1 0.029870 10.0
 75 79 5  1 1 0.039420 10.0
 75 79 6  1 1 0.036970 10.0
 75 80 3  1 1 0.018000 10.0
 75 80 4  1 1 0.031790 10.0
 75 80 5  1 1 0.038900 10.0
 75 80 6  1 1 0.045500 10.0
 75 81 3  1 1 0.003950 10.0
 75 81 4  1 1 0.024520 10.0
 76 78 3  1 1 0.016430 10.0
 76 78 4  1 1 0.012140 10.0
 76 79 3  1 1 0.005590 10.0
 76 79 4  1 1 0.026000 10.0
 76 79 5  1 1 0.015720 10.0
 76 80 3  1 1 0.005180 10.0
 76 80 4  1 1 0.023350 10.0
 77 62 18  1 1 0.046500 10.0
 77 62 19  1 1 0.069360 10.0
 77 62 20  1 1 0.064510 10.0
 77 62 21  1 1 0.023300 10.0
 77 63 17  1 1 0.026040 10.0
 77 63 18  1 1 0.022700 10.0
 77 64 18  1 1 0.007160 10.0
 77 79 3  1 1 0.007780 10.0
 77 80 3  1 1 0.006170 10.0
 77 81 3  1 1 0.007610 10.0
 78 61 16  1 1 0.027430 10.0
 78 61 17  1 1 0.047380 10.0
 78 61 18  1 1 0.053850 10.0
 78 61 19  1 1 0.022460 10.0
 78 62 16  1 1 0.037570 10.0
 78 62 17  1 1 0.067060 10.0
 78 62 18  1 1 0.078490 10.0
 78 62 19  1 1 0.069830 10.0
 78 62 20  1 1 0.035900 10.0
 78 62 21  1 1 0.032340 10.0
 78 62 22  1 1 0.047710 10.0
 78 63 16  1 1 0.018860 10.0
 78 63 17  1 1 0.045940 10.0
 78 63 18  1 1 0.066400 10.0
 78 63 19  1 1 0.078690 10.0
 78 63 20  1 1 0.082960 10.0
 78 63 21  1 1 0.070430 10.0
 78 64 17  1 1 0.027340 10.0
 78 64 18  1 1 0.051360 10.0
 78 64 19  1 1 0.066640 10.0
 78 64 20  1 1 0.084430 10.0
 78 64 21  1 1 0.121480 10.0
 78 65 18  1 1 0.004070 10.0
 79 52 22  1 1 0.021280 10.0
 79 53 21  1 1 0.040960 10.0
 79 53 22  1 1 0.061760 10.0
 79 53 23  1 1 0.062520 10.0
 79 53 24  1 1 0.012010 10.0
 79 54 20  1 1 0.049260 10.0
 79 54 21  1 1 0.071250 10.0
 79 54 22  1 1 0.073840 10.0
 79 54 23  1 1 0.059300 10.0
 79 54 24  1 1 0.020900 10.0
 79 55 20  1 1 0.025850 10.0
 79 55 21  1 1 0.051120 10.0
 79 55 22  1 1 0.052640 10.0
 79 55 23  1 1 0.037760 10.0
 79 56 20  1 1 0.058950 10.0
 79 56 21  1 1 0.081760 10.0
 79 56 22  1 1 0.082980 10.0
 79 56 23  1 1 0.087310 10.0
 79 56 24  1 1 0.097160 10.0
 79 57 19  1 1 0.038920 10.0
 79 57 20  1 1 0.072230 10.0
 79 57 21  1 1 0.088320 10.0
 79 57 22  1 1 0.091250 10.0
 79 57 23  1 1 0.078020 10.0
 79 57 24  1 1 0.063850 10.0
 79 57 25  1 1 0.008310 10.0
 79 58 19  1 1 0.041120 10.0
 79 58 20  1 1 0.077640 10.0
 79 58 21  1 1 0.069540 10.0
 79 58 22  1 1 0.026430 10.0
 79 59 19  1 1 0.074490 10.0
 79 59 20  1 1 0.086470 10.0
 79 59 21  1 1 0.079330 10.0
 79 60 17  1 1 0.031960 10.0
 79 60 18  1 1 0.060240 10.0
 79 60 19  1 1 0.069250 10.0
 79 60 20  1 1 0.064860 10.0
 79 61 16  1 1 0.037420 10.0
 79 61 17  1 1 0.063520 10.0
 79 61 18  1 1 0.074510 10.0
 79 61 19  1 1 0.055150 10.0
 80 51 20  1 1 0.008560 10.0
 80 51 21  1 1 0.003830 10.0
 80 52 18  1 1 0.039950 10.0
 80 52 19  1 1 0.084080 10.0
 80 52 20  1 1 0.112030 10.0
 80 52 21  1 1 0.120090 10.0
 80 52 22  1 1 0.109850 10.0
 80 52 23  1 1 0.083830 10.0
 80 53 19  1 1 0.061080 10.0
 80 53 20  1 1 0.110240 10.0
 80 53 21  1 1 0.130610 10.0
 80 53 22  1 1 0.141810 10.0
 80 53 23  1 1 0.146210 10.0
 80 53 24  1 1 0.133300 10.0
 80 53 25  1 1 0.046100 10.0
 80 54 19  1 1 0.087500 10.0
 80 54 20  1 1 0.106340 10.0
 80 54 21  1 1 0.121210 10.0
 80 54 22  1 1 0.131890 10.0
 80 54 23  1 1 0.137480 10.0
 80 54 24  1 1 0.136810 10.0
 80 54 25  1 1 0.140700 10.0
 80 55 19  1 1 0.046610 10.0
 80 55 20  1 1 0.071970 10.0
 80 55 21  1 1 0.093880 10.0
 80 55 22  1 1 0.106840 10.0
 80 55 23  1 1 0.110140 10.0
 80 55 24  1 1 0.101430 10.0
 80 55 25  1 1 0.071770 10.0
 80 56 18  1 1 0.013660 10.0
 80 56 19  1 1 0.043070 10.0
 80 56 20  1 1 0.062620 10.0
 80 56 21  1 1 0.087760 10.0
 80 56 22  1 1 0.103550 10.0
 80 56 23  1 1 0.111350 10.0
 80 56 24  1 1 0.116160 10.0
 80 56 25  1 1 0.121980 10.0
 80 57 17  1 1 0.013860 10.0
 80 57 18  1 1 0.045830 10.0
 80 57 19  1 1 0.052250 10.0
 80 57 20  1 1 0.060080 10.0
 80 57 21  1 1 0.081070 10.0
 80 57 22  1 1 0.088680 10.0
 80 57 23  1 1 0.085330 10.0
 80 57 24  1 1 0.093420 10.0
 80 57 25  1 1 0.109140 10.0
 80 57 26  1 1 0.111930 10.0
 80 58 17  1 1 0.029270 10.0
 80 58 18  1 1 0.074290 10.0
 80 58 19  1 1 0.080280 10.0
 80 58 20  1 1 0.076500 10.0
 80 58 21  1 1 0.077340 10.0
 80 58 22  1 1 0.050840 10.0
 80 59 17  1 1 0.054870 10.0
 80 59 18  1 1 0.087540 10.0
 80 59 19  1 1 0.091760 10.0
 80 59 20  1 1 0.076470 10.0
 80 59 21  1 1 0.053710 10.0
 80 60 16  1 1 0.040210 10.0
 80 60 17  1 1 0.065490 10.0
 80 60 18  1 1 0.081080 10.0
 80 60 19  1 1 0.090670 10.0
 80 60 20  1 1 0.089020 10.0
 80 60 21  1 1 0.062840 10.0
 81 52 17  1 1 0.038780 10.0
 81 52 18  1 1 0.076350 10.0
 81 52 19  1 1 0.098890 10.0
 81 52 20  1 1 0.103700 10.0
 81 52 21  1 1 0.095570 10.0
 81 52 22  1 1 0.073290 10.0
 81 52 23  1 1 0.035880 10.0
 81 53 15  1 1 0.002920 10.0
 81 53 16  1 1 0.017340 10.0
 81 53 17  1 1 0.042450 10.0
 81 53 18  1 1 0.080880 10.0
 81 53 19  1 1 0.113260 10.0
 81 53 20  1 1 0.126210 10.0
 81 53 21  1 1 0.132570 10.0
 81 53 22  1 1 0.128930 10.0
 81 53 23  1 1 0.118880 10.0
 81 53 24  1 1 0.096040 10.0
 81 53 25  1 1 0.049650 10.0
 81 54 17  1 1 0.039250 10.0
 81 54 18  1 1 0.082380 10.0
 81 54 19  1 1 0.090980 10.0
 81 54 20  1 1 0.095570 10.0
 81 54 21  1 1 0.111290 10.0
 81 54 22  1 1 0.123610 10.0
 81 54 23  1 1 0.122840 10.0
 81 54 24  1 1 0.113170 10.0
 81 54 25  1 1 0.108450 10.0
 81 55 17  1 1 0.042350 10.0
 81 55 18  1 1 0.053710 10.0
 81 55 19  1 1 0.048530 10.0
 81 55 20  1 1 0.057910 10.0
 81 55 21  1 1 0.095030 10.0
 81 55 22  1 1 0.115100 10.0
 81 55 23  1 1 0.116130 10.0
 81 55 24  1 1 0.100960 10.0
 81 55 25  1 1 0.068000 10.0
 81 56 20  1 1 0.021280 10.0
 81 56 21  1 1 0.067360 10.0
 81 56 22  1 1 0.093320 10.0
 81 56 23  1 1 0.099830 10.0
 81 56 24  1 1 0.075420 10.0
 81 56 25  1 1 0.021090 10.0
 81 57 16  1 1 0.014600 10.0
 81 57 22  1 1 0.044900 10.0
 81 57 23  1 1 0.067810 10.0
 81 57 24  1 1 0.085250 10.0
 81 57 25  1 1 0.083810 10.0
 81 58 16  1 1 0.036060 10.0
 81 58 17  1 1 0.067120 10.0
 81 58 18  1 1 0.052710 10.0
 81 59 16  1 1 0.038790 10.0
 81 59 17  1 1 0.064140 10.0
 81 59 18  1 1 0.070940 10.0
 81 59 19  1 1 0.017180 10.0
 81 60 16  1 1 0.025710 10.0
 81 60 17  1 1 0.058680 10.0
 81 60 18  1 1 0.078670 10.0
 81 60 19  1 1 0.077620 10.0
 81 60 20  1 1 0.056630 10.0
 82 51 19  1 1 0.018590 10.0
 82 51 20  1 1 0.025940 10.0
 82 51 21  1 1 0.022820 10.0
 82 52 16  1 1 0.003040 10.0
 82 52 17  1 1 0.077930 10.0
 82 52 18  1 1 0.106860 10.0
 82 52 19  1 1 0.114990 10.0
 82 52 20  1 1 0.113170 10.0
 82 52 21  1 1 0.103490 10.0
 82 52 22  1 1 0.083780 10.0
 82 52 23  1 1 0.062740 10.0
 82 52 24  1 1 0.058410 10.0
 82 52 25  1 1 0.014190 10.0
 82 53 14  1 1 0.026350 10.0
 82 53 15  1 1 0.033610 10.0
 82 53 16  1 1 0.063490 10.0
 82 53 17  1 1 0.100750 10.0
 82 53 18  1 1 0.112650 10.0
 82 53 19  1 1 0.109250 10.0
 82 53 20  1 1 0.116780 10.0
 82 53 21  1 1 0.122830 10.0
 82 53 22  1 1 0.104890 10.0
 82 53 23  1 1 0.075150 10.0
 82 53 24  1 1 0.052130 10.0
 82 53 25  1 1 0.047410 10.0
 82 53 26  1 1 0.050380 10.0
 82 54 14  1 1 0.000170 10.0
 82 54 15  1 1 0.038050 10.0
 82 54 16  1 1 0.058500 10.0
 82 54 17  1 1 0.081870 10.0
 82 54 18  1 1 0.081670 10.0
 82 54 19  1 1 0.068210 10.0
 82 54 20  1 1 0.080700 10.0
 82 54 21  1 1 0.109720 10.0
 82 54 22  1 1 0.112340 10.0
 82 54 23  1 1 0.085110 10.0
 82 54 24  1 1 0.036930 10.0
 82 55 16  1 1 0.038040 10.0
 82 55 17  1 1 0.061170 10.0
 82 55 18  1 1 0.047070 10.0
 82 55 19  1 1 0.043910 10.0
 82 55 20  1 1 0.060750 10.0
 82 55 21  1 1 0.084460 10.0
 82 55 22  1 1 0.088210 10.0
 82 55 23  1 1 0.066390 10.0
 82 56 16  1 1 0.000860 10.0
 82 57 16  1 1 0.030180 10.0
 82 58 15  1 1 0.017490 10.0
 82 58 16  1 1 0.053490 10.0
 82 58 17  1 1 0.058740 10.0
 82 58 18  1 1 0.030810 10.0
 82 59 16  1 1 0.022890 10.0
 82 59 17  1 1 0.053080 10.0
 82 59 18  1 1 0.068430 10.0
 82 59 19  1 1 0.054690 10.0
 82 59 20  1 1 0.018790 10.0
 82 60 16  1 1 0.002760 10.0
 82 60 17  1 1 0.044970 10.0
 82 60 18  1 1 0.073670 10.0
 82 60 19  1 1 0.084340 10.0
 82 60 20  1 1 0.078990 10.0
 82 60 21  1 1 0.094000 10.0
 82 60 22  1 1 0.121430 10.0
 82 60 23  1 1 0.117190 10.0
 82 61 17  1 1 0.051050 10.0
 82 61 18  1 1 0.082810 10.0
 82 61 19  1 1 0.101050 10.0
 82 61 20  1 1 0.114660 10.0
 82 61 21  1 1 0.124400 10.0
 82 61 22  1 1 0.115560 10.0
 82 61 23  1 1 0.101030 10.0
 82 61 24  1 1 0.078990 10.0
 82 61 25  1 1 0.063430 10.0
 82 61 26  1 1 0.048550 10.0
 82 61 27  1 1 0.034680 10.0
 82 62 17  1 1 0.022800 10.0
 82 62 18  1 1 0.078180 10.0
 82 62 19  1 1 0.090260 10.0
 82 62 20  1 1 0.091860 10.0
 82 62 21  1 1 0.083690 10.0
 82 62 22  1 1 0.062320 10.0
 82 62 23  1 1 0.030960 10.0
 82 74 19  1 1 0.035730 10.0
 83 50 17  1 1 0.016830 10.0
 83 50 18  1 1 0.048680 10.0
 83 50 19  1 1 0.062320 10.0
 83 50 20  1 1 0.061780 10.0
 83 50 21  1 1 0.048790 10.0
 83 51 16  1 1 0.025250 10.0
 83 51 17  1 1 0.074960 10.0
 83 51 18  1 1 0.109590 10.0
 83 51 19  1 1 0.129490 10.0
 83 51 20  1 1 0.143520 10.0
 83 51 21  1 1 0.159590 10.0
 83 51 22  1 1 0.172480 10.0
 83 51 23  1 1 0.170490 10.0
 83 51 24  1 1 0.145640 10.0
 83 51 25  1 1 0.039310 10.0
 83 52 13  1 1 0.004280 10.0
 83 52 14  1 1 0.010490 10.0
 83 52 15  1 1 0.037130 10.0
 83 52 16  1 1 0.080070 10.0
 83 52 17  1 1 0.114590 10.0
 83 52 18  1 1 0.131050 10.0
 83 52 19  1 1 0.140250 10.0
 83 52 20  1 1 0.148240 10.0
 83 52 21  1 1 0.156010 10.0
 83 52 22  1 1 0.164560 10.0
 83 52 23  1 1 0.176000 10.0
 83 52 24  1 1 0.184630 10.0
 83 52 25  1 1 0.183140 10.0
 83 52 26  1 1 0.148380 10.0
 83 52 27  1 1 0.027760 10.0
 83 53 13  1 1 0.019220 10.0
 83 53 14  1 1 0.042810 10.0
 83 53 15  1 1 0.064870 10.0
 83 53 16  1 1 0.103460 10.0
 83 53 17  1 1 0.119320 10.0
 83 53 18  1 1 0.125270 10.0
 83 53 19  1 1 0.126510 10.0
 83 53 20  1 1 0.130150 10.0
 83 53 21  1 1 0.136140 10.0
 83 53 22  1 1 0.143810 10.0
 83 53 23  1 1 0.151550 10.0
 83 53 24  1 1 0.158990 10.0
 83 53 25  1 1 0.164690 10.0
 83 53 26  1 1 0.162030 10.0
 83 53 27  1 1 0.143890 10.0
 83 53 28  1 1 0.086810 10.0
 83 54 14  1 1 0.042990 10.0
 83 54 15  1 1 0.072760 10.0
 83 54 16  1 1 0.089520 10.0
 83 54 17  1 1 0.101220 10.0
 83 54 18  1 1 0.097570 10.0
 83 54 19  1 1 0.084250 10.0
 83 54 20  1 1 0.083380 10.0
 83 54 21  1 1 0.098620 10.0
 83 54 22  1 1 0.120790 10.0
 83 54 23  1 1 0.130670 10.0
 83 54 24  1 1 0.136680 10.0
 83 54 25  1 1 0.140350 10.0
 83 54 26  1 1 0.135730 10.0
 83 54 27  1 1 0.119690 10.0
 83 54 28  1 1 0.080630 10.0
 83 55 15  1 1 0.035230 10.0
 83 55 16  1 1 0.070490 10.0
 83 55 17  1 1 0.081050 10.0
 83 55 18  1 1 0.061570 10.0
 83 55 19  1 1 0.025860 10.0
 83 55 20  1 1 0.026380 10.0
 83 55 21  1 1 0.056630 10.0
 83 55 22  1 1 0.082770 10.0
 83 55 23  1 1 0.093990 10.0
 83 55 24  1 1 0.095850 10.0
 83 55 25  1 1 0.078530 10.0
 83 55 26  1 1 0.030390 10.0
 83 56 15  1 1 0.019630 10.0
 83 56 16  1 1 0.059500 10.0
 83 56 17  1 1 0.050340 10.0
 83 56 18  1 1 0.002880 10.0
 83 57 15  1 1 0.038700 10.0
 83 57 16  1 1 0.047590 10.0
 83 57 17  1 1 0.045320 10.0
 83 57 18  1 1 0.031820 10.0
 83 58 7  1 1 0.014070 10.0
 83 58 8  1 1 0.019530 10.0
 83 58 15  1 1 0.021840 10.0
 83 58 16  1 1 0.038190 10.0
 83 58 17  1 1 0.054430 10.0
 83 58 18  1 1 0.062020 10.0
 83 58 19  1 1 0.066090 10.0
 83 58 20  1 1 0.062000 10.0
 83 59 4  1 1 0.012880 10.0
 83 59 17  1 1 0.033150 10.0
 83 59 18  1 1 0.063990 10.0
 83 59 19  1 1 0.076310 10.0
 83 59 20  1 1 0.072400 10.0
 83 59 21  1 1 0.045300 10.0
 83 60 4  1 1 0.021530 10.0
 83 60 17  1 1 0.036100 10.0
 83 60 18  1 1 0.067660 10.0
 83 60 19  1 1 0.086320 10.0
 83 60 20  1 1 0.093030 10.0
 83 60 21  1 1 0.090140 10.0
 83 60 22  1 1 0.092950 10.0
 83 60 23  1 1 0.107690 10.0
 83 60 24  1 1 0.097510 10.0
 83 61 17  1 1 0.047660 10.0
 83 61 18  1 1 0.089610 10.0
 83 61 19  1 1 0.105470 10.0
 83 61 20  1 1 0.112760 10.0
 83 61 21  1 1 0.118610 10.0
 83 61 22  1 1 0.127390 10.0
 83 61 23  1 1 0.136730 10.0
 83 61 24  1 1 0.140070 10.0
 83 61 25  1 1 0.132780 10.0
 83 61 26  1 1 0.130100 10.0
 83 61 27  1 1 0.128140 10.0
 83 61 28  1 1 0.123500 10.0
 83 62 18  1 1 0.063810 10.0
 83 62 19  1 1 0.094200 10.0
 83 62 20  1 1 0.104240 10.0
 83 62 21  1 1 0.104920 10.0
 83 62 22  1 1 0.113270 10.0
 83 62 23  1 1 0.130130 10.0
 83 62 24  1 1 0.146540 10.0
 83 62 25  1 1 0.139080 10.0
 83 62 26  1 1 0.114800 10.0
 83 73 17  1 1 0.020470 10.0
 83 73 18  1 1 0.038660 10.0
 83 73 19  1 1 0.040520 10.0
 83 74 16  1 1 0.024170 10.0
 83 74 17  1 1 0.042140 10.0
 83 74 18  1 1 0.061080 10.0
 83 74 19  1 1 0.078920 10.0
 83 74 20  1 1 0.099300 10.0
 83 75 17  1 1 0.031840 10.0
 83 75 18  1 1 0.050760 10.0
 83 75 19  1 1 0.071670 10.0
 83 75 20  1 1 0.098090 10.0
 83 76 19  1 1 0.028260 10.0
 83 76 20  1 1 0.032510 10.0
 84 49 16  1 1 0.028800 10.0
 84 49 17  1 1 0.056130 10.0
 84 49 18  1 1 0.071040 10.0
 84 49 19  1 1 0.065300 10.0
 84 49 20  1 1 0.032290 10.0
 84 50 14  1 1 0.040670 10.0
 84 50 15  1 1 0.058100 10.0
 84 50 16  1 1 0.081810 10.0
 84 50 17  1 1 0.109610 10.0
 84 50 18  1 1 0.132030 10.0
 84 50 19  1 1 0.143470 10.0
 84 50 20  1 1 0.147080 10.0
 84 50 21  1 1 0.135760 10.0
 84 50 22  1 1 0.101340 10.0
 84 50 23  1 1 0.032880 10.0
 84 51 13  1 1 0.037350 10.0
 84 51 14  1 1 0.058910 10.0
 84 51 15  1 1 0.071830 10.0
 84 51 16  1 1 0.088930 10.0
 84 51 17  1 1 0.110870 10.0
 84 51 18  1 1 0.132790 10.0
 84 51 19  1 1 0.145180 10.0
 84 51 20  1 1 0.151480 10.0
 84 51 21  1 1 0.154820 10.0
 84 51 22  1 1 0.160650 10.0
 84 51 23  1 1 0.168660 10.0
 84 51 24  1 1 0.166540 10.0
 84 51 25  1 1 0.142260 10.0
 84 51 26  1 1 0.029410 10.0
 84 52 13  1 1 0.026460 10.0
 84 52 14  1 1 0.048050 10.0
 84 52 15  1 1 0.064160 10.0
 84 52 16  1 1 0.081220 10.0
 84 52 17  1 1 0.114510 10.0
 84 52 18  1 1 0.135720 10.0
 84 52 19  1 1 0.145640 10.0
 84 52 20  1 1 0.150280 10.0
 84 52 21  1 1 0.151290 10.0
 84 52 22  1 1 0.151110 10.0
 84 52 23  1 1 0.152830 10.0
 84 52 24  1 1 0.158400 10.0
 84 52 25  1 1 0.166090 10.0
 84 52 26  1 1 0.171020 10.0
 84 52 27  1 1 0.149830 10.0
 84 52 28  1 1 0.045340 10.0
 84 53 13  1 1 0.010370 10.0
 84 53 14  1 1 0.048440 10.0
 84 53 15  1 1 0.067220 10.0
 84 53 16  1 1 0.090510 10.0
 84 53 17  1 1 0.117420 10.0
 84 53 18  1 1 0.132550 10.0
 84 53 19  1 1 0.140380 10.0
 84 53 20  1 1 0.144530 10.0
 84 53 21  1 1 0.146460 10.0
 84 53 22  1 1 0.145290 10.0
 84 53 23  1 1 0.142790 10.0
 84 53 24  1 1 0.144610 10.0
 84 53 25  1 1 0.151050 10.0
 84 53 26  1 1 0.158940 10.0
 84 53 27  1 1 0.161370 10.0
 84 53 28  1 1 0.150170 10.0
 84 53 29  1 1 0.093640 10.0
 84 54 14  1 1 0.042590 10.0
 84 54 15  1 1 0.084130 10.0
 84 54 16  1 1 0.104920 10.0
 84 54 17  1 1 0.115310 10.0
 84 54 18  1 1 0.121460 10.0
 84 54 19  1 1 0.124780 10.0
 84 54 20  1 1 0.129950 10.0
 84 54 21  1 1 0.135950 10.0
 84 54 22  1 1 0.138410 10.0
 84 54 23  1 1 0.135200 10.0
 84 54 24  1 1 0.135560 10.0
 84 54 25  1 1 0.140800 10.0
 84 54 26  1 1 0.147950 10.0
 84 54 27  1 1 0.155830 10.0
 84 54 28  1 1 0.156740 10.0
 84 54 29  1 1 0.144510 10.0
 84 55 5  1 1 0.024240 10.0
 84 55 6  1 1 0.040210 10.0
 84 55 7  1 1 0.047200 10.0
 84 55 8  1 1 0.042330 10.0
 84 55 9  1 1 0.039550 10.0
 84 55 15  1 1 0.058430 10.0
 84 55 16  1 1 0.086760 10.0
 84 55 17  1 1 0.099420 10.0
 84 55 18  1 1 0.100780 10.0
 84 55 19  1 1 0.101390 10.0
 84 55 20  1 1 0.112250 10.0
 84 55 21  1 1 0.120730 10.0
 84 55 22  1 1 0.118230 10.0
 84 55 23  1 1 0.108480 10.0
 84 55 24  1 1 0.106220 10.0
 84 55 25  1 1 0.112740 10.0
 84 55 26  1 1 0.116560 10.0
 84 55 27  1 1 0.105270 10.0
 84 55 28  1 1 0.038790 10.0
 84 56 5  1 1 0.012010 10.0
 84 56 6  1 1 0.027760 10.0
 84 56 7  1 1 0.038450 10.0
 84 56 8  1 1 0.047450 10.0
 84 56 9  1 1 0.052600 10.0
 84 56 10  1 1 0.046940 10.0
 84 56 15  1 1 0.011640 10.0
 84 56 16  1 1 0.078780 10.0
 84 56 17  1 1 0.086000 10.0
 84 56 18  1 1 0.085280 10.0
 84 56 19  1 1 0.092870 10.0
 84 56 20  1 1 0.102320 10.0
 84 56 21  1 1 0.090140 10.0
 84 56 22  1 1 0.060020 10.0
 84 56 23  1 1 0.039150 10.0
 84 56 24  1 1 0.021190 10.0
 84 57 5  1 1 0.018040 10.0
 84 57 6  1 1 0.025940 10.0
 84 57 7  1 1 0.031760 10.0
 84 57 8  1 1 0.033910 10.0
 84 57 9  1 1 0.034120 10.0
 84 57 10  1 1 0.026700 10.0
 84 57 15  1 1 0.052850 10.0
 84 57 16  1 1 0.080680 10.0
 84 57 17  1 1 0.078230 10.0
 84 57 18  1 1 0.082270 10.0
 84 57 19  1 1 0.094500 10.0
 84 57 20  1 1 0.094140 10.0
 84 57 21  1 1 0.057030 10.0
 84 58 4  1 1 0.000620 10.0
 84 58 5  1 1 0.003660 10.0
 84 58 6  1 1 0.017030 10.0
 84 58 7  1 1 0.031730 10.0
 84 58 8  1 1 0.042820 10.0
 84 58 9  1 1 0.045500 10.0
 84 58 10  1 1 0.029270 10.0
 84 58 15  1 1 0.046140 10.0
 84 58 16  1 1 0.054170 10.0
 84 58 17  1 1 0.053760 10.0
 84 58 18  1 1 0.067440 10.0
 84 58 19  1 1 0.089270 10.0
 84 58 20  1 1 0.105210 10.0
 84 58 21  1 1 0.090440 10.0
 84 59 17  1 1 0.004610 10.0
 84 59 18  1 1 0.041960 10.0
 84 59 19  1 1 0.072420 10.0
 84 59 20  1 1 0.091940 10.0
 84 59 21  1 1 0.097660 10.0
 84 59 22  1 1 0.072460 10.0
 84 59 23  1 1 0.028950 10.0
 84 60 17  1 1 0.005640 10.0
 84 60 18  1 1 0.051890 10.0
 84 60 19  1 1 0.076490 10.0
 84 60 20  1 1 0.095320 10.0
 84 60 21  1 1 0.106870 10.0
 84 60 22  1 1 0.109850 10.0
 84 60 23  1 1 0.110500 10.0
 84 60 24  1 1 0.111270 10.0
 84 60 25  1 1 0.090820 10.0
 84 61 17  1 1 0.035130 10.0
 84 61 18  1 1 0.082210 10.0
 84 61 19  1 1 0.104260 10.0
 84 61 20  1 1 0.113510 10.0
 84 61 21  1 1 0.121390 10.0
 84 61 22  1 1 0.130190 10.0
 84 61 23  1 1 0.137650 10.0
 84 61 24  1 1 0.142450 10.0
 84 61 25  1 1 0.140610 10.0
 84 61 26  1 1 0.124030 10.0
 84 61 27  1 1 0.100230 10.0
 84 61 28  1 1 0.094350 10.0
 84 62 17  1 1 0.018110 10.0
 84 62 18  1 1 0.082850 10.0
 84 62 19  1 1 0.091700 10.0
 84 62 20  1 1 0.081370 10.0
 84 62 21  1 1 0.065610 10.0
 84 62 22  1 1 0.074530 10.0
 84 62 23  1 1 0.100810 10.0
 84 62 24  1 1 0.122290 10.0
 84 62 25  1 1 0.129050 10.0
 84 62 26  1 1 0.112930 10.0
 84 62 27  1 1 0.097770 10.0
 84 72 17  1 1 0.006500 10.0
 84 72 18  1 1 0.029010 10.0
 84 72 19  1 1 0.043570 10.0
 84 73 15  1 1 0.007120 10.0
 84 73 16  1 1 0.020500 10.0
 84 73 17  1 1 0.030960 10.0
 84 73 18  1 1 0.043190 10.0
 84 73 19  1 1 0.046500 10.0
 84 73 20  1 1 0.006620 10.0
 84 74 17  1 1 0.014440 10.0
 84 74 18  1 1 0.039050 10.0
 84 74 19  1 1 0.052510 10.0
 84 74 20  1 1 0.046590 10.0
 84 74 21  1 1 0.045230 10.0
 84 75 20  1 1 0.005760 10.0
 84 75 21  1 1 0.052410 10.0
 84 75 22  1 1 0.076830 10.0
 84 76 21  1 1 0.048910 10.0
 85 49 15  1 1 0.026220 10.0
 85 49 16  1 1 0.065810 10.0
 85 49 17  1 1 0.099380 10.0
 85 49 18  1 1 0.123240 10.0
 85 49 19  1 1 0.132160 10.0
 85 49 20  1 1 0.126650 10.0
 85 49 21  1 1 0.103860 10.0
 85 50 13  1 1 0.007080 10.0
 85 50 14  1 1 0.046270 10.0
 85 50 15  1 1 0.073780 10.0
 85 50 16  1 1 0.098640 10.0
 85 50 17  1 1 0.117800 10.0
 85 50 18  1 1 0.131780 10.0
 85 50 19  1 1 0.143210 10.0
 85 50 20  1 1 0.153180 10.0
 85 50 21  1 1 0.160120 10.0
 85 50 22  1 1 0.153160 10.0
 85 50 23  1 1 0.108420 10.0
 85 50 24  1 1 0.037350 10.0
 85 51 13  1 1 0.030550 10.0
 85 51 14  1 1 0.074130 10.0
 85 51 15  1 1 0.098290 10.0
 85 51 16  1 1 0.115980 10.0
 85 51 17  1 1 0.129500 10.0
 85 51 18  1 1 0.138870 10.0
 85 51 19  1 1 0.144990 10.0
 85 51 20  1 1 0.149690 10.0
 85 51 21  1 1 0.154130 10.0
 85 51 22  1 1 0.157890 10.0
 85 51 23  1 1 0.162100 10.0
 85 51 24  1 1 0.162030 10.0
 85 51 25  1 1 0.142500 10.0
 85 51 26  1 1 0.076240 10.0
 85 52 13  1 1 0.034850 10.0
 85 52 14  1 1 0.071680 10.0
 85 52 15  1 1 0.093230 10.0
 85 52 16  1 1 0.110440 10.0
 85 52 17  1 1 0.126040 10.0
 85 52 18  1 1 0.137890 10.0
 85 52 19  1 1 0.147390 10.0
 85 52 20  1 1 0.154520 10.0
 85 52 21  1 1 0.157030 10.0
 85 52 22  1 1 0.155410 10.0
 85 52 23  1 1 0.155840 10.0
 85 52 24  1 1 0.160190 10.0
 85 52 25  1 1 0.164230 10.0
 85 52 26  1 1 0.162820 10.0
 85 52 27  1 1 0.144210 10.0
 85 52 28  1 1 0.080650 10.0
 85 53 13  1 1 0.017890 10.0
 85 53 14  1 1 0.052740 10.0
 85 53 15  1 1 0.075930 10.0
 85 53 16  1 1 0.098300 10.0
 85 53 17  1 1 0.118230 10.0
 85 53 18  1 1 0.132590 10.0
 85 53 19  1 1 0.141560 10.0
 85 53 20  1 1 0.145190 10.0
 85 53 21  1 1 0.144970 10.0
 85 53 22  1 1 0.140320 10.0
 85 53 23  1 1 0.135490 10.0
 85 53 24  1 1 0.141760 10.0
 85 53 25  1 1 0.151740 10.0
 85 53 26  1 1 0.158930 10.0
 85 53 27  1 1 0.156250 10.0
 85 53 28  1 1 0.138130 10.0
 85 53 29  1 1 0.081520 10.0
 85 54 14  1 1 0.031510 10.0
 85 54 15  1 1 0.062580 10.0
 85 54 16  1 1 0.088120 10.0
 85 54 17  1 1 0.105640 10.0
 85 54 18  1 1 0.118610 10.0
 85 54 19  1 1 0.126260 10.0
 85 54 20  1 1 0.130370 10.0
 85 54 21  1 1 0.131300 10.0
 85 54 22  1 1 0.124490 10.0
 85 54 23  1 1 0.115340 10.0
 85 54 24  1 1 0.121570 10.0
 85 54 25  1 1 0.133630 10.0
 85 54 26  1 1 0.145500 10.0
 85 54 27  1 1 0.150370 10.0
 85 54 28  1 1 0.138530 10.0
 85 54 29  1 1 0.117390 10.0
 85 55 5  1 1 0.002590 10.0
 85 55 6  1 1 0.001650 10.0
 85 55 9  1 1 0.019630 10.0
 85 55 10  1 1 0.025060 10.0
 85 55 15  1 1 0.041280 10.0
 85 55 16  1 1 0.068410 10.0
 85 55 17  1 1 0.088530 10.0
 85 55 18  1 1 0.101780 10.0
 85 55 19  1 1 0.110510 10.0
 85 55 20  1 1 0.118310 10.0
 85 55 21  1 1 0.122200 10.0
 85 55 22  1 1 0.115970 10.0
 85 55 23  1 1 0.105210 10.0
 85 55 24  1 1 0.098490 10.0
 85 55 25  1 1 0.103640 10.0
 85 55 26  1 1 0.118600 10.0
 85 55 27  1 1 0.141840 10.0
 85 55 28  1 1 0.142390 10.0
 85 56 4  1 1 0.001890 10.0
 85 56 5  1 1 0.027140 10.0
 85 56 6  1 1 0.041790 10.0
 85 56 7  1 1 0.055820 10.0
 85 56 8  1 1 0.068310 10.0
 85 56 9  1 1 0.077320 10.0
 85 56 10  1 1 0.081000 10.0
 85 56 11  1 1 0.071530 10.0
 85 56 12  1 1 0.035570 10.0
 85 56 16  1 1 0.051790 10.0
 85 56 17  1 1 0.077960 10.0
 85 56 18  1 1 0.092570 10.0
 85 56 19  1 1 0.103270 10.0
 85 56 20  1 1 0.112210 10.0
 85 56 21  1 1 0.115760 10.0
 85 56 22  1 1 0.104260 10.0
 85 56 23  1 1 0.074850 10.0
 85 56 24  1 1 0.035900 10.0
 85 57 4  1 1 0.005920 10.0
 85 57 5  1 1 0.027460 10.0
 85 57 6  1 1 0.040160 10.0
 85 57 7  1 1 0.049950 10.0
 85 57 8  1 1 0.057970 10.0
 85 57 9  1 1 0.064580 10.0
 85 57 10  1 1 0.069650 10.0
 85 57 11  1 1 0.070570 10.0
 85 57 12  1 1 0.063740 10.0
 85 57 13  1 1 0.038060 10.0
 85 57 15  1 1 0.016140 10.0
 85 57 16  1 1 0.066290 10.0
 85 57 17  1 1 0.087540 10.0
 85 57 18  1 1 0.096600 10.0
 85 57 19  1 1 0.103640 10.0
 85 57 20  1 1 0.108460 10.0
 85 57 21  1 1 0.099300 10.0
 85 57 22  1 1 0.058810 10.0
 85 58 4  1 1 0.002550 10.0
 85 58 5  1 1 0.017260 10.0
 85 58 6  1 1 0.025030 10.0
 85 58 7  1 1 0.035110 10.0
 85 58 8  1 1 0.044940 10.0
 85 58 9  1 1 0.052990 10.0
 85 58 10  1 1 0.057660 10.0
 85 58 11  1 1 0.058390 10.0
 85 58 12  1 1 0.041840 10.0
 85 58 15  1 1 0.008310 10.0
 85 58 16  1 1 0.061040 10.0
 85 58 17  1 1 0.069250 10.0
 85 58 18  1 1 0.081420 10.0
 85 58 19  1 1 0.097520 10.0
 85 58 20  1 1 0.104360 10.0
 85 58 21  1 1 0.086850 10.0
 85 58 22  1 1 0.027570 10.0
 85 59 17  1 1 0.020240 10.0
 85 59 18  1 1 0.047050 10.0
 85 59 19  1 1 0.075490 10.0
 85 59 20  1 1 0.098360 10.0
 85 59 21  1 1 0.109920 10.0
 85 59 22  1 1 0.113030 10.0
 85 59 23  1 1 0.102090 10.0
 85 59 24  1 1 0.061470 10.0
 85 60 18  1 1 0.040240 10.0
 85 60 19  1 1 0.068350 10.0
 85 60 20  1 1 0.092340 10.0
 85 60 21  1 1 0.110610 10.0
 85 60 22  1 1 0.123030 10.0
 85 60 23  1 1 0.129060 10.0
 85 60 24  1 1 0.123960 10.0
 85 60 25  1 1 0.115110 10.0
 85 61 17  1 1 0.016590 10.0
 85 61 18  1 1 0.060140 10.0
 85 61 19  1 1 0.092780 10.0
 85 61 20  1 1 0.108600 10.0
 85 61 21  1 1 0.117870 10.0
 85 61 22  1 1 0.127260 10.0
 85 61 23  1 1 0.137480 10.0
 85 61 24  1 1 0.144370 10.0
 85 61 25  1 1 0.144500 10.0
 85 61 26  1 1 0.130980 10.0
 85 61 27  1 1 0.113100 10.0
 85 62 17  1 1 0.016590 10.0
 85 62 18  1 1 0.074290 10.0
 85 62 19  1 1 0.097020 10.0
 85 62 20  1 1 0.089430 10.0
 85 62 21  1 1 0.066650 10.0
 85 62 22  1 1 0.057670 10.0
 85 62 23  1 1 0.070560 10.0
 85 62 24  1 1 0.093220 10.0
 85 62 25  1 1 0.094290 10.0
 85 62 26  1 1 0.071720 10.0
 85 63 18  1 1 0.035780 10.0
 85 63 19  1 1 0.041640 10.0
 85 63 20  1 1 0.003620 10.0
 86 48 18  1 1 0.024450 10.0
 86 48 19  1 1 0.021640 10.0
 86 49 16  1 1 0.030090 10.0
 86 49 17  1 1 0.075310 10.0
 86 49 18  1 1 0.110670 10.0
 86 49 19  1 1 0.124950 10.0
 86 49 20  1 1 0.114140 10.0
 86 49 21  1 1 0.033920 10.0
 86 50 13  1 1 0.024060 10.0
 86 50 14  1 1 0.047170 10.0
 86 50 15  1 1 0.068760 10.0
 86 50 16  1 1 0.088630 10.0
 86 50 17  1 1 0.107770 10.0
 86 50 18  1 1 0.121400 10.0
 86 50 19  1 1 0.136950 10.0
 86 50 20  1 1 0.152030 10.0
 86 50 21  1 1 0.161870 10.0
 86 50 22  1 1 0.144900 10.0
 86 50 23  1 1 0.093630 10.0
 86 50 24  1 1 0.021400 10.0
 86 51 12  1 1 0.012180 10.0
 86 51 13  1 1 0.064990 10.0
 86 51 14  1 1 0.092540 10.0
 86 51 15  1 1 0.110820 10.0
 86 51 16  1 1 0.123070 10.0
 86 51 17  1 1 0.131860 10.0
 86 51 18  1 1 0.138200 10.0
 86 51 19  1 1 0.141400 10.0
 86 51 20  1 1 0.142450 10.0
 86 51 21  1 1 0.146080 10.0
 86 51 22  1 1 0.154620 10.0
 86 51 23  1 1 0.164650 10.0
 86 51 24  1 1 0.165200 10.0
 86 51 25  1 1 0.142800 10.0
 86 51 26  1 1 0.043960 10.0
 86 52 13  1 1 0.046270 10.0
 86 52 14  1 1 0.085500 10.0
 86 52 15  1 1 0.109050 10.0
 86 52 16  1 1 0.122790 10.0
 86 52 17  1 1 0.131540 10.0
 86 52 18  1 1 0.136590 10.0
 86 52 19  1 1 0.142140 10.0
 86 52 20  1 1 0.148370 10.0
 86 52 21  1 1 0.151100 10.0
 86 52 22  1 1 0.145510 10.0
 86 52 23  1 1 0.139700 10.0
 86 52 24  1 1 0.145030 10.0
 86 52 25  1 1 0.153490 10.0
 86 52 26  1 1 0.152400 10.0
 86 52 27  1 1 0.131440 10.0
 86 53 13  1 1 0.026420 10.0
 86 53 14  1 1 0.060980 10.0
 86 53 15  1 1 0.087980 10.0
 86 53 16  1 1 0.106810 10.0
 86 53 17  1 1 0.119640 10.0
 86 53 18  1 1 0.126760 10.0
 86 53 19  1 1 0.130460 10.0
 86 53 20  1 1 0.132160 10.0
 86 53 21  1 1 0.128940 10.0
 86 53 22  1 1 0.113520 10.0
 86 53 23  1 1 0.095400 10.0
 86 53 24  1 1 0.107410 10.0
 86 53 25  1 1 0.135600 10.0
 86 53 26  1 1 0.147290 10.0
 86 53 27  1 1 0.145430 10.0
 86 53 28  1 1 0.136760 10.0
 86 54 13  1 1 0.009750 10.0
 86 54 14  1 1 0.040000 10.0
 86 54 15  1 1 0.063130 10.0
 86 54 16  1 1 0.083860 10.0
 86 54 17  1 1 0.099840 10.0
 86 54 18  1 1 0.111060 10.0
 86 54 19  1 1 0.118880 10.0
 86 54 20  1 1 0.124510 10.0
 86 54 21  1 1 0.119520 10.0
 86 54 22  1 1 0.086450 10.0
 86 54 23  1 1 0.040320 10.0
 86 54 24  1 1 0.067650 10.0
 86 54 25  1 1 0.116720 10.0
 86 54 26  1 1 0.138090 10.0
 86 54 27  1 1 0.142390 10.0
 86 54 28  1 1 0.125220 10.0
 86 54 29  1 1 0.020240 10.0
 86 55 5  1 1 0.003950 10.0
 86 55 6  1 1 0.011770 10.0
 86 55 14  1 1 0.016670 10.0
 86 55 15  1 1 0.040850 10.0
 86 55 16  1 1 0.060300 10.0
 86 55 17  1 1 0.077150 10.0
 86 55 18  1 1 0.092190 10.0
 86 55 19  1 1 0.105400 10.0
 86 55 20  1 1 0.114720 10.0
 86 55 21  1 1 0.107070 10.0
 86 55 22  1 1 0.060970 10.0
 86 55 24  1 1 0.022770 10.0
 86 55 25  1 1 0.063990 10.0
 86 55 26  1 1 0.108890 10.0
 86 55 27  1 1 0.127740 10.0
 86 55 28  1 1 0.115130 10.0
 86 56 4  1 1 0.006380 10.0
 86 56 5  1 1 0.025920 10.0
 86 56 6  1 1 0.035240 10.0
 86 56 7  1 1 0.039260 10.0
 86 56 8  1 1 0.046670 10.0
 86 56 9  1 1 0.059130 10.0
 86 56 10  1 1 0.073850 10.0
 86 56 11  1 1 0.076730 10.0
 86 56 12  1 1 0.057250 10.0
 86 56 13  1 1 0.009500 10.0
 86 56 15  1 1 0.002510 10.0
 86 56 16  1 1 0.035860 10.0
 86 56 17  1 1 0.059160 10.0
 86 56 18  1 1 0.078340 10.0
 86 56 19  1 1 0.096560 10.0
 86 56 20  1 1 0.107980 10.0
 86 56 21  1 1 0.103150 10.0
 86 56 22  1 1 0.060020 10.0
 86 57 4  1 1 0.014030 10.0
 86 57 5  1 1 0.029300 10.0
 86 57 6  1 1 0.037620 10.0
 86 57 7  1 1 0.047450 10.0
 86 57 8  1 1 0.057650 10.0
 86 57 9  1 1 0.067780 10.0
 86 57 10  1 1 0.078280 10.0
 86 57 11  1 1 0.086680 10.0
 86 57 12  1 1 0.089570 10.0
 86 57 13  1 1 0.081500 10.0
 86 57 14  1 1 0.059960 10.0
 86 57 15  1 1 0.045180 10.0
 86 57 16  1 1 0.052270 10.0
 86 57 17  1 1 0.070940 10.0
 86 57 18  1 1 0.083200 10.0
 86 57 19  1 1 0.095710 10.0
 86 57 20  1 1 0.102960 10.0
 86 57 21  1 1 0.083370 10.0
 86 57 22  1 1 0.039300 10.0
 86 58 4  1 1 0.005270 10.0
 86 58 5  1 1 0.023750 10.0
 86 58 6  1 1 0.029720 10.0
 86 58 7  1 1 0.034370 10.0
 86 58 8  1 1 0.036930 10.0
 86 58 9  1 1 0.045640 10.0
 86 58 10  1 1 0.058740 10.0
 86 58 11  1 1 0.070030 10.0
 86 58 12  1 1 0.076310 10.0
 86 58 13  1 1 0.072230 10.0
 86 58 14  1 1 0.058540 10.0
 86 58 15  1 1 0.052370 10.0
 86 58 16  1 1 0.057970 10.0
 86 58 17  1 1 0.065500 10.0
 86 58 18  1 1 0.077120 10.0
 86 58 19  1 1 0.093910 10.0
 86 58 20  1 1 0.103510 10.0
 86 58 21  1 1 0.093320 10.0
 86 58 22  1 1 0.057650 10.0
 86 58 23  1 1 0.032720 10.0
 86 58 24  1 1 0.038530 10.0
 86 59 12  1 1 0.014650 10.0
 86 59 13  1 1 0.028230 10.0
 86 59 14  1 1 0.036920 10.0
 86 59 15  1 1 0.045500 10.0
 86 59 16  1 1 0.051860 10.0
 86 59 17  1 1 0.057970 10.0
 86 59 18  1 1 0.069140 10.0
 86 59 19  1 1 0.083490 10.0
 86 59 20  1 1 0.100710 10.0
 86 59 21  1 1 0.115570 10.0
 86 59 22  1 1 0.127150 10.0
 86 59 23  1 1 0.134120 10.0
 86 59 24  1 1 0.122620 10.0
 86 59 25  1 1 0.071490 10.0
 86 60 17  1 1 0.032940 10.0
 86 60 18  1 1 0.058390 10.0
 86 60 19  1 1 0.081120 10.0
 86 60 20  1 1 0.098700 10.0
 86 60 21  1 1 0.114110 10.0
 86 60 22  1 1 0.129360 10.0
 86 60 23  1 1 0.137470 10.0
 86 60 24  1 1 0.131510 10.0
 86 60 25  1 1 0.096400 10.0
 86 61 17  1 1 0.040420 10.0
 86 61 18  1 1 0.073690 10.0
 86 61 19  1 1 0.101190 10.0
 86 61 20  1 1 0.117940 10.0
 86 61 21  1 1 0.129120 10.0
 86 61 22  1 1 0.139580 10.0
 86 61 23  1 1 0.147710 10.0
 86 61 24  1 1 0.150370 10.0
 86 61 25  1 1 0.142470 10.0
 86 61 26  1 1 0.100390 10.0
 86 61 27  1 1 0.083850 10.0
 86 62 17  1 1 0.034140 10.0
 86 62 18  1 1 0.074090 10.0
 86 62 19  1 1 0.104550 10.0
 86 62 20  1 1 0.120270 10.0
 86 62 21  1 1 0.119140 10.0
 86 62 22  1 1 0.109150 10.0
 86 62 23  1 1 0.104440 10.0
 86 62 24  1 1 0.097890 10.0
 86 62 25  1 1 0.069520 10.0
 86 62 26  1 1 0.015140 10.0
 86 63 17  1 1 0.018250 10.0
 86 63 18  1 1 0.054510 10.0
 86 63 19  1 1 0.089420 10.0
 86 63 20  1 1 0.127970 10.0
 86 63 21  1 1 0.097940 10.0
 86 64 19  1 1 0.021250 10.0
 86 64 20  1 1 0.016010 10.0
 86 65 4  1 1 0.021930 10.0
 87 49 18  1 1 0.022290 10.0
 87 49 19  1 1 0.057870 10.0
 87 49 20  1 1 0.054390 10.0
 87 50 11  1 1 0.016950 10.0
 87 50 12  1 1 0.031190 10.0
 87 50 13  1 1 0.039090 10.0
 87 50 14  1 1 0.042240 10.0
 87 50 15  1 1 0.044990 10.0
 87 50 16  1 1 0.053280 10.0
 87 50 17  1 1 0.070180 10.0
 87 50 18  1 1 0.091400 10.0
 87 50 19  1 1 0.116670 10.0
 87 50 20  1 1 0.141770 10.0
 87 50 21  1 1 0.151560 10.0
 87 50 22  1 1 0.131240 10.0
 87 50 23  1 1 0.084770 10.0
 87 50 24  1 1 0.032180 10.0
 87 51 11  1 1 0.021530 10.0
 87 51 12  1 1 0.064260 10.0
 87 51 13  1 1 0.088670 10.0
 87 51 14  1 1 0.104630 10.0
 87 51 15  1 1 0.114530 10.0
 87 51 16  1 1 0.119760 10.0
 87 51 17  1 1 0.125340 10.0
 87 51 18  1 1 0.133320 10.0
 87 51 19  1 1 0.140790 10.0
 87 51 20  1 1 0.144910 10.0
 87 51 21  1 1 0.148480 10.0
 87 51 22  1 1 0.155370 10.0
 87 51 23  1 1 0.162790 10.0
 87 51 24  1 1 0.159920 10.0
 87 51 25  1 1 0.141090 10.0
 87 52 12  1 1 0.040110 10.0
 87 52 13  1 1 0.072510 10.0
 87 52 14  1 1 0.093050 10.0
 87 52 15  1 1 0.106660 10.0
 87 52 16  1 1 0.117230 10.0
 87 52 17  1 1 0.125750 10.0
 87 52 18  1 1 0.133310 10.0
 87 52 19  1 1 0.140890 10.0
 87 52 20  1 1 0.146200 10.0
 87 52 21  1 1 0.143680 10.0
 87 52 22  1 1 0.128410 10.0
 87 52 23  1 1 0.119760 10.0
 87 52 24  1 1 0.129040 10.0
 87 52 25  1 1 0.139940 10.0
 87 52 26  1 1 0.133030 10.0
 87 52 27  1 1 0.060690 10.0
 87 53 12  1 1 0.017930 10.0
 87 53 13  1 1 0.045460 10.0
 87 53 14  1 1 0.070820 10.0
 87 53 15  1 1 0.088930 10.0
 87 53 16  1 1 0.102720 10.0
 87 53 17  1 1 0.112990 10.0
 87 53 18  1 1 0.120860 10.0
 87 53 19  1 1 0.127620 10.0
 87 53 20  1 1 0.130750 10.0
 87 53 21  1 1 0.121990 10.0
 87 53 22  1 1 0.090670 10.0
 87 53 23  1 1 0.065300 10.0
 87 53 24  1 1 0.079390 10.0
 87 53 25  1 1 0.115950 10.0
 87 53 26  1 1 0.128990 10.0
 87 53 27  1 1 0.121350 10.0
 87 54 6  1 1 0.024570 10.0
 87 54 7  1 1 0.034680 10.0
 87 54 8  1 1 0.033070 10.0
 87 54 9  1 1 0.017410 10.0
 87 54 12  1 1 0.018350 10.0
 87 54 13  1 1 0.037380 10.0
 87 54 14  1 1 0.055390 10.0
 87 54 15  1 1 0.072140 10.0
 87 54 16  1 1 0.086930 10.0
 87 54 17  1 1 0.099610 10.0
 87 54 18  1 1 0.110030 10.0
 87 54 19  1 1 0.120520 10.0
 87 54 20  1 1 0.125220 10.0
 87 54 21  1 1 0.109820 10.0
 87 54 22  1 1 0.051600 10.0
 87 54 24  1 1 0.017220 10.0
 87 54 25  1 1 0.095510 10.0
 87 54 26  1 1 0.121760 10.0
 87 54 27  1 1 0.123670 10.0
 87 54 28  1 1 0.105890 10.0
 87 55 5  1 1 0.025410 10.0
 87 55 6  1 1 0.037880 10.0
 87 55 7  1 1 0.038800 10.0
 87 55 8  1 1 0.028290 10.0
 87 55 9  1 1 0.008720 10.0
 87 55 10  1 1 0.000660 10.0
 87 55 11  1 1 0.003000 10.0
 87 55 12  1 1 0.011150 10.0
 87 55 13  1 1 0.024380 10.0
 87 55 14  1 1 0.039200 10.0
 87 55 15  1 1 0.054370 10.0
 87 55 16  1 1 0.067170 10.0
 87 55 17  1 1 0.081340 10.0
 87 55 18  1 1 0.095550 10.0
 87 55 19  1 1 0.111590 10.0
 87 55 20  1 1 0.118850 10.0
 87 55 21  1 1 0.097850 10.0
 87 55 22  1 1 0.033950 10.0
 87 55 26  1 1 0.066060 10.0
 87 55 27  1 1 0.061410 10.0
 87 56 4  1 1 0.019060 10.0
 87 56 5  1 1 0.033920 10.0
 87 56 6  1 1 0.040310 10.0
 87 56 7  1 1 0.037780 10.0
 87 56 8  1 1 0.026150 10.0
 87 56 9  1 1 0.023560 10.0
 87 56 10  1 1 0.035780 10.0
 87 56 11  1 1 0.048590 10.0
 87 56 12  1 1 0.047890 10.0
 87 56 13  1 1 0.032320 10.0
 87 56 14  1 1 0.026930 10.0
 87 56 15  1 1 0.031730 10.0
 87 56 16  1 1 0.041690 10.0
 87 56 17  1 1 0.056280 10.0
 87 56 18  1 1 0.072480 10.0
 87 56 19  1 1 0.096320 10.0
 87 56 20  1 1 0.111020 10.0
 87 56 21  1 1 0.104610 10.0
 87 56 22  1 1 0.061630 10.0
 87 57 4  1 1 0.021120 10.0
 87 57 5  1 1 0.033780 10.0
 87 57 6  1 1 0.038730 10.0
 87 57 7  1 1 0.038500 10.0
 87 57 8  1 1 0.043490 10.0
 87 57 9  1 1 0.053230 10.0
 87 57 10  1 1 0.065520 10.0
 87 57 11  1 1 0.078460 10.0
 87 57 12  1 1 0.087020 10.0
 87 57 13  1 1 0.082260 10.0
 87 57 14  1 1 0.064910 10.0
 87 57 15  1 1 0.052920 10.0
 87 57 16  1 1 0.050890 10.0
 87 57 17  1 1 0.059070 10.0
 87 57 18  1 1 0.068410 10.0
 87 57 19  1 1 0.090290 10.0
 87 57 20  1 1 0.108740 10.0
 87 57 21  1 1 0.107220 10.0
 87 57 22  1 1 0.090720 10.0
 87 57 23  1 1 0.102740 10.0
 87 57 24  1 1 0.119010 10.0
 87 57 25  1 1 0.049780 10.0
 87 58 4  1 1 0.021020 10.0
 87 58 5  1 1 0.032910 10.0
 87 58 6  1 1 0.039470 10.0
 87 58 7  1 1 0.043600 10.0
 87 58 8  1 1 0.048660 10.0
 87 58 9  1 1 0.056990 10.0
 87 58 10  1 1 0.067040 10.0
 87 58 11  1 1 0.077730 10.0
 87 58 12  1 1 0.087240 10.0
 87 58 13  1 1 0.093650 10.0
 87 58 14  1 1 0.095210 10.0
 87 58 15  1 1 0.093710 10.0
 87 58 16  1 1 0.088720 10.0
 87 58 17  1 1 0.086250 10.0
 87 58 18  1 1 0.087590 10.0
 87 58 19  1 1 0.097430 10.0
 87 58 20  1 1 0.111670 10.0
 87 58 21  1 1 0.116390 10.0
 87 58 22  1 1 0.113500 10.0
 87 58 23  1 1 0.131990 10.0
 87 58 24  1 1 0.143920 10.0
 87 58 25  1 1 0.136110 10.0
 87 59 3  1 1 0.003040 10.0
 87 59 4  1 1 0.022550 10.0
 87 59 5  1 1 0.024420 10.0
 87 59 11  1 1 0.030070 10.0
 87 59 12  1 1 0.055650 10.0
 87 59 13  1 1 0.070570 10.0
 87 59 14  1 1 0.080500 10.0
 87 59 15  1 1 0.086570 10.0
 87 59 16  1 1 0.089250 10.0
 87 59 17  1 1 0.092650 10.0
 87 59 18  1 1 0.098530 10.0
 87 59 19  1 1 0.105750 10.0
 87 59 20  1 1 0.117540 10.0
 87 59 21  1 1 0.133110 10.0
 87 59 22  1 1 0.146300 10.0
 87 59 23  1 1 0.153810 10.0
 87 59 24  1 1 0.150080 10.0
 87 59 25  1 1 0.137260 10.0
 87 59 26  1 1 0.114220 10.0
 87 60 4  1 1 0.005800 10.0
 87 60 15  1 1 0.026000 10.0
 87 60 16  1 1 0.045890 10.0
 87 60 17  1 1 0.063620 10.0
 87 60 18  1 1 0.080720 10.0
 87 60 19  1 1 0.096400 10.0
 87 60 20  1 1 0.110700 10.0
 87 60 21  1 1 0.124990 10.0
 87 60 22  1 1 0.140440 10.0
 87 60 23  1 1 0.147810 10.0
 87 60 24  1 1 0.141400 10.0
 87 60 25  1 1 0.109050 10.0
 87 60 26  1 1 0.028290 10.0
 87 61 13  1 1 0.021470 10.0
 87 61 14  1 1 0.041500 10.0
 87 61 15  1 1 0.056880 10.0
 87 61 16  1 1 0.069560 10.0
 87 61 17  1 1 0.084600 10.0
 87 61 18  1 1 0.100940 10.0
 87 61 19  1 1 0.115150 10.0
 87 61 20  1 1 0.126340 10.0
 87 61 21  1 1 0.135170 10.0
 87 61 22  1 1 0.143810 10.0
 87 61 23  1 1 0.151060 10.0
 87 61 24  1 1 0.151000 10.0
 87 61 25  1 1 0.142500 10.0
 87 62 10  1 1 0.004320 10.0
 87 62 11  1 1 0.026860 10.0
 87 62 12  1 1 0.037780 10.0
 87 62 13  1 1 0.044970 10.0
 87 62 14  1 1 0.047680 10.0
 87 62 15  1 1 0.050000 10.0
 87 62 16  1 1 0.058480 10.0
 87 62 17  1 1 0.074060 10.0
 87 62 18  1 1 0.091250 10.0
 87 62 19  1 1 0.108110 10.0
 87 62 20  1 1 0.118510 10.0
 87 62 21  1 1 0.109360 10.0
 87 62 22  1 1 0.094870 10.0
 87 62 23  1 1 0.115260 10.0
 87 62 24  1 1 0.112490 10.0
 87 63 11  1 1 0.006750 10.0
 87 63 12  1 1 0.025140 10.0
 87 63 13  1 1 0.030600 10.0
 87 63 14  1 1 0.029190 10.0
 87 63 15  1 1 0.029220 10.0
 87 63 16  1 1 0.038390 10.0
 87 63 17  1 1 0.049940 10.0
 87 63 18  1 1 0.068410 10.0
 87 63 19  1 1 0.091370 10.0
 87 63 20  1 1 0.101890 10.0
 87 63 21  1 1 0.081780 10.0
 87 63 22  1 1 0.010530 10.0
 87 64 12  1 1 0.020340 10.0
 87 64 13  1 1 0.030840 10.0
 87 64 14  1 1 0.033910 10.0
 87 64 15  1 1 0.025440 10.0
 87 64 16  1 1 0.012920 10.0
 87 64 17  1 1 0.028320 10.0
 87 64 18  1 1 0.063020 10.0
 87 64 19  1 1 0.087770 10.0
 87 64 20  1 1 0.083140 10.0
 87 64 21  1 1 0.039520 10.0
 87 65 4  1 1 0.023060 10.0
 87 65 5  1 1 0.021770 10.0
 87 68 19  1 1 0.003040 10.0
 87 68 20  1 1 0.027730 10.0
 87 68 21  1 1 0.035650 10.0
 87 69 16  1 1 0.014400 10.0
 87 69 17  1 1 0.049610 10.0
 87 69 18  1 1 0.067030 10.0
 87 69 19  1 1 0.075840 10.0
 87 69 20  1 1 0.067100 10.0
 87 69 21  1 1 0.030600 10.0
 87 70 17  1 1 0.010120 10.0
 87 70 18  1 1 0.049480 10.0
 87 70 19  1 1 0.056640 10.0
 87 70 20  1 1 0.036780 10.0
 88 50 10  1 1 0.026490 10.0
 88 50 11  1 1 0.057950 10.0
 88 50 12  1 1 0.067540 10.0
 88 50 13  1 1 0.071170 10.0
 88 50 14  1 1 0.065170 10.0
 88 50 15  1 1 0.044660 10.0
 88 50 16  1 1 0.024970 10.0
 88 50 17  1 1 0.027140 10.0
 88 50 18  1 1 0.040340 10.0
 88 50 19  1 1 0.058310 10.0
 88 50 20  1 1 0.072340 10.0
 88 50 21  1 1 0.071040 10.0
 88 50 22  1 1 0.014400 10.0
 88 51 11  1 1 0.051560 10.0
 88 51 12  1 1 0.074920 10.0
 88 51 13  1 1 0.088440 10.0
 88 51 14  1 1 0.098560 10.0
 88 51 15  1 1 0.106100 10.0
 88 51 16  1 1 0.108710 10.0
 88 51 17  1 1 0.111250 10.0
 88 51 18  1 1 0.119930 10.0
 88 51 19  1 1 0.130770 10.0
 88 51 20  1 1 0.135920 10.0
 88 51 21  1 1 0.138380 10.0
 88 51 22  1 1 0.142040 10.0
 88 51 23  1 1 0.142620 10.0
 88 51 24  1 1 0.130980 10.0
 88 52 11  1 1 0.023490 10.0
 88 52 12  1 1 0.051170 10.0
 88 52 13  1 1 0.069720 10.0
 88 52 14  1 1 0.084890 10.0
 88 52 15  1 1 0.098420 10.0
 88 52 16  1 1 0.110740 10.0
 88 52 17  1 1 0.122180 10.0
 88 52 18  1 1 0.131880 10.0
 88 52 19  1 1 0.137760 10.0
 88 52 20  1 1 0.137300 10.0
 88 52 21  1 1 0.125570 10.0
 88 52 22  1 1 0.105800 10.0
 88 52 23  1 1 0.102610 10.0
 88 52 24  1 1 0.114200 10.0
 88 52 25  1 1 0.125570 10.0
 88 52 26  1 1 0.089950 10.0
 88 53 6  1 1 0.016790 10.0
 88 53 7  1 1 0.024310 10.0
 88 53 8  1 1 0.024420 10.0
 88 53 9  1 1 0.016910 10.0
 88 53 10  1 1 0.014400 10.0
 88 53 11  1 1 0.024420 10.0
 88 53 12  1 1 0.039440 10.0
 88 53 13  1 1 0.055900 10.0
 88 53 14  1 1 0.072150 10.0
 88 53 15  1 1 0.086210 10.0
 88 53 16  1 1 0.099100 10.0
 88 53 17  1 1 0.111630 10.0
 88 53 18  1 1 0.123900 10.0
 88 53 19  1 1 0.131500 10.0
 88 53 20  1 1 0.127770 10.0
 88 53 21  1 1 0.099470 10.0
 88 53 22  1 1 0.045550 10.0
 88 53 23  1 1 0.018790 10.0
 88 53 24  1 1 0.042730 10.0
 88 53 25  1 1 0.091730 10.0
 88 53 26  1 1 0.104410 10.0
 88 53 27  1 1 0.008150 10.0
 88 54 5  1 1 0.027540 10.0
 88 54 6  1 1 0.041940 10.0
 88 54 7  1 1 0.051520 10.0
 88 54 8  1 1 0.054190 10.0
 88 54 9  1 1 0.048030 10.0
 88 54 10  1 1 0.040990 10.0
 88 54 11  1 1 0.040050 10.0
 88 54 12  1 1 0.046030 10.0
 88 54 13  1 1 0.056100 10.0
 88 54 14  1 1 0.067720 10.0
 88 54 15  1 1 0.080750 10.0
 88 54 16  1 1 0.093620 10.0
 88 54 17  1 1 0.106070 10.0
 88 54 18  1 1 0.117850 10.0
 88 54 19  1 1 0.127110 10.0
 88 54 20  1 1 0.124830 10.0
 88 54 21  1 1 0.092870 10.0
 88 54 22  1 1 0.027500 10.0
 88 54 25  1 1 0.024210 10.0
 88 54 26  1 1 0.084720 10.0
 88 54 27  1 1 0.113260 10.0
 88 55 4  1 1 0.014030 10.0
 88 55 5  1 1 0.036780 10.0
 88 55 6  1 1 0.050290 10.0
 88 55 7  1 1 0.057210 10.0
 88 55 8  1 1 0.056240 10.0
 88 55 9  1 1 0.047430 10.0
 88 55 10  1 1 0.036100 10.0
 88 55 11  1 1 0.030340 10.0
 88 55 12  1 1 0.033790 10.0
 88 55 13  1 1 0.043720 10.0
 88 55 14  1 1 0.056950 10.0
 88 55 15  1 1 0.070290 10.0
 88 55 16  1 1 0.082850 10.0
 88 55 17  1 1 0.096940 10.0
 88 55 18  1 1 0.111080 10.0
 88 55 19  1 1 0.126190 10.0
 88 55 20  1 1 0.132660 10.0
 88 55 21  1 1 0.122450 10.0
 88 55 22  1 1 0.099570 10.0
 88 55 23  1 1 0.079780 10.0
 88 55 24  1 1 0.041200 10.0
 88 56 4  1 1 0.025380 10.0
 88 56 5  1 1 0.040800 10.0
 88 56 6  1 1 0.050780 10.0
 88 56 7  1 1 0.054000 10.0
 88 56 8  1 1 0.049910 10.0
 88 56 9  1 1 0.041230 10.0
 88 56 10  1 1 0.036580 10.0
 88 56 11  1 1 0.037620 10.0
 88 56 12  1 1 0.041390 10.0
 88 56 13  1 1 0.046810 10.0
 88 56 14  1 1 0.055860 10.0
 88 56 15  1 1 0.063110 10.0
 88 56 16  1 1 0.071810 10.0
 88 56 17  1 1 0.083380 10.0
 88 56 18  1 1 0.097140 10.0
 88 56 19  1 1 0.117210 10.0
 88 56 20  1 1 0.133630 10.0
 88 56 21  1 1 0.139130 10.0
 88 56 22  1 1 0.139840 10.0
 88 56 23  1 1 0.148750 10.0
 88 56 24  1 1 0.154700 10.0
 88 56 25  1 1 0.123730 10.0
 88 57 3  1 1 0.004360 10.0
 88 57 4  1 1 0.027630 10.0
 88 57 5  1 1 0.040420 10.0
 88 57 6  1 1 0.048460 10.0
 88 57 7  1 1 0.050780 10.0
 88 57 8  1 1 0.046520 10.0
 88 57 9  1 1 0.041150 10.0
 88 57 10  1 1 0.043610 10.0
 88 57 11  1 1 0.051770 10.0
 88 57 12  1 1 0.057060 10.0
 88 57 13  1 1 0.052390 10.0
 88 57 14  1 1 0.047980 10.0
 88 57 15  1 1 0.048230 10.0
 88 57 16  1 1 0.052360 10.0
 88 57 17  1 1 0.061430 10.0
 88 57 18  1 1 0.073360 10.0
 88 57 19  1 1 0.098700 10.0
 88 57 20  1 1 0.122620 10.0
 88 57 21  1 1 0.134740 10.0
 88 57 22  1 1 0.144130 10.0
 88 57 23  1 1 0.156290 10.0
 88 57 24  1 1 0.162550 10.0
 88 57 25  1 1 0.155460 10.0
 88 57 26  1 1 0.096490 10.0
 88 58 3  1 1 0.010490 10.0
 88 58 4  1 1 0.030750 10.0
 88 58 5  1 1 0.042870 10.0
 88 58 6  1 1 0.051690 10.0
 88 58 7  1 1 0.058350 10.0
 88 58 8  1 1 0.064350 10.0
 88 58 9  1 1 0.068120 10.0
 88 58 10  1 1 0.065670 10.0
 88 58 11  1 1 0.062220 10.0
 88 58 12  1 1 0.067650 10.0
 88 58 13  1 1 0.078110 10.0
 88 58 14  1 1 0.088170 10.0
 88 58 15  1 1 0.095090 10.0
 88 58 16  1 1 0.096230 10.0
 88 58 17  1 1 0.096200 10.0
 88 58 18  1 1 0.097900 10.0
 88 58 19  1 1 0.107610 10.0
 88 58 20  1 1 0.123900 10.0
 88 58 21  1 1 0.137700 10.0
 88 58 22  1 1 0.149700 10.0
 88 58 23  1 1 0.160930 10.0
 88 58 24  1 1 0.163990 10.0
 88 58 25  1 1 0.154690 10.0
 88 58 26  1 1 0.131760 10.0
 88 58 27  1 1 0.013950 10.0
 88 59 3  1 1 0.004650 10.0
 88 59 4  1 1 0.028660 10.0
 88 59 5  1 1 0.039980 10.0
 88 59 6  1 1 0.042870 10.0
 88 59 7  1 1 0.033070 10.0
 88 59 8  1 1 0.027170 10.0
 88 59 9  1 1 0.039870 10.0
 88 59 10  1 1 0.055760 10.0
 88 59 11  1 1 0.069520 10.0
 88 59 12  1 1 0.080210 10.0
 88 59 13  1 1 0.088340 10.0
 88 59 14  1 1 0.094630 10.0
 88 59 15  1 1 0.100040 10.0
 88 59 16  1 1 0.105850 10.0
 88 59 17  1 1 0.113250 10.0
 88 59 18  1 1 0.121330 10.0
 88 59 19  1 1 0.129990 10.0
 88 59 20  1 1 0.140680 10.0
 88 59 21  1 1 0.152540 10.0
 88 59 22  1 1 0.162340 10.0
 88 59 23  1 1 0.168450 10.0
 88 59 24  1 1 0.168850 10.0
 88 59 25  1 1 0.162380 10.0
 88 59 26  1 1 0.147950 10.0
 88 59 27  1 1 0.124120 10.0
 88 60 4  1 1 0.015300 10.0
 88 60 5  1 1 0.018080 10.0
 88 60 12  1 1 0.028040 10.0
 88 60 13  1 1 0.040370 10.0
 88 60 14  1 1 0.048140 10.0
 88 60 15  1 1 0.058370 10.0
 88 60 16  1 1 0.070530 10.0
 88 60 17  1 1 0.084550 10.0
 88 60 18  1 1 0.098320 10.0
 88 60 19  1 1 0.112220 10.0
 88 60 20  1 1 0.126020 10.0
 88 60 21  1 1 0.139400 10.0
 88 60 22  1 1 0.151380 10.0
 88 60 23  1 1 0.159750 10.0
 88 60 24  1 1 0.161620 10.0
 88 60 25  1 1 0.155050 10.0
 88 60 26  1 1 0.136140 10.0
 88 60 27  1 1 0.083550 10.0
 88 61 12  1 1 0.025960 10.0
 88 61 13  1 1 0.048280 10.0
 88 61 14  1 1 0.066150 10.0
 88 61 15  1 1 0.079450 10.0
 88 61 16  1 1 0.090460 10.0
 88 61 17  1 1 0.100780 10.0
 88 61 18  1 1 0.110520 10.0
 88 61 19  1 1 0.120370 10.0
 88 61 20  1 1 0.129950 10.0
 88 61 21  1 1 0.137890 10.0
 88 61 22  1 1 0.145500 10.0
 88 61 23  1 1 0.154510 10.0
 88 61 24  1 1 0.157430 10.0
 88 61 25  1 1 0.150030 10.0
 88 61 26  1 1 0.121150 10.0
 88 62 10  1 1 0.013290 10.0
 88 62 11  1 1 0.036410 10.0
 88 62 12  1 1 0.048570 10.0
 88 62 13  1 1 0.059150 10.0
 88 62 14  1 1 0.068490 10.0
 88 62 15  1 1 0.076740 10.0
 88 62 16  1 1 0.084490 10.0
 88 62 17  1 1 0.093480 10.0
 88 62 18  1 1 0.104540 10.0
 88 62 19  1 1 0.115110 10.0
 88 62 20  1 1 0.120540 10.0
 88 62 21  1 1 0.109110 10.0
 88 62 22  1 1 0.088680 10.0
 88 62 23  1 1 0.097600 10.0
 88 62 24  1 1 0.103070 10.0
 88 62 25  1 1 0.059260 10.0
 88 63 4  1 1 0.005270 10.0
 88 63 10  1 1 0.019380 10.0
 88 63 11  1 1 0.025000 10.0
 88 63 12  1 1 0.025650 10.0
 88 63 13  1 1 0.035800 10.0
 88 63 14  1 1 0.044570 10.0
 88 63 15  1 1 0.050360 10.0
 88 63 16  1 1 0.055910 10.0
 88 63 17  1 1 0.065850 10.0
 88 63 18  1 1 0.081740 10.0
 88 63 19  1 1 0.098920 10.0
 88 63 20  1 1 0.107290 10.0
 88 63 21  1 1 0.081960 10.0
 88 64 4  1 1 0.009460 10.0
 88 64 9  1 1 0.011070 10.0
 88 64 10  1 1 0.011270 10.0
 88 64 12  1 1 0.000740 10.0
 88 64 13  1 1 0.023720 10.0
 88 64 14  1 1 0.033070 10.0
 88 64 15  1 1 0.035920 10.0
 88 64 16  1 1 0.042400 10.0
 88 64 17  1 1 0.058140 10.0
 88 64 18  1 1 0.082100 10.0
 88 64 19  1 1 0.103160 10.0
 88 64 20  1 1 0.103640 10.0
 88 64 21  1 1 0.077460 10.0
 88 65 4  1 1 0.009130 10.0
 88 65 16  1 1 0.016510 10.0
 88 65 17  1 1 0.032150 10.0
 88 65 18  1 1 0.043980 10.0
 88 65 19  1 1 0.050950 10.0
 88 65 20  1 1 0.043910 10.0
 88 68 15  1 1 0.021000 10.0
 88 68 16  1 1 0.046630 10.0
 88 68 17  1 1 0.041900 10.0
 88 69 16  1 1 0.019630 10.0
 88 69 17  1 1 0.037710 10.0
 88 69 18  1 1 0.016710 10.0
 89 49 10  1 1 0.040930 10.0
 89 49 11  1 1 0.055320 10.0
 89 49 12  1 1 0.061290 10.0
 89 49 13  1 1 0.062420 10.0
 89 49 14  1 1 0.053580 10.0
 89 50 10  1 1 0.064430 10.0
 89 50 11  1 1 0.086640 10.0
 89 50 12  1 1 0.098080 10.0
 89 50 13  1 1 0.104800 10.0
 89 50 14  1 1 0.102280 10.0
 89 50 15  1 1 0.082680 10.0
 89 50 16  1 1 0.035000 10.0
 89 51 10  1 1 0.020380 10.0
 89 51 11  1 1 0.056260 10.0
 89 51 12  1 1 0.075470 10.0
 89 51 13  1 1 0.086070 10.0
 89 51 14  1 1 0.094930 10.0
 89 51 15  1 1 0.102030 10.0
 89 51 16  1 1 0.102580 10.0
 89 51 17  1 1 0.093730 10.0
 89 51 18  1 1 0.095620 10.0
 89 51 19  1 1 0.100590 10.0
 89 51 20  1 1 0.096600 10.0
 89 51 21  1 1 0.081220 10.0
 89 51 22  1 1 0.060300 10.0
 89 52 11  1 1 0.030390 10.0
 89 52 12  1 1 0.051130 10.0
 89 52 13  1 1 0.067350 10.0
 89 52 14  1 1 0.083200 10.0
 89 52 15  1 1 0.099070 10.0
 89 52 16  1 1 0.112050 10.0
 89 52 17  1 1 0.122550 10.0
 89 52 18  1 1 0.128900 10.0
 89 52 19  1 1 0.131020 10.0
 89 52 20  1 1 0.124990 10.0
 89 52 21  1 1 0.105060 10.0
 89 52 22  1 1 0.085700 10.0
 89 52 23  1 1 0.079230 10.0
 89 53 4  1 1 0.002220 10.0
 89 53 5  1 1 0.016050 10.0
 89 53 6  1 1 0.020570 10.0
 89 53 7  1 1 0.025080 10.0
 89 53 8  1 1 0.027560 10.0
 89 53 9  1 1 0.028660 10.0
 89 53 10  1 1 0.032910 10.0
 89 53 11  1 1 0.041100 10.0
 89 53 12  1 1 0.052480 10.0
 89 53 13  1 1 0.065540 10.0
 89 53 14  1 1 0.078210 10.0
 89 53 15  1 1 0.090140 10.0
 89 53 16  1 1 0.103040 10.0
 89 53 17  1 1 0.118000 10.0
 89 53 18  1 1 0.131500 10.0
 89 53 19  1 1 0.136320 10.0
 89 53 20  1 1 0.125820 10.0
 89 53 21  1 1 0.087310 10.0
 89 53 22  1 1 0.036900 10.0
 89 54 4  1 1 0.021080 10.0
 89 54 5  1 1 0.037690 10.0
 89 54 6  1 1 0.047680 10.0
 89 54 7  1 1 0.055320 10.0
 89 54 8  1 1 0.060710 10.0
 89 54 9  1 1 0.062600 10.0
 89 54 10  1 1 0.063230 10.0
 89 54 11  1 1 0.065790 10.0
 89 54 12  1 1 0.071380 10.0
 89 54 13  1 1 0.079190 10.0
 89 54 14  1 1 0.087370 10.0
 89 54 15  1 1 0.095870 10.0
 89 54 16  1 1 0.106330 10.0
 89 54 17  1 1 0.118330 10.0
 89 54 18  1 1 0.129250 10.0
 89 54 19  1 1 0.133700 10.0
 89 54 20  1 1 0.119070 10.0
 89 54 21  1 1 0.076410 10.0
 89 54 22  1 1 0.042820 10.0
 89 54 23  1 1 0.006790 10.0
 89 55 4  1 1 0.023730 10.0
 89 55 5  1 1 0.042460 10.0
 89 55 6  1 1 0.055880 10.0
 89 55 7  1 1 0.065840 10.0
 89 55 8  1 1 0.072040 10.0
 89 55 9  1 1 0.073800 10.0
 89 55 10  1 1 0.072290 10.0
 89 55 11  1 1 0.071150 10.0
 89 55 12  1 1 0.073690 10.0
 89 55 13  1 1 0.079450 10.0
 89 55 14  1 1 0.087530 10.0
 89 55 15  1 1 0.096060 10.0
 89 55 16  1 1 0.106550 10.0
 89 55 17  1 1 0.118230 10.0
 89 55 18  1 1 0.129420 10.0
 89 55 19  1 1 0.138600 10.0
 89 55 20  1 1 0.139080 10.0
 89 55 21  1 1 0.123490 10.0
 89 55 22  1 1 0.108620 10.0
 89 55 23  1 1 0.103450 10.0
 89 55 24  1 1 0.079850 10.0
 89 56 3  1 1 0.002220 10.0
 89 56 4  1 1 0.028560 10.0
 89 56 5  1 1 0.043790 10.0
 89 56 6  1 1 0.055630 10.0
 89 56 7  1 1 0.063890 10.0
 89 56 8  1 1 0.067320 10.0
 89 56 9  1 1 0.065760 10.0
 89 56 10  1 1 0.061310 10.0
 89 56 11  1 1 0.060200 10.0
 89 56 12  1 1 0.063600 10.0
 89 56 13  1 1 0.071620 10.0
 89 56 14  1 1 0.083010 10.0
 89 56 15  1 1 0.094150 10.0
 89 56 16  1 1 0.104810 10.0
 89 56 17  1 1 0.114970 10.0
 89 56 18  1 1 0.125780 10.0
 89 56 19  1 1 0.138830 10.0
 89 56 20  1 1 0.149170 10.0
 89 56 21  1 1 0.155370 10.0
 89 56 22  1 1 0.161570 10.0
 89 56 23  1 1 0.165330 10.0
 89 56 24  1 1 0.158660 10.0
 89 56 25  1 1 0.128820 10.0
 89 56 26  1 1 0.048100 10.0
 89 57 3  1 1 0.007240 10.0
 89 57 4  1 1 0.028830 10.0
 89 57 5  1 1 0.041210 10.0
 89 57 6  1 1 0.050250 10.0
 89 57 7  1 1 0.055700 10.0
 89 57 8  1 1 0.054620 10.0
 89 57 9  1 1 0.043940 10.0
 89 57 10  1 1 0.033010 10.0
 89 57 11  1 1 0.032260 10.0
 89 57 12  1 1 0.038970 10.0
 89 57 13  1 1 0.047870 10.0
 89 57 14  1 1 0.056990 10.0
 89 57 15  1 1 0.066570 10.0
 89 57 16  1 1 0.078320 10.0
 89 57 17  1 1 0.090880 10.0
 89 57 18  1 1 0.105180 10.0
 89 57 19  1 1 0.123840 10.0
 89 57 20  1 1 0.141670 10.0
 89 57 21  1 1 0.154860 10.0
 89 57 22  1 1 0.164410 10.0
 89 57 23  1 1 0.169960 10.0
 89 57 24  1 1 0.167650 10.0
 89 57 25  1 1 0.152920 10.0
 89 57 26  1 1 0.120760 10.0
 89 58 3  1 1 0.008390 10.0
 89 58 4  1 1 0.030060 10.0
 89 58 5  1 1 0.041710 10.0
 89 58 6  1 1 0.048660 10.0
 89 58 7  1 1 0.053720 10.0
 89 58 8  1 1 0.059300 10.0
 89 58 9  1 1 0.063970 10.0
 89 58 10  1 1 0.062660 10.0
 89 58 11  1 1 0.058770 10.0
 89 58 12  1 1 0.061630 10.0
 89 58 13  1 1 0.069410 10.0
 89 58 14  1 1 0.078040 10.0
 89 58 15  1 1 0.085430 10.0
 89 58 16  1 1 0.091040 10.0
 89 58 17  1 1 0.098590 10.0
 89 58 18  1 1 0.108850 10.0
 89 58 19  1 1 0.124380 10.0
 89 58 20  1 1 0.142230 10.0
 89 58 21  1 1 0.156020 10.0
 89 58 22  1 1 0.164830 10.0
 89 58 23  1 1 0.169490 10.0
 89 58 24  1 1 0.167280 10.0
 89 58 25  1 1 0.155370 10.0
 89 58 26  1 1 0.125780 10.0
 89 58 27  1 1 0.058680 10.0
 89 59 4  1 1 0.026830 10.0
 89 59 5  1 1 0.040450 10.0
 89 59 6  1 1 0.046540 10.0
 89 59 7  1 1 0.042560 10.0
 89 59 8  1 1 0.031820 10.0
 89 59 9  1 1 0.040340 10.0
 89 59 10  1 1 0.057240 10.0
 89 59 11  1 1 0.068620 10.0
 89 59 12  1 1 0.077500 10.0
 89 59 13  1 1 0.086250 10.0
 89 59 14  1 1 0.095270 10.0
 89 59 15  1 1 0.104960 10.0
 89 59 16  1 1 0.114600 10.0
 89 59 17  1 1 0.124160 10.0
 89 59 18  1 1 0.133930 10.0
 89 59 19  1 1 0.144080 10.0
 89 59 20  1 1 0.153700 10.0
 89 59 21  1 1 0.161490 10.0
 89 59 22  1 1 0.166570 10.0
 89 59 23  1 1 0.167040 10.0
 89 59 24  1 1 0.161650 10.0
 89 59 25  1 1 0.148750 10.0
 89 59 26  1 1 0.122010 10.0
 89 59 27  1 1 0.057720 10.0
 89 60 4  1 1 0.019190 10.0
 89 60 5  1 1 0.027270 10.0
 89 60 6  1 1 0.030600 10.0
 89 60 7  1 1 0.013410 10.0
 89 60 11  1 1 0.003210 10.0
 89 60 12  1 1 0.032180 10.0
 89 60 13  1 1 0.047660 10.0
 89 60 14  1 1 0.059780 10.0
 89 60 15  1 1 0.073470 10.0
 89 60 16  1 1 0.087030 10.0
 89 60 17  1 1 0.100390 10.0
 89 60 18  1 1 0.113980 10.0
 89 60 19  1 1 0.127980 10.0
 89 60 20  1 1 0.140880 10.0
 89 60 21  1 1 0.151580 10.0
 89 60 22  1 1 0.158000 10.0
 89 60 23  1 1 0.156090 10.0
 89 60 24  1 1 0.146340 10.0
 89 60 25  1 1 0.126420 10.0
 89 60 26  1 1 0.096170 10.0
 89 61 4  1 1 0.003500 10.0
 89 61 12  1 1 0.010570 10.0
 89 61 13  1 1 0.040390 10.0
 89 61 14  1 1 0.059090 10.0
 89 61 15  1 1 0.074640 10.0
 89 61 16  1 1 0.088040 10.0
 89 61 17  1 1 0.100120 10.0
 89 61 18  1 1 0.112220 10.0
 89 61 19  1 1 0.125180 10.0
 89 61 20  1 1 0.135550 10.0
 89 61 21  1 1 0.141130 10.0
 89 61 22  1 1 0.143860 10.0
 89 61 23  1 1 0.142350 10.0
 89 61 24  1 1 0.139120 10.0
 89 61 25  1 1 0.127530 10.0
 89 61 26  1 1 0.075540 10.0
 89 62 4  1 1 0.004160 10.0
 89 62 12  1 1 0.019730 10.0
 89 62 13  1 1 0.036230 10.0
 89 62 14  1 1 0.057350 10.0
 89 62 15  1 1 0.073520 10.0
 89 62 16  1 1 0.087030 10.0
 89 62 17  1 1 0.100070 10.0
 89 62 18  1 1 0.112650 10.0
 89 62 19  1 1 0.120520 10.0
 89 62 20  1 1 0.114660 10.0
 89 62 21  1 1 0.088730 10.0
 89 62 22  1 1 0.072530 10.0
 89 62 23  1 1 0.069950 10.0
 89 62 24  1 1 0.057330 10.0
 89 63 4  1 1 0.006620 10.0
 89 63 5  1 1 0.002590 10.0
 89 63 6  1 1 0.021400 10.0
 89 63 14  1 1 0.052200 10.0
 89 63 15  1 1 0.063020 10.0
 89 63 16  1 1 0.071210 10.0
 89 63 17  1 1 0.083470 10.0
 89 63 18  1 1 0.099310 10.0
 89 63 19  1 1 0.108760 10.0
 89 63 20  1 1 0.101360 10.0
 89 63 21  1 1 0.071330 10.0
 89 63 22  1 1 0.034690 10.0
 89 64 13  1 1 0.002470 10.0
 89 64 14  1 1 0.063190 10.0
 89 64 15  1 1 0.062990 10.0
 89 64 16  1 1 0.067500 10.0
 89 64 17  1 1 0.081100 10.0
 89 64 18  1 1 0.099490 10.0
 89 64 19  1 1 0.116140 10.0
 89 64 20  1 1 0.113260 10.0
 89 64 21  1 1 0.094370 10.0
 89 64 22  1 1 0.049500 10.0
 89 65 14  1 1 0.036160 10.0
 89 65 15  1 1 0.041170 10.0
 89 65 16  1 1 0.047020 10.0
 89 65 17  1 1 0.049820 10.0
 89 65 18  1 1 0.057590 10.0
 89 65 19  1 1 0.066110 10.0
 89 65 20  1 1 0.055230 10.0
 89 66 14  1 1 0.024250 10.0
 89 66 15  1 1 0.037130 10.0
 89 66 16  1 1 0.024480 10.0
 89 67 14  1 1 0.015180 10.0
 89 67 15  1 1 0.026570 10.0
 90 49 9  1 1 0.025740 10.0
 90 49 10  1 1 0.051560 10.0
 90 49 11  1 1 0.068390 10.0
 90 49 12  1 1 0.077880 10.0
 90 49 13  1 1 0.080070 10.0
 90 49 14  1 1 0.069930 10.0
 90 49 15  1 1 0.037110 10.0
 90 50 9  1 1 0.036600 10.0
 90 50 10  1 1 0.072310 10.0
 90 50 11  1 1 0.088340 10.0
 90 50 12  1 1 0.096030 10.0
 90 50 13  1 1 0.099240 10.0
 90 50 14  1 1 0.095300 10.0
 90 50 15  1 1 0.085380 10.0
 90 50 16  1 1 0.037290 10.0
 90 51 10  1 1 0.040680 10.0
 90 51 11  1 1 0.062640 10.0
 90 51 12  1 1 0.074810 10.0
 90 51 13  1 1 0.082750 10.0
 90 51 14  1 1 0.092370 10.0
 90 51 15  1 1 0.097220 10.0
 90 51 16  1 1 0.090290 10.0
 90 51 17  1 1 0.062400 10.0
 90 51 18  1 1 0.043600 10.0
 90 51 19  1 1 0.029130 10.0
 90 52 10  1 1 0.009170 10.0
 90 52 11  1 1 0.037280 10.0
 90 52 12  1 1 0.054790 10.0
 90 52 13  1 1 0.069740 10.0
 90 52 14  1 1 0.086110 10.0
 90 52 15  1 1 0.102690 10.0
 90 52 16  1 1 0.113490 10.0
 90 52 17  1 1 0.115050 10.0
 90 52 18  1 1 0.107750 10.0
 90 52 19  1 1 0.101380 10.0
 90 52 20  1 1 0.083710 10.0
 90 52 21  1 1 0.036100 10.0
 90 53 4  1 1 0.017560 10.0
 90 53 5  1 1 0.023220 10.0
 90 53 6  1 1 0.024120 10.0
 90 53 7  1 1 0.020530 10.0
 90 53 8  1 1 0.021310 10.0
 90 53 9  1 1 0.029600 10.0
 90 53 10  1 1 0.042290 10.0
 90 53 11  1 1 0.056200 10.0
 90 53 12  1 1 0.068290 10.0
 90 53 13  1 1 0.077620 10.0
 90 53 14  1 1 0.086300 10.0
 90 53 15  1 1 0.097380 10.0
 90 53 16  1 1 0.112520 10.0
 90 53 17  1 1 0.126210 10.0
 90 53 18  1 1 0.135260 10.0
 90 53 19  1 1 0.137470 10.0
 90 53 20  1 1 0.130470 10.0
 90 53 21  1 1 0.101380 10.0
 90 53 22  1 1 0.027720 10.0
 90 54 4  1 1 0.027340 10.0
 90 54 5  1 1 0.042860 10.0
 90 54 6  1 1 0.053690 10.0
 90 54 7  1 1 0.062040 10.0
 90 54 8  1 1 0.068550 10.0
 90 54 9  1 1 0.073950 10.0
 90 54 10  1 1 0.079990 10.0
 90 54 11  1 1 0.086640 10.0
 90 54 12  1 1 0.093550 10.0
 90 54 13  1 1 0.099060 10.0
 90 54 14  1 1 0.102860 10.0
 90 54 15  1 1 0.108950 10.0
 90 54 16  1 1 0.120100 10.0
 90 54 17  1 1 0.131490 10.0
 90 54 18  1 1 0.139740 10.0
 90 54 19  1 1 0.144060 10.0
 90 54 20  1 1 0.140890 10.0
 90 54 21  1 1 0.126910 10.0
 90 54 22  1 1 0.095320 10.0
 90 54 23  1 1 0.055520 10.0
 90 55 4  1 1 0.028740 10.0
 90 55 5  1 1 0.045760 10.0
 90 55 6  1 1 0.059150 10.0
 90 55 7  1 1 0.070210 10.0
 90 55 8  1 1 0.079420 10.0
 90 55 9  1 1 0.086720 10.0
 90 55 10  1 1 0.092310 10.0
 90 55 11  1 1 0.096900 10.0
 90 55 12  1 1 0.101710 10.0
 90 55 13  1 1 0.106270 10.0
 90 55 14  1 1 0.110920 10.0
 90 55 15  1 1 0.117150 10.0
 90 55 16  1 1 0.126860 10.0
 90 55 17  1 1 0.137160 10.0
 90 55 18  1 1 0.145650 10.0
 90 55 19  1 1 0.152320 10.0
 90 55 20  1 1 0.154130 10.0
 90 55 21  1 1 0.149150 10.0
 90 55 22  1 1 0.138360 10.0
 90 55 23  1 1 0.121340 10.0
 90 55 24  1 1 0.099120 10.0
 90 55 25  1 1 0.062700 10.0
 90 56 3  1 1 0.006950 10.0
 90 56 4  1 1 0.030840 10.0
 90 56 5  1 1 0.045620 10.0
 90 56 6  1 1 0.057970 10.0
 90 56 7  1 1 0.068250 10.0
 90 56 8  1 1 0.075820 10.0
 90 56 9  1 1 0.080160 10.0
 90 56 10  1 1 0.082460 10.0
 90 56 11  1 1 0.086990 10.0
 90 56 12  1 1 0.094640 10.0
 90 56 13  1 1 0.104060 10.0
 90 56 14  1 1 0.112890 10.0
 90 56 15  1 1 0.121220 10.0
 90 56 16  1 1 0.129510 10.0
 90 56 17  1 1 0.137790 10.0
 90 56 18  1 1 0.146250 10.0
 90 56 19  1 1 0.154830 10.0
 90 56 20  1 1 0.161400 10.0
 90 56 21  1 1 0.165740 10.0
 90 56 22  1 1 0.168640 10.0
 90 56 23  1 1 0.168740 10.0
 90 56 24  1 1 0.162780 10.0
 90 56 25  1 1 0.146450 10.0
 90 56 26  1 1 0.115250 10.0
 90 57 3  1 1 0.009750 10.0
 90 57 4  1 1 0.030840 10.0
 90 57 5  1 1 0.043320 10.0
 90 57 6  1 1 0.052850 10.0
 90 57 7  1 1 0.061170 10.0
 90 57 8  1 1 0.067060 10.0
 90 57 9  1 1 0.067840 10.0
 90 57 10  1 1 0.066120 10.0
 90 57 11  1 1 0.068410 10.0
 90 57 12  1 1 0.076380 10.0
 90 57 13  1 1 0.087390 10.0
 90 57 14  1 1 0.096990 10.0
 90 57 15  1 1 0.105230 10.0
 90 57 16  1 1 0.114310 10.0
 90 57 17  1 1 0.123940 10.0
 90 57 18  1 1 0.134960 10.0
 90 57 19  1 1 0.147230 10.0
 90 57 20  1 1 0.157730 10.0
 90 57 21  1 1 0.164810 10.0
 90 57 22  1 1 0.168500 10.0
 90 57 23  1 1 0.167830 10.0
 90 57 24  1 1 0.161670 10.0
 90 57 25  1 1 0.150270 10.0
 90 57 26  1 1 0.128300 10.0
 90 57 27  1 1 0.078440 10.0
 90 58 3  1 1 0.005590 10.0
 90 58 4  1 1 0.029330 10.0
 90 58 5  1 1 0.041420 10.0
 90 58 6  1 1 0.047450 10.0
 90 58 7  1 1 0.052210 10.0
 90 58 8  1 1 0.059680 10.0
 90 58 9  1 1 0.068240 10.0
 90 58 10  1 1 0.075700 10.0
 90 58 11  1 1 0.081870 10.0
 90 58 12  1 1 0.087580 10.0
 90 58 13  1 1 0.092530 10.0
 90 58 14  1 1 0.096370 10.0
 90 58 15  1 1 0.101270 10.0
 90 58 16  1 1 0.108680 10.0
 90 58 17  1 1 0.119270 10.0
 90 58 18  1 1 0.131700 10.0
 90 58 19  1 1 0.144140 10.0
 90 58 20  1 1 0.154190 10.0
 90 58 21  1 1 0.161580 10.0
 90 58 22  1 1 0.165840 10.0
 90 58 23  1 1 0.164840 10.0
 90 58 24  1 1 0.156230 10.0
 90 58 25  1 1 0.140920 10.0
 90 58 26  1 1 0.115470 10.0
 90 58 27  1 1 0.071360 10.0
 90 59 4  1 1 0.021180 10.0
 90 59 5  1 1 0.034580 10.0
 90 59 6  1 1 0.040020 10.0
 90 59 7  1 1 0.036100 10.0
 90 59 8  1 1 0.024690 10.0
 90 59 9  1 1 0.028530 10.0
 90 59 10  1 1 0.045090 10.0
 90 59 11  1 1 0.062520 10.0
 90 59 12  1 1 0.078490 10.0
 90 59 13  1 1 0.093290 10.0
 90 59 14  1 1 0.106010 10.0
 90 59 15  1 1 0.116570 10.0
 90 59 16  1 1 0.125090 10.0
 90 59 17  1 1 0.132850 10.0
 90 59 18  1 1 0.140250 10.0
 90 59 19  1 1 0.147050 10.0
 90 59 20  1 1 0.152940 10.0
 90 59 21  1 1 0.156890 10.0
 90 59 22  1 1 0.156850 10.0
 90 59 23  1 1 0.149960 10.0
 90 59 24  1 1 0.133110 10.0
 90 59 25  1 1 0.114960 10.0
 90 59 26  1 1 0.079060 10.0
 90 60 12  1 1 0.027850 10.0
 90 60 13  1 1 0.056180 10.0
 90 60 14  1 1 0.076330 10.0
 90 60 15  1 1 0.093270 10.0
 90 60 16  1 1 0.107480 10.0
 90 60 17  1 1 0.120570 10.0
 90 60 18  1 1 0.131490 10.0
 90 60 19  1 1 0.139740 10.0
 90 60 20  1 1 0.145270 10.0
 90 60 21  1 1 0.145900 10.0
 90 60 22  1 1 0.138770 10.0
 90 60 23  1 1 0.120190 10.0
 90 60 24  1 1 0.083660 10.0
 90 61 13  1 1 0.032830 10.0
 90 61 14  1 1 0.057510 10.0
 90 61 15  1 1 0.078990 10.0
 90 61 16  1 1 0.096660 10.0
 90 61 17  1 1 0.111690 10.0
 90 61 18  1 1 0.123440 10.0
 90 61 19  1 1 0.130210 10.0
 90 61 20  1 1 0.131630 10.0
 90 61 21  1 1 0.125350 10.0
 90 61 22  1 1 0.098230 10.0
 90 61 23  1 1 0.043940 10.0
 90 62 4  1 1 0.000040 10.0
 90 62 14  1 1 0.040000 10.0
 90 62 15  1 1 0.069400 10.0
 90 62 16  1 1 0.090160 10.0
 90 62 17  1 1 0.105890 10.0
 90 62 18  1 1 0.111920 10.0
 90 62 19  1 1 0.097100 10.0
 90 62 20  1 1 0.072100 10.0
 90 62 21  1 1 0.046520 10.0
 90 62 22  1 1 0.001770 10.0
 90 63 3  1 1 0.001270 10.0
 90 63 4  1 1 0.016300 10.0
 90 63 5  1 1 0.003090 10.0
 90 63 14  1 1 0.043100 10.0
 90 63 15  1 1 0.072130 10.0
 90 63 16  1 1 0.083220 10.0
 90 63 17  1 1 0.094010 10.0
 90 63 18  1 1 0.099850 10.0
 90 63 19  1 1 0.080650 10.0
 90 63 20  1 1 0.058100 10.0
 90 63 21  1 1 0.052800 10.0
 90 63 22  1 1 0.061140 10.0
 90 63 23  1 1 0.066530 10.0
 90 63 24  1 1 0.066390 10.0
 90 64 14  1 1 0.067860 10.0
 90 64 15  1 1 0.083180 10.0
 90 64 16  1 1 0.083090 10.0
 90 64 17  1 1 0.087680 10.0
 90 64 18  1 1 0.101890 10.0
 90 64 19  1 1 0.108620 10.0
 90 64 20  1 1 0.107230 10.0
 90 64 21  1 1 0.101770 10.0
 90 64 22  1 1 0.066330 10.0
 90 64 23  1 1 0.004110 10.0
 90 65 14  1 1 0.043910 10.0
 90 65 15  1 1 0.066420 10.0
 90 65 16  1 1 0.065500 10.0
 90 65 17  1 1 0.062740 10.0
 90 65 18  1 1 0.067320 10.0
 90 65 19  1 1 0.070690 10.0
 90 65 20  1 1 0.047290 10.0
 90 66 3  1 1 0.006210 10.0
 90 66 13  1 1 0.017220 10.0
 90 66 14  1 1 0.054690 10.0
 90 66 15  1 1 0.059300 10.0
 90 66 16  1 1 0.045200 10.0
 90 66 17  1 1 0.005590 10.0
 90 67 5  1 1 0.000290 10.0
 90 67 14  1 1 0.028230 10.0
 90 67 15  1 1 0.031620 10.0
 90 68 4  1 1 0.006950 10.0
 90 68 5  1 1 0.016220 10.0
 90 68 6  1 1 0.003410 10.0
 90 69 4  1 1 0.016790 10.0
 90 69 5  1 1 0.024610 10.0
 90 69 6  1 1 0.021090 10.0
 90 69 7  1 1 0.015180 10.0
 90 70 4  1 1 0.024210 10.0
 90 70 5  1 1 0.024090 10.0
 90 70 6  1 1 0.004200 10.0
 91 49 9  1 1 0.026150 10.0
 91 49 10  1 1 0.055820 10.0
 91 49 11  1 1 0.069120 10.0
 91 49 12  1 1 0.070470 10.0
 91 49 13  1 1 0.053620 10.0
 91 50 9  1 1 0.038670 10.0
 91 50 10  1 1 0.063190 10.0
 91 50 11  1 1 0.077790 10.0
 91 50 12  1 1 0.087750 10.0
 91 50 13  1 1 0.089900 10.0
 91 50 14  1 1 0.069670 10.0
 91 50 15  1 1 0.033890 10.0
 91 51 9  1 1 0.014320 10.0
 91 51 10  1 1 0.040670 10.0
 91 51 11  1 1 0.057100 10.0
 91 51 12  1 1 0.070520 10.0
 91 51 13  1 1 0.084060 10.0
 91 51 14  1 1 0.093100 10.0
 91 51 15  1 1 0.091370 10.0
 91 51 16  1 1 0.063470 10.0
 91 52 9  1 1 0.007980 10.0
 91 52 10  1 1 0.029750 10.0
 91 52 11  1 1 0.045160 10.0
 91 52 12  1 1 0.060690 10.0
 91 52 13  1 1 0.079500 10.0
 91 52 14  1 1 0.098740 10.0
 91 52 15  1 1 0.110630 10.0
 91 52 16  1 1 0.114490 10.0
 91 52 17  1 1 0.095520 10.0
 91 52 18  1 1 0.064750 10.0
 91 52 19  1 1 0.034830 10.0
 91 53 3  1 1 0.004770 10.0
 91 53 4  1 1 0.028440 10.0
 91 53 5  1 1 0.039220 10.0
 91 53 6  1 1 0.045730 10.0
 91 53 7  1 1 0.047310 10.0
 91 53 8  1 1 0.046260 10.0
 91 53 9  1 1 0.048840 10.0
 91 53 10  1 1 0.055450 10.0
 91 53 11  1 1 0.062900 10.0
 91 53 12  1 1 0.070390 10.0
 91 53 13  1 1 0.081470 10.0
 91 53 14  1 1 0.094480 10.0
 91 53 15  1 1 0.107430 10.0
 91 53 16  1 1 0.117380 10.0
 91 53 17  1 1 0.119680 10.0
 91 53 18  1 1 0.116390 10.0
 91 53 19  1 1 0.103540 10.0
 91 53 20  1 1 0.079180 10.0
 91 53 21  1 1 0.004730 10.0
 91 54 3  1 1 0.002300 10.0
 91 54 4  1 1 0.031100 10.0
 91 54 5  1 1 0.046770 10.0
 91 54 6  1 1 0.058990 10.0
 91 54 7  1 1 0.068840 10.0
 91 54 8  1 1 0.077030 10.0
 91 54 9  1 1 0.083120 10.0
 91 54 10  1 1 0.087360 10.0
 91 54 11  1 1 0.091070 10.0
 91 54 12  1 1 0.095470 10.0
 91 54 13  1 1 0.102020 10.0
 91 54 14  1 1 0.111000 10.0
 91 54 15  1 1 0.120660 10.0
 91 54 16  1 1 0.128800 10.0
 91 54 17  1 1 0.131840 10.0
 91 54 18  1 1 0.130460 10.0
 91 54 19  1 1 0.128220 10.0
 91 54 20  1 1 0.121370 10.0
 91 54 21  1 1 0.104230 10.0
 91 54 22  1 1 0.057640 10.0
 91 55 3  1 1 0.003000 10.0
 91 55 4  1 1 0.030270 10.0
 91 55 5  1 1 0.045940 10.0
 91 55 6  1 1 0.058600 10.0
 91 55 7  1 1 0.069520 10.0
 91 55 8  1 1 0.079420 10.0
 91 55 9  1 1 0.088600 10.0
 91 55 10  1 1 0.096860 10.0
 91 55 11  1 1 0.104210 10.0
 91 55 12  1 1 0.111150 10.0
 91 55 13  1 1 0.117400 10.0
 91 55 14  1 1 0.123980 10.0
 91 55 15  1 1 0.131560 10.0
 91 55 16  1 1 0.139040 10.0
 91 55 17  1 1 0.145150 10.0
 91 55 18  1 1 0.148150 10.0
 91 55 19  1 1 0.147030 10.0
 91 55 20  1 1 0.141770 10.0
 91 55 21  1 1 0.133880 10.0
 91 55 22  1 1 0.123490 10.0
 91 55 23  1 1 0.090830 10.0
 91 56 3  1 1 0.005390 10.0
 91 56 4  1 1 0.030000 10.0
 91 56 5  1 1 0.044540 10.0
 91 56 6  1 1 0.056420 10.0
 91 56 7  1 1 0.066580 10.0
 91 56 8  1 1 0.075460 10.0
 91 56 9  1 1 0.083550 10.0
 91 56 10  1 1 0.091430 10.0
 91 56 11  1 1 0.099450 10.0
 91 56 12  1 1 0.107440 10.0
 91 56 13  1 1 0.114510 10.0
 91 56 14  1 1 0.121170 10.0
 91 56 15  1 1 0.128830 10.0
 91 56 16  1 1 0.137290 10.0
 91 56 17  1 1 0.145320 10.0
 91 56 18  1 1 0.151530 10.0
 91 56 19  1 1 0.155040 10.0
 91 56 20  1 1 0.154210 10.0
 91 56 21  1 1 0.147030 10.0
 91 56 22  1 1 0.139130 10.0
 91 56 23  1 1 0.135290 10.0
 91 56 24  1 1 0.118840 10.0
 91 56 25  1 1 0.073110 10.0
 91 57 3  1 1 0.009540 10.0
 91 57 4  1 1 0.031080 10.0
 91 57 5  1 1 0.044010 10.0
 91 57 6  1 1 0.053850 10.0
 91 57 7  1 1 0.062840 10.0
 91 57 8  1 1 0.070780 10.0
 91 57 9  1 1 0.076810 10.0
 91 57 10  1 1 0.081590 10.0
 91 57 11  1 1 0.087370 10.0
 91 57 12  1 1 0.094950 10.0
 91 57 13  1 1 0.102950 10.0
 91 57 14  1 1 0.110820 10.0
 91 57 15  1 1 0.119750 10.0
 91 57 16  1 1 0.129580 10.0
 91 57 17  1 1 0.139670 10.0
 91 57 18  1 1 0.148500 10.0
 91 57 19  1 1 0.154600 10.0
 91 57 20  1 1 0.156060 10.0
 91 57 21  1 1 0.150630 10.0
 91 57 22  1 1 0.141030 10.0
 91 57 23  1 1 0.135660 10.0
 91 57 24  1 1 0.129780 10.0
 91 57 25  1 1 0.110840 10.0
 91 57 26  1 1 0.057510 10.0
 91 58 3  1 1 0.011600 10.0
 91 58 4  1 1 0.032210 10.0
 91 58 5  1 1 0.044110 10.0
 91 58 6  1 1 0.049520 10.0
 91 58 7  1 1 0.052580 10.0
 91 58 8  1 1 0.061820 10.0
 91 58 9  1 1 0.073720 10.0
 91 58 10  1 1 0.084300 10.0
 91 58 11  1 1 0.092130 10.0
 91 58 12  1 1 0.097220 10.0
 91 58 13  1 1 0.101610 10.0
 91 58 14  1 1 0.107070 10.0
 91 58 15  1 1 0.114040 10.0
 91 58 16  1 1 0.122610 10.0
 91 58 17  1 1 0.132560 10.0
 91 58 18  1 1 0.142580 10.0
 91 58 19  1 1 0.150910 10.0
 91 58 20  1 1 0.156250 10.0
 91 58 21  1 1 0.156450 10.0
 91 58 22  1 1 0.150910 10.0
 91 58 23  1 1 0.139650 10.0
 91 58 24  1 1 0.122630 10.0
 91 58 25  1 1 0.095650 10.0
 91 59 4  1 1 0.024070 10.0
 91 59 5  1 1 0.036310 10.0
 91 59 6  1 1 0.037090 10.0
 91 59 7  1 1 0.015060 10.0
 91 59 9  1 1 0.024930 10.0
 91 59 10  1 1 0.050170 10.0
 91 59 11  1 1 0.071390 10.0
 91 59 12  1 1 0.087690 10.0
 91 59 13  1 1 0.100430 10.0
 91 59 14  1 1 0.109660 10.0
 91 59 15  1 1 0.116540 10.0
 91 59 16  1 1 0.123100 10.0
 91 59 17  1 1 0.130030 10.0
 91 59 18  1 1 0.137770 10.0
 91 59 19  1 1 0.145420 10.0
 91 59 20  1 1 0.151090 10.0
 91 59 21  1 1 0.151290 10.0
 91 59 22  1 1 0.142510 10.0
 91 59 23  1 1 0.120140 10.0
 91 59 24  1 1 0.045060 10.0
 91 60 12  1 1 0.041790 10.0
 91 60 13  1 1 0.068190 10.0
 91 60 14  1 1 0.087140 10.0
 91 60 15  1 1 0.102120 10.0
 91 60 16  1 1 0.114670 10.0
 91 60 17  1 1 0.124680 10.0
 91 60 18  1 1 0.132720 10.0
 91 60 19  1 1 0.139670 10.0
 91 60 20  1 1 0.144460 10.0
 91 60 21  1 1 0.144580 10.0
 91 60 22  1 1 0.136100 10.0
 91 60 23  1 1 0.116800 10.0
 91 61 13  1 1 0.032450 10.0
 91 61 14  1 1 0.057350 10.0
 91 61 15  1 1 0.078990 10.0
 91 61 16  1 1 0.098920 10.0
 91 61 17  1 1 0.114080 10.0
 91 61 18  1 1 0.124120 10.0
 91 61 19  1 1 0.129800 10.0
 91 61 20  1 1 0.130230 10.0
 91 61 21  1 1 0.124140 10.0
 91 61 22  1 1 0.098010 10.0
 91 62 13  1 1 0.017960 10.0
 91 62 14  1 1 0.042970 10.0
 91 62 15  1 1 0.064290 10.0
 91 62 16  1 1 0.084250 10.0
 91 62 17  1 1 0.101800 10.0
 91 62 18  1 1 0.111840 10.0
 91 62 19  1 1 0.106400 10.0
 91 62 20  1 1 0.094610 10.0
 91 62 21  1 1 0.069140 10.0
 91 62 22  1 1 0.032480 10.0
 91 63 3  1 1 0.005180 10.0
 91 63 4  1 1 0.013410 10.0
 91 63 13  1 1 0.045600 10.0
 91 63 14  1 1 0.066020 10.0
 91 63 15  1 1 0.079330 10.0
 91 63 16  1 1 0.088890 10.0
 91 63 17  1 1 0.097940 10.0
 91 63 18  1 1 0.107190 10.0
 91 63 19  1 1 0.098600 10.0
 91 63 20  1 1 0.078160 10.0
 91 63 21  1 1 0.060440 10.0
 91 63 22  1 1 0.060140 10.0
 91 63 23  1 1 0.058560 10.0
 91 63 24  1 1 0.064070 10.0
 91 63 25  1 1 0.070230 10.0
 91 64 13  1 1 0.049410 10.0
 91 64 14  1 1 0.077590 10.0
 91 64 15  1 1 0.088800 10.0
 91 64 16  1 1 0.093790 10.0
 91 64 17  1 1 0.098420 10.0
 91 64 18  1 1 0.106510 10.0
 91 64 19  1 1 0.108450 10.0
 91 64 20  1 1 0.104800 10.0
 91 64 21  1 1 0.098010 10.0
 91 64 22  1 1 0.047180 10.0
 91 65 13  1 1 0.016510 10.0
 91 65 14  1 1 0.066670 10.0
 91 65 15  1 1 0.080020 10.0
 91 65 16  1 1 0.084820 10.0
 91 65 17  1 1 0.092560 10.0
 91 65 18  1 1 0.102420 10.0
 91 65 19  1 1 0.109410 10.0
 91 65 20  1 1 0.093680 10.0
 91 66 4  1 1 0.010780 10.0
 91 66 14  1 1 0.043490 10.0
 91 66 15  1 1 0.064660 10.0
 91 66 16  1 1 0.063470 10.0
 91 66 17  1 1 0.051450 10.0
 91 66 18  1 1 0.015220 10.0
 91 67 4  1 1 0.001520 10.0
 91 68 4  1 1 0.010240 10.0
 91 68 5  1 1 0.015670 10.0
 91 68 6  1 1 0.026700 10.0
 91 68 7  1 1 0.012180 10.0
 91 69 4  1 1 0.014560 10.0
 91 69 5  1 1 0.021280 10.0
 91 69 6  1 1 0.033330 10.0
 91 69 7  1 1 0.024850 10.0
 91 70 3  1 1 0.001650 10.0
 91 70 4  1 1 0.005390 10.0
 91 70 5  1 1 0.007690 10.0
 91 70 6  1 1 0.001520 10.0
 92 48 10  1 1 0.024660 10.0
 92 48 11  1 1 0.033250 10.0
 92 48 12  1 1 0.008600 10.0
 92 49 8  1 1 0.017260 10.0
 92 49 9  1 1 0.066940 10.0
 92 49 10  1 1 0.084180 10.0
 92 49 11  1 1 0.091770 10.0
 92 49 12  1 1 0.088090 10.0
 92 49 13  1 1 0.065870 10.0
 92 50 8  1 1 0.006790 10.0
 92 50 9  1 1 0.037540 10.0
 92 50 10  1 1 0.054570 10.0
 92 50 11  1 1 0.069520 10.0
 92 50 12  1 1 0.083190 10.0
 92 50 13  1 1 0.083850 10.0
 92 50 14  1 1 0.057460 10.0
 92 51 9  1 1 0.025820 10.0
 92 51 10  1 1 0.044280 10.0
 92 51 11  1 1 0.060690 10.0
 92 51 12  1 1 0.078650 10.0
 92 51 13  1 1 0.090600 10.0
 92 51 14  1 1 0.090490 10.0
 92 51 15  1 1 0.072710 10.0
 92 51 16  1 1 0.011440 10.0
 92 52 4  1 1 0.009710 10.0
 92 52 5  1 1 0.002840 10.0
 92 52 7  1 1 0.000330 10.0
 92 52 8  1 1 0.016220 10.0
 92 52 9  1 1 0.030210 10.0
 92 52 10  1 1 0.043910 10.0
 92 52 11  1 1 0.060300 10.0
 92 52 12  1 1 0.079640 10.0
 92 52 13  1 1 0.097940 10.0
 92 52 14  1 1 0.109690 10.0
 92 52 15  1 1 0.112760 10.0
 92 52 16  1 1 0.102520 10.0
 92 52 17  1 1 0.028830 10.0
 92 53 3  1 1 0.014320 10.0
 92 53 4  1 1 0.034920 10.0
 92 53 5  1 1 0.048280 10.0
 92 53 6  1 1 0.057780 10.0
 92 53 7  1 1 0.062040 10.0
 92 53 8  1 1 0.060990 10.0
 92 53 9  1 1 0.062680 10.0
 92 53 10  1 1 0.069750 10.0
 92 53 11  1 1 0.079330 10.0
 92 53 12  1 1 0.089490 10.0
 92 53 13  1 1 0.100220 10.0
 92 53 14  1 1 0.111100 10.0
 92 53 15  1 1 0.114690 10.0
 92 53 16  1 1 0.107170 10.0
 92 53 17  1 1 0.080260 10.0
 92 53 18  1 1 0.025860 10.0
 92 54 3  1 1 0.005310 10.0
 92 54 4  1 1 0.031310 10.0
 92 54 5  1 1 0.046810 10.0
 92 54 6  1 1 0.059980 10.0
 92 54 7  1 1 0.071520 10.0
 92 54 8  1 1 0.081470 10.0
 92 54 9  1 1 0.089790 10.0
 92 54 10  1 1 0.097180 10.0
 92 54 11  1 1 0.104270 10.0
 92 54 12  1 1 0.111610 10.0
 92 54 13  1 1 0.118850 10.0
 92 54 14  1 1 0.125350 10.0
 92 54 15  1 1 0.128200 10.0
 92 54 16  1 1 0.122650 10.0
 92 54 17  1 1 0.107390 10.0
 92 54 18  1 1 0.086410 10.0
 92 54 19  1 1 0.065320 10.0
 92 54 20  1 1 0.012010 10.0
 92 55 3  1 1 0.000370 10.0
 92 55 4  1 1 0.027820 10.0
 92 55 5  1 1 0.043490 10.0
 92 55 6  1 1 0.056630 10.0
 92 55 7  1 1 0.068430 10.0
 92 55 8  1 1 0.079320 10.0
 92 55 9  1 1 0.089230 10.0
 92 55 10  1 1 0.097710 10.0
 92 55 11  1 1 0.104760 10.0
 92 55 12  1 1 0.111890 10.0
 92 55 13  1 1 0.119880 10.0
 92 55 14  1 1 0.128090 10.0
 92 55 15  1 1 0.134590 10.0
 92 55 16  1 1 0.137270 10.0
 92 55 17  1 1 0.135700 10.0
 92 55 18  1 1 0.132010 10.0
 92 55 19  1 1 0.123350 10.0
 92 55 20  1 1 0.108990 10.0
 92 55 21  1 1 0.073020 10.0
 92 56 3  1 1 0.001480 10.0
 92 56 4  1 1 0.026380 10.0
 92 56 5  1 1 0.040110 10.0
 92 56 6  1 1 0.051980 10.0
 92 56 7  1 1 0.062480 10.0
 92 56 8  1 1 0.072210 10.0
 92 56 9  1 1 0.080900 10.0
 92 56 10  1 1 0.088380 10.0
 92 56 11  1 1 0.095220 10.0
 92 56 12  1 1 0.102870 10.0
 92 56 13  1 1 0.112770 10.0
 92 56 14  1 1 0.123890 10.0
 92 56 15  1 1 0.133260 10.0
 92 56 16  1 1 0.139830 10.0
 92 56 17  1 1 0.143260 10.0
 92 56 18  1 1 0.142710 10.0
 92 56 19  1 1 0.134200 10.0
 92 56 20  1 1 0.121620 10.0
 92 56 21  1 1 0.093760 10.0
 92 56 22  1 1 0.027660 10.0
 92 57 3  1 1 0.006050 10.0
 92 57 4  1 1 0.027100 10.0
 92 57 5  1 1 0.036080 10.0
 92 57 6  1 1 0.043100 10.0
 92 57 7  1 1 0.052290 10.0
 92 57 8  1 1 0.061780 10.0
 92 57 9  1 1 0.070390 10.0
 92 57 10  1 1 0.077980 10.0
 92 57 11  1 1 0.085190 10.0
 92 57 12  1 1 0.093110 10.0
 92 57 13  1 1 0.102920 10.0
 92 57 14  1 1 0.115170 10.0
 92 57 15  1 1 0.127110 10.0
 92 57 16  1 1 0.136370 10.0
 92 57 17  1 1 0.141860 10.0
 92 57 18  1 1 0.141150 10.0
 92 57 19  1 1 0.133080 10.0
 92 57 20  1 1 0.122250 10.0
 92 57 21  1 1 0.100610 10.0
 92 57 22  1 1 0.046970 10.0
 92 58 3  1 1 0.016670 10.0
 92 58 4  1 1 0.030600 10.0
 92 58 5  1 1 0.033180 10.0
 92 58 6  1 1 0.022770 10.0
 92 58 7  1 1 0.024850 10.0
 92 58 8  1 1 0.038780 10.0
 92 58 9  1 1 0.054450 10.0
 92 58 10  1 1 0.069750 10.0
 92 58 11  1 1 0.081700 10.0
 92 58 12  1 1 0.089930 10.0
 92 58 13  1 1 0.097190 10.0
 92 58 14  1 1 0.106480 10.0
 92 58 15  1 1 0.117930 10.0
 92 58 16  1 1 0.128880 10.0
 92 58 17  1 1 0.137960 10.0
 92 58 18  1 1 0.144030 10.0
 92 58 19  1 1 0.146010 10.0
 92 58 20  1 1 0.141300 10.0
 92 58 21  1 1 0.129550 10.0
 92 58 22  1 1 0.100400 10.0
 92 58 23  1 1 0.044350 10.0
 92 59 3  1 1 0.014440 10.0
 92 59 4  1 1 0.029760 10.0
 92 59 5  1 1 0.033170 10.0
 92 59 10  1 1 0.030090 10.0
 92 59 11  1 1 0.059030 10.0
 92 59 12  1 1 0.077980 10.0
 92 59 13  1 1 0.091650 10.0
 92 59 14  1 1 0.101740 10.0
 92 59 15  1 1 0.110240 10.0
 92 59 16  1 1 0.119520 10.0
 92 59 17  1 1 0.130530 10.0
 92 59 18  1 1 0.139120 10.0
 92 59 19  1 1 0.142950 10.0
 92 59 20  1 1 0.139300 10.0
 92 59 21  1 1 0.126860 10.0
 92 59 22  1 1 0.093680 10.0
 92 60 4  1 1 0.019280 10.0
 92 60 5  1 1 0.023880 10.0
 92 60 11  1 1 0.001600 10.0
 92 60 12  1 1 0.044350 10.0
 92 60 13  1 1 0.068450 10.0
 92 60 14  1 1 0.086340 10.0
 92 60 15  1 1 0.100620 10.0
 92 60 16  1 1 0.112500 10.0
 92 60 17  1 1 0.123450 10.0
 92 60 18  1 1 0.133930 10.0
 92 60 19  1 1 0.140810 10.0
 92 60 20  1 1 0.142400 10.0
 92 60 21  1 1 0.136590 10.0
 92 60 22  1 1 0.117430 10.0
 92 60 23  1 1 0.065160 10.0
 92 61 12  1 1 0.006500 10.0
 92 61 13  1 1 0.038910 10.0
 92 61 14  1 1 0.060850 10.0
 92 61 15  1 1 0.081420 10.0
 92 61 16  1 1 0.100390 10.0
 92 61 17  1 1 0.114650 10.0
 92 61 18  1 1 0.125860 10.0
 92 61 19  1 1 0.132200 10.0
 92 61 20  1 1 0.134310 10.0
 92 61 21  1 1 0.133230 10.0
 92 61 22  1 1 0.120200 10.0
 92 62 12  1 1 0.022990 10.0
 92 62 13  1 1 0.039650 10.0
 92 62 14  1 1 0.053420 10.0
 92 62 15  1 1 0.068460 10.0
 92 62 16  1 1 0.087410 10.0
 92 62 17  1 1 0.104980 10.0
 92 62 18  1 1 0.115080 10.0
 92 62 19  1 1 0.115930 10.0
 92 62 20  1 1 0.103630 10.0
 92 62 21  1 1 0.058830 10.0
 92 63 3  1 1 0.004810 10.0
 92 63 4  1 1 0.001930 10.0
 92 63 11  1 1 0.020920 10.0
 92 63 12  1 1 0.046540 10.0
 92 63 13  1 1 0.060750 10.0
 92 63 14  1 1 0.070710 10.0
 92 63 15  1 1 0.078320 10.0
 92 63 16  1 1 0.086880 10.0
 92 63 17  1 1 0.097560 10.0
 92 63 18  1 1 0.107160 10.0
 92 63 19  1 1 0.105530 10.0
 92 63 20  1 1 0.086130 10.0
 92 63 21  1 1 0.064690 10.0
 92 63 22  1 1 0.052630 10.0
 92 64 3  1 1 0.000700 10.0
 92 64 12  1 1 0.041120 10.0
 92 64 13  1 1 0.066650 10.0
 92 64 14  1 1 0.080110 10.0
 92 64 15  1 1 0.089580 10.0
 92 64 16  1 1 0.096400 10.0
 92 64 17  1 1 0.103100 10.0
 92 64 18  1 1 0.111410 10.0
 92 64 19  1 1 0.121790 10.0
 92 64 20  1 1 0.125890 10.0
 92 64 21  1 1 0.105680 10.0
 92 65 13  1 1 0.033720 10.0
 92 65 14  1 1 0.070390 10.0
 92 65 15  1 1 0.085380 10.0
 92 65 16  1 1 0.099120 10.0
 92 65 17  1 1 0.099050 10.0
 92 65 18  1 1 0.090280 10.0
 92 65 19  1 1 0.075770 10.0
 92 66 3  1 1 0.009340 10.0
 92 66 4  1 1 0.012420 10.0
 92 67 4  1 1 0.026600 10.0
 92 67 5  1 1 0.018250 10.0
 92 68 4  1 1 0.022920 10.0
 92 68 5  1 1 0.037190 10.0
 92 69 3  1 1 0.003090 10.0
 92 69 4  1 1 0.027560 10.0
 92 69 5  1 1 0.044400 10.0
 92 69 6  1 1 0.035850 10.0
 92 70 5  1 1 0.026240 10.0
 93 48 9  1 1 0.038910 10.0
 93 48 10  1 1 0.048530 10.0
 93 48 11  1 1 0.042090 10.0
 93 49 8  1 1 0.044080 10.0
 93 49 9  1 1 0.066960 10.0
 93 49 10  1 1 0.082140 10.0
 93 49 11  1 1 0.093620 10.0
 93 49 12  1 1 0.096830 10.0
 93 49 13  1 1 0.087210 10.0
 93 50 8  1 1 0.012220 10.0
 93 50 9  1 1 0.036350 10.0
 93 50 10  1 1 0.055010 10.0
 93 50 11  1 1 0.074800 10.0
 93 50 12  1 1 0.089060 10.0
 93 50 13  1 1 0.089100 10.0
 93 50 14  1 1 0.061630 10.0
 93 51 8  1 1 0.014320 10.0
 93 51 9  1 1 0.037490 10.0
 93 51 10  1 1 0.060320 10.0
 93 51 11  1 1 0.079000 10.0
 93 51 12  1 1 0.092000 10.0
 93 51 13  1 1 0.096540 10.0
 93 51 14  1 1 0.087760 10.0
 93 52 3  1 1 0.009670 10.0
 93 52 4  1 1 0.023990 10.0
 93 52 5  1 1 0.027820 10.0
 93 52 6  1 1 0.026940 10.0
 93 52 7  1 1 0.027950 10.0
 93 52 8  1 1 0.036430 10.0
 93 52 9  1 1 0.047850 10.0
 93 52 10  1 1 0.062020 10.0
 93 52 11  1 1 0.080000 10.0
 93 52 12  1 1 0.096320 10.0
 93 52 13  1 1 0.107370 10.0
 93 52 14  1 1 0.106630 10.0
 93 52 15  1 1 0.095240 10.0
 93 53 3  1 1 0.017380 10.0
 93 53 4  1 1 0.037280 10.0
 93 53 5  1 1 0.051980 10.0
 93 53 6  1 1 0.063350 10.0
 93 53 7  1 1 0.070350 10.0
 93 53 8  1 1 0.074380 10.0
 93 53 9  1 1 0.080340 10.0
 93 53 10  1 1 0.088360 10.0
 93 53 11  1 1 0.096810 10.0
 93 53 12  1 1 0.105270 10.0
 93 53 13  1 1 0.112620 10.0
 93 53 14  1 1 0.113580 10.0
 93 53 15  1 1 0.100600 10.0
 93 53 16  1 1 0.066730 10.0
 93 54 3  1 1 0.006130 10.0
 93 54 4  1 1 0.031390 10.0
 93 54 5  1 1 0.046980 10.0
 93 54 6  1 1 0.060360 10.0
 93 54 7  1 1 0.072150 10.0
 93 54 8  1 1 0.082430 10.0
 93 54 9  1 1 0.091590 10.0
 93 54 10  1 1 0.100170 10.0
 93 54 11  1 1 0.108670 10.0
 93 54 12  1 1 0.116500 10.0
 93 54 13  1 1 0.121620 10.0
 93 54 14  1 1 0.120300 10.0
 93 54 15  1 1 0.109810 10.0
 93 54 16  1 1 0.082200 10.0
 93 54 17  1 1 0.047380 10.0
 93 55 3  1 1 0.005760 10.0
 93 55 4  1 1 0.032850 10.0
 93 55 5  1 1 0.048660 10.0
 93 55 6  1 1 0.060850 10.0
 93 55 7  1 1 0.070800 10.0
 93 55 8  1 1 0.078860 10.0
 93 55 9  1 1 0.085740 10.0
 93 55 10  1 1 0.093170 10.0
 93 55 11  1 1 0.102120 10.0
 93 55 12  1 1 0.112100 10.0
 93 55 13  1 1 0.120140 10.0
 93 55 14  1 1 0.124740 10.0
 93 55 15  1 1 0.125550 10.0
 93 55 16  1 1 0.121100 10.0
 93 55 17  1 1 0.115830 10.0
 93 55 18  1 1 0.106660 10.0
 93 56 3  1 1 0.010490 10.0
 93 56 4  1 1 0.033350 10.0
 93 56 5  1 1 0.047290 10.0
 93 56 6  1 1 0.058440 10.0
 93 56 7  1 1 0.067380 10.0
 93 56 8  1 1 0.073950 10.0
 93 56 9  1 1 0.079300 10.0
 93 56 10  1 1 0.085700 10.0
 93 56 11  1 1 0.094760 10.0
 93 56 12  1 1 0.106200 10.0
 93 56 13  1 1 0.116340 10.0
 93 56 14  1 1 0.124250 10.0
 93 56 15  1 1 0.130490 10.0
 93 56 16  1 1 0.134460 10.0
 93 56 17  1 1 0.132280 10.0
 93 56 18  1 1 0.113640 10.0
 93 56 19  1 1 0.053530 10.0
 93 57 3  1 1 0.018970 10.0
 93 57 4  1 1 0.033710 10.0
 93 57 5  1 1 0.041980 10.0
 93 57 6  1 1 0.049390 10.0
 93 57 7  1 1 0.056810 10.0
 93 57 8  1 1 0.063310 10.0
 93 57 9  1 1 0.070020 10.0
 93 57 10  1 1 0.077280 10.0
 93 57 11  1 1 0.085940 10.0
 93 57 12  1 1 0.097560 10.0
 93 57 13  1 1 0.109730 10.0
 93 57 14  1 1 0.119410 10.0
 93 57 15  1 1 0.127380 10.0
 93 57 16  1 1 0.133180 10.0
 93 57 17  1 1 0.131910 10.0
 93 57 18  1 1 0.116810 10.0
 93 57 19  1 1 0.069820 10.0
 93 58 3  1 1 0.021620 10.0
 93 58 4  1 1 0.031190 10.0
 93 58 5  1 1 0.028530 10.0
 93 58 6  1 1 0.023650 10.0
 93 58 7  1 1 0.032180 10.0
 93 58 8  1 1 0.043670 10.0
 93 58 9  1 1 0.055220 10.0
 93 58 10  1 1 0.067070 10.0
 93 58 11  1 1 0.077410 10.0
 93 58 12  1 1 0.086830 10.0
 93 58 13  1 1 0.096910 10.0
 93 58 14  1 1 0.107290 10.0
 93 58 15  1 1 0.117750 10.0
 93 58 16  1 1 0.127820 10.0
 93 58 17  1 1 0.135710 10.0
 93 58 18  1 1 0.136820 10.0
 93 58 19  1 1 0.126110 10.0
 93 58 20  1 1 0.086200 10.0
 93 59 3  1 1 0.014400 10.0
 93 59 4  1 1 0.026150 10.0
 93 59 5  1 1 0.022310 10.0
 93 59 8  1 1 0.018560 10.0
 93 59 9  1 1 0.025960 10.0
 93 59 10  1 1 0.040910 10.0
 93 59 11  1 1 0.059030 10.0
 93 59 12  1 1 0.074670 10.0
 93 59 13  1 1 0.086840 10.0
 93 59 14  1 1 0.097480 10.0
 93 59 15  1 1 0.108610 10.0
 93 59 16  1 1 0.120500 10.0
 93 59 17  1 1 0.130370 10.0
 93 59 18  1 1 0.133920 10.0
 93 59 19  1 1 0.125570 10.0
 93 59 20  1 1 0.091620 10.0
 93 60 3  1 1 0.010040 10.0
 93 60 4  1 1 0.029160 10.0
 93 60 5  1 1 0.036510 10.0
 93 60 6  1 1 0.029750 10.0
 93 60 7  1 1 0.022450 10.0
 93 60 8  1 1 0.018420 10.0
 93 60 9  1 1 0.002100 10.0
 93 60 10  1 1 0.007860 10.0
 93 60 11  1 1 0.030430 10.0
 93 60 12  1 1 0.053560 10.0
 93 60 13  1 1 0.073450 10.0
 93 60 14  1 1 0.088150 10.0
 93 60 15  1 1 0.099770 10.0
 93 60 16  1 1 0.111330 10.0
 93 60 17  1 1 0.123710 10.0
 93 60 18  1 1 0.132600 10.0
 93 60 19  1 1 0.133930 10.0
 93 60 20  1 1 0.121650 10.0
 93 60 21  1 1 0.073300 10.0
 93 61 3  1 1 0.009830 10.0
 93 61 4  1 1 0.026280 10.0
 93 61 5  1 1 0.031680 10.0
 93 61 6  1 1 0.028770 10.0
 93 61 7  1 1 0.025770 10.0
 93 61 8  1 1 0.018490 10.0
 93 61 9  1 1 0.003330 10.0
 93 61 11  1 1 0.008560 10.0
 93 61 12  1 1 0.030960 10.0
 93 61 13  1 1 0.052870 10.0
 93 61 14  1 1 0.072100 10.0
 93 61 15  1 1 0.086630 10.0
 93 61 16  1 1 0.101100 10.0
 93 61 17  1 1 0.115010 10.0
 93 61 18  1 1 0.127140 10.0
 93 61 19  1 1 0.134000 10.0
 93 61 20  1 1 0.133300 10.0
 93 61 21  1 1 0.124380 10.0
 93 61 22  1 1 0.092340 10.0
 93 62 3  1 1 0.007410 10.0
 93 62 4  1 1 0.020470 10.0
 93 62 5  1 1 0.022270 10.0
 93 62 6  1 1 0.021950 10.0
 93 62 7  1 1 0.018100 10.0
 93 62 8  1 1 0.007860 10.0
 93 62 9  1 1 0.008350 10.0
 93 62 10  1 1 0.014930 10.0
 93 62 11  1 1 0.021090 10.0
 93 62 12  1 1 0.031700 10.0
 93 62 13  1 1 0.047220 10.0
 93 62 14  1 1 0.062960 10.0
 93 62 15  1 1 0.076820 10.0
 93 62 16  1 1 0.092860 10.0
 93 62 17  1 1 0.108460 10.0
 93 62 18  1 1 0.119010 10.0
 93 62 19  1 1 0.121100 10.0
 93 62 20  1 1 0.104630 10.0
 93 62 21  1 1 0.037280 10.0
 93 63 10  1 1 0.019910 10.0
 93 63 11  1 1 0.041060 10.0
 93 63 12  1 1 0.055140 10.0
 93 63 13  1 1 0.065850 10.0
 93 63 14  1 1 0.075650 10.0
 93 63 15  1 1 0.085600 10.0
 93 63 16  1 1 0.096310 10.0
 93 63 17  1 1 0.106170 10.0
 93 63 18  1 1 0.114700 10.0
 93 63 19  1 1 0.113900 10.0
 93 63 20  1 1 0.086760 10.0
 93 63 21  1 1 0.057570 10.0
 93 63 22  1 1 0.079520 10.0
 93 64 12  1 1 0.035390 10.0
 93 64 13  1 1 0.069630 10.0
 93 64 14  1 1 0.084850 10.0
 93 64 15  1 1 0.094600 10.0
 93 64 16  1 1 0.101740 10.0
 93 64 17  1 1 0.109070 10.0
 93 64 18  1 1 0.117200 10.0
 93 64 19  1 1 0.126130 10.0
 93 64 20  1 1 0.130620 10.0
 93 64 21  1 1 0.122290 10.0
 93 64 22  1 1 0.082090 10.0
 93 65 14  1 1 0.055790 10.0
 93 65 15  1 1 0.088870 10.0
 93 65 16  1 1 0.114040 10.0
 93 65 17  1 1 0.127950 10.0
 93 65 18  1 1 0.130860 10.0
 93 65 19  1 1 0.116050 10.0
 93 65 20  1 1 0.064660 10.0
 93 66 2  1 1 0.006090 10.0
 93 67 3  1 1 0.030280 10.0
 93 67 4  1 1 0.032620 10.0
 93 68 3  1 1 0.020070 10.0
 93 68 4  1 1 0.042040 10.0
 93 68 5  1 1 0.041170 10.0
 93 69 4  1 1 0.019190 10.0
 93 69 5  1 1 0.002550 10.0
 94 47 22  1 1 0.010490 10.0
 94 48 7  1 1 0.005800 10.0
 94 48 8  1 1 0.053500 10.0
 94 48 9  1 1 0.070680 10.0
 94 48 10  1 1 0.070960 10.0
 94 48 11  1 1 0.053950 10.0
 94 48 12  1 1 0.007860 10.0
 94 49 7  1 1 0.001600 10.0
 94 49 8  1 1 0.038640 10.0
 94 49 9  1 1 0.060320 10.0
 94 49 10  1 1 0.080580 10.0
 94 49 11  1 1 0.094930 10.0
 94 49 12  1 1 0.097430 10.0
 94 49 13  1 1 0.080900 10.0
 94 50 7  1 1 0.003660 10.0
 94 50 8  1 1 0.040650 10.0
 94 50 9  1 1 0.063830 10.0
 94 50 10  1 1 0.080850 10.0
 94 50 11  1 1 0.093170 10.0
 94 50 12  1 1 0.099130 10.0
 94 50 13  1 1 0.094610 10.0
 94 50 14  1 1 0.056700 10.0
 94 51 6  1 1 0.019130 10.0
 94 51 7  1 1 0.036820 10.0
 94 51 8  1 1 0.051260 10.0
 94 51 9  1 1 0.066510 10.0
 94 51 10  1 1 0.083140 10.0
 94 51 11  1 1 0.095440 10.0
 94 51 12  1 1 0.104180 10.0
 94 51 13  1 1 0.106160 10.0
 94 51 14  1 1 0.101520 10.0
 94 51 15  1 1 0.068790 10.0
 94 52 3  1 1 0.014980 10.0
 94 52 4  1 1 0.030750 10.0
 94 52 5  1 1 0.040240 10.0
 94 52 6  1 1 0.047450 10.0
 94 52 7  1 1 0.055350 10.0
 94 52 8  1 1 0.064710 10.0
 94 52 9  1 1 0.073170 10.0
 94 52 10  1 1 0.084000 10.0
 94 52 11  1 1 0.096200 10.0
 94 52 12  1 1 0.106650 10.0
 94 52 13  1 1 0.112610 10.0
 94 52 14  1 1 0.107500 10.0
 94 52 15  1 1 0.097270 10.0
 94 53 3  1 1 0.007690 10.0
 94 53 4  1 1 0.031930 10.0
 94 53 5  1 1 0.047890 10.0
 94 53 6  1 1 0.061230 10.0
 94 53 7  1 1 0.072250 10.0
 94 53 8  1 1 0.081430 10.0
 94 53 9  1 1 0.090280 10.0
 94 53 10  1 1 0.098960 10.0
 94 53 11  1 1 0.106460 10.0
 94 53 12  1 1 0.111450 10.0
 94 53 13  1 1 0.110800 10.0
 94 53 14  1 1 0.100010 10.0
 94 53 15  1 1 0.074990 10.0
 94 54 4  1 1 0.021550 10.0
 94 54 5  1 1 0.036870 10.0
 94 54 6  1 1 0.051440 10.0
 94 54 7  1 1 0.064280 10.0
 94 54 8  1 1 0.075860 10.0
 94 54 9  1 1 0.086950 10.0
 94 54 10  1 1 0.097250 10.0
 94 54 11  1 1 0.106260 10.0
 94 54 12  1 1 0.112070 10.0
 94 54 13  1 1 0.110840 10.0
 94 54 14  1 1 0.093030 10.0
 94 54 15  1 1 0.033840 10.0
 94 55 3  1 1 0.002840 10.0
 94 55 4  1 1 0.025240 10.0
 94 55 5  1 1 0.040340 10.0
 94 55 6  1 1 0.053180 10.0
 94 55 7  1 1 0.062860 10.0
 94 55 8  1 1 0.070210 10.0
 94 55 9  1 1 0.078410 10.0
 94 55 10  1 1 0.088530 10.0
 94 55 11  1 1 0.098850 10.0
 94 55 12  1 1 0.107770 10.0
 94 55 13  1 1 0.114690 10.0
 94 55 14  1 1 0.117610 10.0
 94 55 15  1 1 0.117420 10.0
 94 55 16  1 1 0.106200 10.0
 94 55 17  1 1 0.067340 10.0
 94 56 3  1 1 0.000860 10.0
 94 56 4  1 1 0.027850 10.0
 94 56 5  1 1 0.042480 10.0
 94 56 6  1 1 0.052790 10.0
 94 56 7  1 1 0.060080 10.0
 94 56 8  1 1 0.065130 10.0
 94 56 9  1 1 0.070500 10.0
 94 56 10  1 1 0.079040 10.0
 94 56 11  1 1 0.089750 10.0
 94 56 12  1 1 0.101270 10.0
 94 56 13  1 1 0.112870 10.0
 94 56 14  1 1 0.123180 10.0
 94 56 15  1 1 0.130730 10.0
 94 56 16  1 1 0.133340 10.0
 94 56 17  1 1 0.118540 10.0
 94 57 3  1 1 0.018110 10.0
 94 57 4  1 1 0.035230 10.0
 94 57 5  1 1 0.043840 10.0
 94 57 6  1 1 0.049390 10.0
 94 57 7  1 1 0.054260 10.0
 94 57 8  1 1 0.058060 10.0
 94 57 9  1 1 0.060690 10.0
 94 57 10  1 1 0.065980 10.0
 94 57 11  1 1 0.074830 10.0
 94 57 12  1 1 0.086080 10.0
 94 57 13  1 1 0.098770 10.0
 94 57 14  1 1 0.112130 10.0
 94 57 15  1 1 0.124120 10.0
 94 57 16  1 1 0.127070 10.0
 94 57 17  1 1 0.109930 10.0
 94 57 18  1 1 0.037480 10.0
 94 58 3  1 1 0.022550 10.0
 94 58 4  1 1 0.031160 10.0
 94 58 5  1 1 0.033250 10.0
 94 58 6  1 1 0.037780 10.0
 94 58 7  1 1 0.044900 10.0
 94 58 8  1 1 0.050450 10.0
 94 58 9  1 1 0.053200 10.0
 94 58 10  1 1 0.058830 10.0
 94 58 11  1 1 0.067440 10.0
 94 58 12  1 1 0.077390 10.0
 94 58 13  1 1 0.090650 10.0
 94 58 14  1 1 0.107220 10.0
 94 58 15  1 1 0.121690 10.0
 94 58 16  1 1 0.131610 10.0
 94 58 17  1 1 0.135100 10.0
 94 58 18  1 1 0.117060 10.0
 94 58 19  1 1 0.025030 10.0
 94 59 3  1 1 0.016340 10.0
 94 59 4  1 1 0.024950 10.0
 94 59 5  1 1 0.024840 10.0
 94 59 6  1 1 0.027330 10.0
 94 59 7  1 1 0.037850 10.0
 94 59 8  1 1 0.043810 10.0
 94 59 9  1 1 0.042320 10.0
 94 59 10  1 1 0.045040 10.0
 94 59 11  1 1 0.056220 10.0
 94 59 12  1 1 0.069900 10.0
 94 59 13  1 1 0.084680 10.0
 94 59 14  1 1 0.100640 10.0
 94 59 15  1 1 0.116020 10.0
 94 59 16  1 1 0.127540 10.0
 94 59 17  1 1 0.132580 10.0
 94 59 18  1 1 0.114720 10.0
 94 59 19  1 1 0.033450 10.0
 94 60 3  1 1 0.016090 10.0
 94 60 4  1 1 0.032070 10.0
 94 60 5  1 1 0.039600 10.0
 94 60 6  1 1 0.043260 10.0
 94 60 7  1 1 0.050360 10.0
 94 60 8  1 1 0.048860 10.0
 94 60 9  1 1 0.035980 10.0
 94 60 10  1 1 0.029470 10.0
 94 60 11  1 1 0.038660 10.0
 94 60 12  1 1 0.055060 10.0
 94 60 13  1 1 0.071540 10.0
 94 60 14  1 1 0.088980 10.0
 94 60 15  1 1 0.105680 10.0
 94 60 16  1 1 0.119310 10.0
 94 60 17  1 1 0.129300 10.0
 94 60 18  1 1 0.127900 10.0
 94 60 19  1 1 0.098300 10.0
 94 61 3  1 1 0.007030 10.0
 94 61 4  1 1 0.029270 10.0
 94 61 5  1 1 0.042110 10.0
 94 61 6  1 1 0.052030 10.0
 94 61 7  1 1 0.058560 10.0
 94 61 8  1 1 0.055570 10.0
 94 61 9  1 1 0.040620 10.0
 94 61 10  1 1 0.029190 10.0
 94 61 11  1 1 0.030210 10.0
 94 61 12  1 1 0.043070 10.0
 94 61 13  1 1 0.058520 10.0
 94 61 14  1 1 0.077090 10.0
 94 61 15  1 1 0.094360 10.0
 94 61 16  1 1 0.110150 10.0
 94 61 17  1 1 0.123720 10.0
 94 61 18  1 1 0.131570 10.0
 94 61 19  1 1 0.128620 10.0
 94 61 20  1 1 0.105210 10.0
 94 61 21  1 1 0.043270 10.0
 94 62 4  1 1 0.022510 10.0
 94 62 5  1 1 0.032850 10.0
 94 62 6  1 1 0.044010 10.0
 94 62 7  1 1 0.047170 10.0
 94 62 8  1 1 0.043340 10.0
 94 62 9  1 1 0.039900 10.0
 94 62 10  1 1 0.040650 10.0
 94 62 11  1 1 0.045370 10.0
 94 62 12  1 1 0.053040 10.0
 94 62 13  1 1 0.064430 10.0
 94 62 14  1 1 0.078270 10.0
 94 62 15  1 1 0.091290 10.0
 94 62 16  1 1 0.106100 10.0
 94 62 17  1 1 0.119530 10.0
 94 62 18  1 1 0.123850 10.0
 94 62 19  1 1 0.103460 10.0
 94 62 20  1 1 0.014730 10.0
 94 63 3  1 1 0.001600 10.0
 94 63 4  1 1 0.001730 10.0
 94 63 9  1 1 0.008230 10.0
 94 63 10  1 1 0.021120 10.0
 94 63 11  1 1 0.034970 10.0
 94 63 12  1 1 0.053510 10.0
 94 63 13  1 1 0.070670 10.0
 94 63 14  1 1 0.083660 10.0
 94 63 15  1 1 0.093880 10.0
 94 63 16  1 1 0.102610 10.0
 94 63 17  1 1 0.111560 10.0
 94 63 18  1 1 0.114800 10.0
 94 63 19  1 1 0.096390 10.0
 94 63 20  1 1 0.045640 10.0
 94 64 13  1 1 0.035600 10.0
 94 64 14  1 1 0.072040 10.0
 94 64 15  1 1 0.091880 10.0
 94 64 16  1 1 0.107470 10.0
 94 64 17  1 1 0.120090 10.0
 94 64 18  1 1 0.130630 10.0
 94 64 19  1 1 0.135760 10.0
 94 64 20  1 1 0.130600 10.0
 94 64 21  1 1 0.106040 10.0
 94 65 15  1 1 0.016050 10.0
 94 65 16  1 1 0.059820 10.0
 94 65 17  1 1 0.084540 10.0
 94 65 18  1 1 0.090520 10.0
 94 65 19  1 1 0.076830 10.0
 94 65 20  1 1 0.032100 10.0
 95 2 4  1 1 0.006340 10.0
 95 47 8  1 1 0.047210 10.0
 95 47 9  1 1 0.056180 10.0
 95 47 10  1 1 0.042090 10.0
 95 48 7  1 1 0.018620 10.0
 95 48 8  1 1 0.057400 10.0
 95 48 9  1 1 0.076960 10.0
 95 48 10  1 1 0.082080 10.0
 95 48 11  1 1 0.064470 10.0
 95 49 7  1 1 0.032900 10.0
 95 49 8  1 1 0.056070 10.0
 95 49 9  1 1 0.074600 10.0
 95 49 10  1 1 0.086020 10.0
 95 49 11  1 1 0.090290 10.0
 95 49 12  1 1 0.078790 10.0
 95 49 13  1 1 0.020890 10.0
 95 50 5  1 1 0.017490 10.0
 95 50 6  1 1 0.040600 10.0
 95 50 7  1 1 0.060530 10.0
 95 50 8  1 1 0.080060 10.0
 95 50 9  1 1 0.093250 10.0
 95 50 10  1 1 0.099480 10.0
 95 50 11  1 1 0.099250 10.0
 95 50 12  1 1 0.094690 10.0
 95 50 13  1 1 0.087260 10.0
 95 51 4  1 1 0.016220 10.0
 95 51 5  1 1 0.034530 10.0
 95 51 6  1 1 0.049500 10.0
 95 51 7  1 1 0.062060 10.0
 95 51 8  1 1 0.072020 10.0
 95 51 9  1 1 0.082620 10.0
 95 51 10  1 1 0.093610 10.0
 95 51 11  1 1 0.102570 10.0
 95 51 12  1 1 0.107020 10.0
 95 51 13  1 1 0.101020 10.0
 95 51 14  1 1 0.079440 10.0
 95 52 3  1 1 0.016870 10.0
 95 52 4  1 1 0.034210 10.0
 95 52 5  1 1 0.047290 10.0
 95 52 6  1 1 0.058520 10.0
 95 52 7  1 1 0.068740 10.0
 95 52 8  1 1 0.078120 10.0
 95 52 9  1 1 0.085970 10.0
 95 52 10  1 1 0.093010 10.0
 95 52 11  1 1 0.098920 10.0
 95 52 12  1 1 0.104870 10.0
 95 52 13  1 1 0.107080 10.0
 95 52 14  1 1 0.102190 10.0
 95 52 15  1 1 0.036520 10.0
 95 53 4  1 1 0.027570 10.0
 95 53 5  1 1 0.044280 10.0
 95 53 6  1 1 0.058790 10.0
 95 53 7  1 1 0.072330 10.0
 95 53 8  1 1 0.084210 10.0
 95 53 9  1 1 0.094160 10.0
 95 53 10  1 1 0.101770 10.0
 95 53 11  1 1 0.105610 10.0
 95 53 12  1 1 0.107040 10.0
 95 53 13  1 1 0.101270 10.0
 95 53 14  1 1 0.097310 10.0
 95 54 4  1 1 0.011850 10.0
 95 54 5  1 1 0.031510 10.0
 95 54 6  1 1 0.047030 10.0
 95 54 7  1 1 0.062080 10.0
 95 54 8  1 1 0.076730 10.0
 95 54 9  1 1 0.089440 10.0
 95 54 10  1 1 0.100230 10.0
 95 54 11  1 1 0.108140 10.0
 95 54 12  1 1 0.111800 10.0
 95 54 13  1 1 0.101960 10.0
 95 54 14  1 1 0.054590 10.0
 95 54 27  1 1 0.040050 10.0
 95 54 28  1 1 0.050700 10.0
 95 54 29  1 1 0.032070 10.0
 95 55 4  1 1 0.015060 10.0
 95 55 5  1 1 0.031420 10.0
 95 55 6  1 1 0.043570 10.0
 95 55 7  1 1 0.054950 10.0
 95 55 8  1 1 0.067370 10.0
 95 55 9  1 1 0.080430 10.0
 95 55 10  1 1 0.093060 10.0
 95 55 11  1 1 0.104170 10.0
 95 55 12  1 1 0.115070 10.0
 95 55 13  1 1 0.122050 10.0
 95 55 14  1 1 0.104600 10.0
 95 55 15  1 1 0.042200 10.0
 95 56 4  1 1 0.007530 10.0
 95 56 5  1 1 0.028500 10.0
 95 56 6  1 1 0.041610 10.0
 95 56 7  1 1 0.051040 10.0
 95 56 8  1 1 0.060620 10.0
 95 56 9  1 1 0.072320 10.0
 95 56 10  1 1 0.085520 10.0
 95 56 11  1 1 0.098870 10.0
 95 56 12  1 1 0.113040 10.0
 95 56 13  1 1 0.124700 10.0
 95 56 14  1 1 0.129350 10.0
 95 56 15  1 1 0.119940 10.0
 95 56 16  1 1 0.085620 10.0
 95 57 3  1 1 0.004900 10.0
 95 57 4  1 1 0.023410 10.0
 95 57 5  1 1 0.035000 10.0
 95 57 6  1 1 0.045390 10.0
 95 57 7  1 1 0.052670 10.0
 95 57 8  1 1 0.059520 10.0
 95 57 9  1 1 0.069110 10.0
 95 57 10  1 1 0.081720 10.0
 95 57 11  1 1 0.095050 10.0
 95 57 12  1 1 0.109830 10.0
 95 57 13  1 1 0.124150 10.0
 95 57 14  1 1 0.132850 10.0
 95 57 15  1 1 0.126470 10.0
 95 57 16  1 1 0.098960 10.0
 95 58 3  1 1 0.023990 10.0
 95 58 4  1 1 0.038060 10.0
 95 58 5  1 1 0.046830 10.0
 95 58 6  1 1 0.053480 10.0
 95 58 7  1 1 0.059680 10.0
 95 58 8  1 1 0.067220 10.0
 95 58 9  1 1 0.076740 10.0
 95 58 10  1 1 0.087590 10.0
 95 58 11  1 1 0.098530 10.0
 95 58 12  1 1 0.109050 10.0
 95 58 13  1 1 0.119710 10.0
 95 58 14  1 1 0.126580 10.0
 95 58 15  1 1 0.122900 10.0
 95 58 16  1 1 0.099890 10.0
 95 58 17  1 1 0.057230 10.0
 95 59 2  1 1 0.000370 10.0
 95 59 3  1 1 0.027500 10.0
 95 59 4  1 1 0.040160 10.0
 95 59 5  1 1 0.046010 10.0
 95 59 6  1 1 0.052640 10.0
 95 59 7  1 1 0.060980 10.0
 95 59 8  1 1 0.068490 10.0
 95 59 9  1 1 0.076760 10.0
 95 59 10  1 1 0.086780 10.0
 95 59 11  1 1 0.097010 10.0
 95 59 12  1 1 0.105800 10.0
 95 59 13  1 1 0.114820 10.0
 95 59 14  1 1 0.123810 10.0
 95 59 15  1 1 0.126310 10.0
 95 59 16  1 1 0.107140 10.0
 95 59 17  1 1 0.061130 10.0
 95 60 2  1 1 0.002590 10.0
 95 60 3  1 1 0.026240 10.0
 95 60 4  1 1 0.037850 10.0
 95 60 5  1 1 0.044420 10.0
 95 60 6  1 1 0.050550 10.0
 95 60 7  1 1 0.058040 10.0
 95 60 8  1 1 0.061760 10.0
 95 60 9  1 1 0.066040 10.0
 95 60 10  1 1 0.073850 10.0
 95 60 11  1 1 0.084220 10.0
 95 60 12  1 1 0.094800 10.0
 95 60 13  1 1 0.105180 10.0
 95 60 14  1 1 0.116390 10.0
 95 60 15  1 1 0.123260 10.0
 95 60 16  1 1 0.114430 10.0
 95 60 17  1 1 0.076910 10.0
 95 61 2  1 1 0.002220 10.0
 95 61 3  1 1 0.027100 10.0
 95 61 4  1 1 0.040930 10.0
 95 61 5  1 1 0.051650 10.0
 95 61 6  1 1 0.057440 10.0
 95 61 7  1 1 0.060340 10.0
 95 61 8  1 1 0.058990 10.0
 95 61 9  1 1 0.059720 10.0
 95 61 10  1 1 0.065280 10.0
 95 61 11  1 1 0.074110 10.0
 95 61 12  1 1 0.084010 10.0
 95 61 13  1 1 0.094280 10.0
 95 61 14  1 1 0.106450 10.0
 95 61 15  1 1 0.117140 10.0
 95 61 16  1 1 0.118610 10.0
 95 61 17  1 1 0.097470 10.0
 95 61 18  1 1 0.069470 10.0
 95 61 19  1 1 0.012050 10.0
 95 62 3  1 1 0.021990 10.0
 95 62 4  1 1 0.034900 10.0
 95 62 5  1 1 0.046120 10.0
 95 62 6  1 1 0.051530 10.0
 95 62 7  1 1 0.050210 10.0
 95 62 8  1 1 0.047800 10.0
 95 62 9  1 1 0.052180 10.0
 95 62 10  1 1 0.061720 10.0
 95 62 11  1 1 0.070990 10.0
 95 62 12  1 1 0.080750 10.0
 95 62 13  1 1 0.093550 10.0
 95 62 14  1 1 0.107070 10.0
 95 62 15  1 1 0.116130 10.0
 95 62 16  1 1 0.114670 10.0
 95 62 17  1 1 0.101600 10.0
 95 62 18  1 1 0.076670 10.0
 95 63 3  1 1 0.006340 10.0
 95 63 4  1 1 0.007690 10.0
 95 63 5  1 1 0.016830 10.0
 95 63 6  1 1 0.016010 10.0
 95 63 14  1 1 0.025190 10.0
 95 63 15  1 1 0.030930 10.0
 95 63 16  1 1 0.031360 10.0
 95 63 17  1 1 0.033220 10.0
 95 63 18  1 1 0.018420 10.0
 95 64 16  1 1 0.013580 10.0
 95 64 17  1 1 0.057740 10.0
 95 64 18  1 1 0.076470 10.0
 95 64 19  1 1 0.070550 10.0
 95 64 20  1 1 0.016590 10.0
 95 88 20  1 1 0.009630 10.0
 95 88 21  1 1 0.062800 10.0
 95 88 22  1 1 0.086180 10.0
 95 88 23  1 1 0.101430 10.0
 95 88 24  1 1 0.088480 10.0
 95 88 25  1 1 0.072970 10.0
 95 88 26  1 1 0.071870 10.0
 95 89 21  1 1 0.046540 10.0
 95 89 22  1 1 0.087200 10.0
 95 89 23  1 1 0.112920 10.0
 95 89 24  1 1 0.116310 10.0
 95 89 25  1 1 0.104790 10.0
 95 89 26  1 1 0.109510 10.0
 95 89 27  1 1 0.106670 10.0
 95 89 28  1 1 0.089750 10.0
 95 90 22  1 1 0.022690 10.0
 95 90 23  1 1 0.065410 10.0
 95 90 24  1 1 0.094670 10.0
 95 90 25  1 1 0.105730 10.0
 95 90 26  1 1 0.125230 10.0
 95 90 27  1 1 0.115070 10.0
 95 90 28  1 1 0.051300 10.0
 95 91 24  1 1 0.002100 10.0
 95 91 25  1 1 0.076760 10.0
 95 91 26  1 1 0.105210 10.0
 95 91 27  1 1 0.099070 10.0
 95 98 4  1 1 0.006340 10.0
 96 3 17  1 1 0.030990 10.0
 96 46 8  1 1 0.004200 10.0
 96 46 9  1 1 0.027370 10.0
 96 47 7  1 1 0.017600 10.0
 96 47 8  1 1 0.063110 10.0
 96 47 9  1 1 0.070980 10.0
 96 47 10  1 1 0.062380 10.0
 96 47 11  1 1 0.018220 10.0
 96 48 7  1 1 0.020760 10.0
 96 48 8  1 1 0.052290 10.0
 96 48 9  1 1 0.072290 10.0
 96 48 10  1 1 0.080770 10.0
 96 48 11  1 1 0.059820 10.0
 96 49 5  1 1 0.017150 10.0
 96 49 6  1 1 0.037960 10.0
 96 49 7  1 1 0.054750 10.0
 96 49 8  1 1 0.070090 10.0
 96 49 9  1 1 0.079760 10.0
 96 49 10  1 1 0.082100 10.0
 96 49 11  1 1 0.067190 10.0
 96 49 12  1 1 0.030150 10.0
 96 50 4  1 1 0.032320 10.0
 96 50 5  1 1 0.050930 10.0
 96 50 6  1 1 0.066180 10.0
 96 50 7  1 1 0.079630 10.0
 96 50 8  1 1 0.090770 10.0
 96 50 9  1 1 0.098450 10.0
 96 50 10  1 1 0.100890 10.0
 96 50 11  1 1 0.097470 10.0
 96 50 12  1 1 0.082700 10.0
 96 50 13  1 1 0.031760 10.0
 96 51 3  1 1 0.009170 10.0
 96 51 4  1 1 0.032420 10.0
 96 51 5  1 1 0.046970 10.0
 96 51 6  1 1 0.058990 10.0
 96 51 7  1 1 0.068970 10.0
 96 51 8  1 1 0.078420 10.0
 96 51 9  1 1 0.088850 10.0
 96 51 10  1 1 0.099530 10.0
 96 51 11  1 1 0.109780 10.0
 96 51 12  1 1 0.116420 10.0
 96 51 13  1 1 0.111260 10.0
 96 52 3  1 1 0.018390 10.0
 96 52 4  1 1 0.034950 10.0
 96 52 5  1 1 0.047500 10.0
 96 52 6  1 1 0.057890 10.0
 96 52 7  1 1 0.066620 10.0
 96 52 8  1 1 0.074800 10.0
 96 52 9  1 1 0.083830 10.0
 96 52 10  1 1 0.093420 10.0
 96 52 11  1 1 0.104550 10.0
 96 52 12  1 1 0.111700 10.0
 96 52 13  1 1 0.106600 10.0
 96 52 14  1 1 0.066600 10.0
 96 52 27  1 1 0.019880 10.0
 96 52 28  1 1 0.017070 10.0
 96 52 29  1 1 0.007860 10.0
 96 53 4  1 1 0.027040 10.0
 96 53 5  1 1 0.043490 10.0
 96 53 6  1 1 0.056530 10.0
 96 53 7  1 1 0.065870 10.0
 96 53 8  1 1 0.072570 10.0
 96 53 9  1 1 0.082320 10.0
 96 53 10  1 1 0.094160 10.0
 96 53 11  1 1 0.108240 10.0
 96 53 12  1 1 0.113500 10.0
 96 53 13  1 1 0.097790 10.0
 96 53 14  1 1 0.033810 10.0
 96 53 26  1 1 0.021270 10.0
 96 53 27  1 1 0.029040 10.0
 96 53 28  1 1 0.023180 10.0
 96 54 4  1 1 0.018140 10.0
 96 54 5  1 1 0.039760 10.0
 96 54 6  1 1 0.054930 10.0
 96 54 7  1 1 0.065670 10.0
 96 54 8  1 1 0.071930 10.0
 96 54 9  1 1 0.080330 10.0
 96 54 10  1 1 0.091300 10.0
 96 54 11  1 1 0.101570 10.0
 96 54 12  1 1 0.098440 10.0
 96 54 13  1 1 0.059560 10.0
 96 54 27  1 1 0.045940 10.0
 96 54 28  1 1 0.052600 10.0
 96 54 29  1 1 0.052010 10.0
 96 54 30  1 1 0.032340 10.0
 96 55 4  1 1 0.031700 10.0
 96 55 5  1 1 0.048260 10.0
 96 55 6  1 1 0.060280 10.0
 96 55 7  1 1 0.070020 10.0
 96 55 8  1 1 0.078790 10.0
 96 55 9  1 1 0.085820 10.0
 96 55 10  1 1 0.094180 10.0
 96 55 11  1 1 0.104090 10.0
 96 55 12  1 1 0.097390 10.0
 96 55 13  1 1 0.052740 10.0
 96 55 26  1 1 0.026760 10.0
 96 55 27  1 1 0.043960 10.0
 96 55 28  1 1 0.041370 10.0
 96 55 29  1 1 0.046010 10.0
 96 55 30  1 1 0.009540 10.0
 96 56 4  1 1 0.032930 10.0
 96 56 5  1 1 0.049210 10.0
 96 56 6  1 1 0.060340 10.0
 96 56 7  1 1 0.069270 10.0
 96 56 8  1 1 0.078210 10.0
 96 56 9  1 1 0.086430 10.0
 96 56 10  1 1 0.093500 10.0
 96 56 11  1 1 0.100850 10.0
 96 56 12  1 1 0.099870 10.0
 96 56 13  1 1 0.084060 10.0
 96 56 14  1 1 0.050040 10.0
 96 57 3  1 1 0.005180 10.0
 96 57 4  1 1 0.035520 10.0
 96 57 5  1 1 0.050860 10.0
 96 57 6  1 1 0.061160 10.0
 96 57 7  1 1 0.069860 10.0
 96 57 8  1 1 0.080430 10.0
 96 57 9  1 1 0.088630 10.0
 96 57 10  1 1 0.093580 10.0
 96 57 11  1 1 0.098030 10.0
 96 57 12  1 1 0.099280 10.0
 96 57 13  1 1 0.090330 10.0
 96 57 14  1 1 0.055300 10.0
 96 58 3  1 1 0.019130 10.0
 96 58 4  1 1 0.037370 10.0
 96 58 5  1 1 0.051570 10.0
 96 58 6  1 1 0.064510 10.0
 96 58 7  1 1 0.074240 10.0
 96 58 8  1 1 0.083550 10.0
 96 58 9  1 1 0.087060 10.0
 96 58 10  1 1 0.087280 10.0
 96 58 11  1 1 0.086310 10.0
 96 58 12  1 1 0.086820 10.0
 96 58 13  1 1 0.081220 10.0
 96 58 14  1 1 0.061150 10.0
 96 59 3  1 1 0.005430 10.0
 96 59 4  1 1 0.025850 10.0
 96 59 5  1 1 0.043040 10.0
 96 59 6  1 1 0.057660 10.0
 96 59 7  1 1 0.069290 10.0
 96 59 8  1 1 0.081120 10.0
 96 59 9  1 1 0.084970 10.0
 96 59 10  1 1 0.077840 10.0
 96 59 11  1 1 0.076740 10.0
 96 59 12  1 1 0.086280 10.0
 96 59 13  1 1 0.088510 10.0
 96 59 14  1 1 0.072330 10.0
 96 59 15  1 1 0.026420 10.0
 96 60 3  1 1 0.016830 10.0
 96 60 4  1 1 0.030600 10.0
 96 60 5  1 1 0.040440 10.0
 96 60 6  1 1 0.053870 10.0
 96 60 7  1 1 0.063780 10.0
 96 60 8  1 1 0.074110 10.0
 96 60 9  1 1 0.077300 10.0
 96 60 10  1 1 0.074810 10.0
 96 60 11  1 1 0.075440 10.0
 96 60 12  1 1 0.082300 10.0
 96 60 13  1 1 0.083390 10.0
 96 60 14  1 1 0.075210 10.0
 96 60 15  1 1 0.048950 10.0
 96 61 2  1 1 0.003500 10.0
 96 61 3  1 1 0.030240 10.0
 96 61 4  1 1 0.040600 10.0
 96 61 5  1 1 0.043170 10.0
 96 61 6  1 1 0.049690 10.0
 96 61 7  1 1 0.051030 10.0
 96 61 8  1 1 0.060830 10.0
 96 61 9  1 1 0.064860 10.0
 96 61 10  1 1 0.062300 10.0
 96 61 11  1 1 0.063760 10.0
 96 61 12  1 1 0.071150 10.0
 96 61 13  1 1 0.077170 10.0
 96 61 14  1 1 0.073640 10.0
 96 61 15  1 1 0.054830 10.0
 96 62 3  1 1 0.031280 10.0
 96 62 4  1 1 0.045130 10.0
 96 62 5  1 1 0.047640 10.0
 96 62 6  1 1 0.043940 10.0
 96 62 7  1 1 0.030180 10.0
 96 62 8  1 1 0.027030 10.0
 96 62 9  1 1 0.007120 10.0
 96 62 12  1 1 0.019060 10.0
 96 62 13  1 1 0.040370 10.0
 96 62 14  1 1 0.044710 10.0
 96 62 15  1 1 0.032590 10.0
 96 63 4  1 1 0.021920 10.0
 96 63 5  1 1 0.028070 10.0
 96 63 6  1 1 0.020200 10.0
 96 87 19  1 1 0.049800 10.0
 96 87 20  1 1 0.072820 10.0
 96 87 21  1 1 0.081610 10.0
 96 87 22  1 1 0.086100 10.0
 96 87 23  1 1 0.087070 10.0
 96 87 24  1 1 0.076450 10.0
 96 87 25  1 1 0.066160 10.0
 96 87 26  1 1 0.040080 10.0
 96 88 18  1 1 0.004810 10.0
 96 88 19  1 1 0.049780 10.0
 96 88 20  1 1 0.072800 10.0
 96 88 21  1 1 0.089440 10.0
 96 88 22  1 1 0.103710 10.0
 96 88 23  1 1 0.116380 10.0
 96 88 24  1 1 0.128060 10.0
 96 88 25  1 1 0.139520 10.0
 96 88 26  1 1 0.147990 10.0
 96 88 27  1 1 0.144460 10.0
 96 88 28  1 1 0.099440 10.0
 96 89 19  1 1 0.038550 10.0
 96 89 20  1 1 0.060140 10.0
 96 89 21  1 1 0.077680 10.0
 96 89 22  1 1 0.094540 10.0
 96 89 23  1 1 0.110060 10.0
 96 89 24  1 1 0.125500 10.0
 96 89 25  1 1 0.140470 10.0
 96 89 26  1 1 0.152230 10.0
 96 89 27  1 1 0.157050 10.0
 96 89 28  1 1 0.152860 10.0
 96 89 29  1 1 0.141930 10.0
 96 90 20  1 1 0.021090 10.0
 96 90 21  1 1 0.051940 10.0
 96 90 22  1 1 0.087070 10.0
 96 90 23  1 1 0.112810 10.0
 96 90 24  1 1 0.129930 10.0
 96 90 25  1 1 0.140990 10.0
 96 90 26  1 1 0.148630 10.0
 96 90 27  1 1 0.151480 10.0
 96 90 28  1 1 0.144260 10.0
 96 90 29  1 1 0.118810 10.0
 96 91 23  1 1 0.042740 10.0
 96 91 24  1 1 0.097190 10.0
 96 91 25  1 1 0.128490 10.0
 96 91 26  1 1 0.142270 10.0
 96 91 27  1 1 0.151730 10.0
 96 91 28  1 1 0.187990 10.0
 96 92 24  1 1 0.036560 10.0
 96 92 25  1 1 0.084550 10.0
 96 92 26  1 1 0.101970 10.0
 96 92 27  1 1 0.086580 10.0
 96 99 17  1 1 0.030990 10.0
 97 2 11  1 1 0.047890 10.0
 97 2 12  1 1 0.063110 10.0
 97 2 13  1 1 0.071670 10.0
 97 2 14  1 1 0.072370 10.0
 97 2 15  1 1 0.074250 10.0
 97 2 16  1 1 0.082680 10.0
 97 2 17  1 1 0.082480 10.0
 97 3 11  1 1 0.020500 10.0
 97 3 12  1 1 0.044150 10.0
 97 3 13  1 1 0.061030 10.0
 97 3 14  1 1 0.073670 10.0
 97 3 15  1 1 0.082630 10.0
 97 3 16  1 1 0.091090 10.0
 97 3 17  1 1 0.095660 10.0
 97 3 18  1 1 0.089680 10.0
 97 4 11  1 1 0.025320 10.0
 97 4 12  1 1 0.038160 10.0
 97 4 13  1 1 0.050970 10.0
 97 4 14  1 1 0.068370 10.0
 97 4 15  1 1 0.079570 10.0
 97 4 16  1 1 0.084140 10.0
 97 4 17  1 1 0.094370 10.0
 97 4 18  1 1 0.097620 10.0
 97 5 14  1 1 0.025330 10.0
 97 5 15  1 1 0.055860 10.0
 97 5 16  1 1 0.063060 10.0
 97 5 17  1 1 0.054210 10.0
 97 46 8  1 1 0.046450 10.0
 97 46 9  1 1 0.060710 10.0
 97 46 10  1 1 0.051810 10.0
 97 46 11  1 1 0.005550 10.0
 97 47 7  1 1 0.031510 10.0
 97 47 8  1 1 0.069990 10.0
 97 47 9  1 1 0.081440 10.0
 97 47 10  1 1 0.086360 10.0
 97 47 11  1 1 0.073320 10.0
 97 47 12  1 1 0.046430 10.0
 97 48 7  1 1 0.024070 10.0
 97 48 8  1 1 0.046630 10.0
 97 48 9  1 1 0.063800 10.0
 97 48 10  1 1 0.074850 10.0
 97 48 11  1 1 0.068310 10.0
 97 48 12  1 1 0.033430 10.0
 97 49 4  1 1 0.025460 10.0
 97 49 5  1 1 0.044160 10.0
 97 49 6  1 1 0.053620 10.0
 97 49 7  1 1 0.061370 10.0
 97 49 8  1 1 0.069050 10.0
 97 49 9  1 1 0.074890 10.0
 97 49 10  1 1 0.071330 10.0
 97 49 11  1 1 0.050040 10.0
 97 50 3  1 1 0.020110 10.0
 97 50 4  1 1 0.039040 10.0
 97 50 5  1 1 0.054310 10.0
 97 50 6  1 1 0.066280 10.0
 97 50 7  1 1 0.074270 10.0
 97 50 8  1 1 0.081850 10.0
 97 50 9  1 1 0.088320 10.0
 97 50 10  1 1 0.087350 10.0
 97 50 11  1 1 0.074970 10.0
 97 50 12  1 1 0.042530 10.0
 97 51 3  1 1 0.002590 10.0
 97 51 4  1 1 0.026070 10.0
 97 51 5  1 1 0.041820 10.0
 97 51 6  1 1 0.055230 10.0
 97 51 7  1 1 0.066760 10.0
 97 51 8  1 1 0.078490 10.0
 97 51 9  1 1 0.090880 10.0
 97 51 10  1 1 0.103300 10.0
 97 51 11  1 1 0.109210 10.0
 97 51 12  1 1 0.098100 10.0
 97 51 13  1 1 0.049260 10.0
 97 52 3  1 1 0.017560 10.0
 97 52 4  1 1 0.037820 10.0
 97 52 5  1 1 0.052120 10.0
 97 52 6  1 1 0.064030 10.0
 97 52 7  1 1 0.075740 10.0
 97 52 8  1 1 0.087370 10.0
 97 52 9  1 1 0.098300 10.0
 97 52 10  1 1 0.106230 10.0
 97 52 11  1 1 0.109600 10.0
 97 52 12  1 1 0.109150 10.0
 97 52 13  1 1 0.085480 10.0
 97 53 3  1 1 0.020170 10.0
 97 53 4  1 1 0.037060 10.0
 97 53 5  1 1 0.046960 10.0
 97 53 6  1 1 0.056350 10.0
 97 53 7  1 1 0.067770 10.0
 97 53 8  1 1 0.082210 10.0
 97 53 9  1 1 0.092680 10.0
 97 53 10  1 1 0.096480 10.0
 97 53 11  1 1 0.095290 10.0
 97 53 12  1 1 0.079470 10.0
 97 53 29  1 1 0.001480 10.0
 97 53 30  1 1 0.031560 10.0
 97 53 31  1 1 0.038580 10.0
 97 54 3  1 1 0.005880 10.0
 97 54 4  1 1 0.022010 10.0
 97 54 5  1 1 0.029360 10.0
 97 54 6  1 1 0.044470 10.0
 97 54 7  1 1 0.060000 10.0
 97 54 8  1 1 0.073130 10.0
 97 54 9  1 1 0.076950 10.0
 97 54 10  1 1 0.070410 10.0
 97 54 11  1 1 0.060140 10.0
 97 54 31  1 1 0.022970 10.0
 97 55 3  1 1 0.001810 10.0
 97 55 5  1 1 0.022250 10.0
 97 55 6  1 1 0.050060 10.0
 97 55 7  1 1 0.065980 10.0
 97 55 8  1 1 0.071710 10.0
 97 55 9  1 1 0.069650 10.0
 97 55 10  1 1 0.059180 10.0
 97 55 11  1 1 0.027070 10.0
 97 56 3  1 1 0.000780 10.0
 97 56 4  1 1 0.005840 10.0
 97 56 5  1 1 0.031540 10.0
 97 56 6  1 1 0.051170 10.0
 97 56 7  1 1 0.060530 10.0
 97 56 8  1 1 0.065990 10.0
 97 56 9  1 1 0.067060 10.0
 97 56 10  1 1 0.058200 10.0
 97 56 11  1 1 0.033430 10.0
 97 57 4  1 1 0.006540 10.0
 97 57 5  1 1 0.026800 10.0
 97 57 6  1 1 0.043200 10.0
 97 57 7  1 1 0.050800 10.0
 97 57 8  1 1 0.039790 10.0
 97 57 9  1 1 0.009870 10.0
 97 58 6  1 1 0.026840 10.0
 97 58 7  1 1 0.040260 10.0
 97 58 8  1 1 0.023200 10.0
 97 59 5  1 1 0.012790 10.0
 97 59 6  1 1 0.025630 10.0
 97 59 7  1 1 0.027850 10.0
 97 60 5  1 1 0.023920 10.0
 97 60 6  1 1 0.007280 10.0
 97 61 5  1 1 0.024660 10.0
 97 62 5  1 1 0.002960 10.0
 97 87 17  1 1 0.023870 10.0
 97 87 18  1 1 0.059600 10.0
 97 87 19  1 1 0.081100 10.0
 97 87 20  1 1 0.091220 10.0
 97 87 21  1 1 0.091380 10.0
 97 87 22  1 1 0.093430 10.0
 97 87 23  1 1 0.089920 10.0
 97 87 24  1 1 0.071910 10.0
 97 87 25  1 1 0.059500 10.0
 97 87 26  1 1 0.040190 10.0
 97 88 16  1 1 0.007900 10.0
 97 88 17  1 1 0.030580 10.0
 97 88 18  1 1 0.044450 10.0
 97 88 19  1 1 0.060020 10.0
 97 88 20  1 1 0.078110 10.0
 97 88 21  1 1 0.096010 10.0
 97 88 22  1 1 0.111690 10.0
 97 88 23  1 1 0.124570 10.0
 97 88 24  1 1 0.135120 10.0
 97 88 25  1 1 0.143960 10.0
 97 88 26  1 1 0.151030 10.0
 97 88 27  1 1 0.152390 10.0
 97 88 28  1 1 0.136190 10.0
 97 88 29  1 1 0.042500 10.0
 97 89 18  1 1 0.023540 10.0
 97 89 19  1 1 0.048010 10.0
 97 89 20  1 1 0.068130 10.0
 97 89 21  1 1 0.086150 10.0
 97 89 22  1 1 0.102570 10.0
 97 89 23  1 1 0.117130 10.0
 97 89 24  1 1 0.130950 10.0
 97 89 25  1 1 0.143290 10.0
 97 89 26  1 1 0.153690 10.0
 97 89 27  1 1 0.157050 10.0
 97 89 28  1 1 0.145680 10.0
 97 89 29  1 1 0.128240 10.0
 97 90 20  1 1 0.037000 10.0
 97 90 21  1 1 0.064660 10.0
 97 90 22  1 1 0.088850 10.0
 97 90 23  1 1 0.108180 10.0
 97 90 24  1 1 0.123140 10.0
 97 90 25  1 1 0.134890 10.0
 97 90 26  1 1 0.143850 10.0
 97 90 27  1 1 0.146510 10.0
 97 90 28  1 1 0.149020 10.0
 97 91 21  1 1 0.036680 10.0
 97 91 22  1 1 0.071970 10.0
 97 91 23  1 1 0.099280 10.0
 97 91 24  1 1 0.120710 10.0
 97 91 25  1 1 0.131040 10.0
 97 91 26  1 1 0.119110 10.0
 97 91 27  1 1 0.082250 10.0
 97 92 21  1 1 0.016430 10.0
 97 92 22  1 1 0.063010 10.0
 97 92 23  1 1 0.084740 10.0
 97 92 24  1 1 0.089350 10.0
 97 92 25  1 1 0.078430 10.0
 97 92 26  1 1 0.044640 10.0
 97 93 23  1 1 0.038390 10.0
 97 93 24  1 1 0.064120 10.0
 97 93 25  1 1 0.052370 10.0
 97 98 11  1 1 0.047890 10.0
 97 98 12  1 1 0.063110 10.0
 97 98 13  1 1 0.071670 10.0
 97 98 14  1 1 0.072370 10.0
 97 98 15  1 1 0.074250 10.0
 97 98 16  1 1 0.082680 10.0
 97 98 17  1 1 0.082480 10.0
 97 99 11  1 1 0.020500 10.0
 97 99 12  1 1 0.044150 10.0
 97 99 13  1 1 0.061030 10.0
 97 99 14  1 1 0.073670 10.0
 97 99 15  1 1 0.082630 10.0
 97 99 16  1 1 0.091090 10.0
 97 99 17  1 1 0.095660 10.0
 97 99 18  1 1 0.089680 10.0
 97 100 11  1 1 0.025320 10.0
 97 100 12  1 1 0.038160 10.0
 97 100 13  1 1 0.050970 10.0
 97 100 14  1 1 0.068370 10.0
 97 100 15  1 1 0.079570 10.0
 97 100 16  1 1 0.084140 10.0
 97 100 17  1 1 0.094370 10.0
 97 100 18  1 1 0.097620 10.0
 98 1 11  1 1 0.022840 10.0
 98 1 12  1 1 0.036510 10.0
 98 1 13  1 1 0.042940 10.0
 98 1 14  1 1 0.053580 10.0
 98 1 15  1 1 0.055610 10.0
 98 1 16  1 1 0.036000 10.0
 98 2 10  1 1 0.042910 10.0
 98 2 11  1 1 0.061550 10.0
 98 2 12  1 1 0.074000 10.0
 98 2 13  1 1 0.084200 10.0
 98 2 14  1 1 0.092880 10.0
 98 2 15  1 1 0.098500 10.0
 98 2 16  1 1 0.097110 10.0
 98 2 17  1 1 0.076450 10.0
 98 3 9  1 1 0.020070 10.0
 98 3 10  1 1 0.032780 10.0
 98 3 11  1 1 0.042340 10.0
 98 3 12  1 1 0.053190 10.0
 98 3 13  1 1 0.065670 10.0
 98 3 14  1 1 0.078830 10.0
 98 3 15  1 1 0.092310 10.0
 98 3 16  1 1 0.097680 10.0
 98 3 17  1 1 0.085720 10.0
 98 3 18  1 1 0.014730 10.0
 98 4 11  1 1 0.018620 10.0
 98 4 12  1 1 0.035180 10.0
 98 4 13  1 1 0.050310 10.0
 98 4 14  1 1 0.066420 10.0
 98 4 15  1 1 0.083800 10.0
 98 4 16  1 1 0.093710 10.0
 98 4 17  1 1 0.091070 10.0
 98 4 18  1 1 0.046320 10.0
 98 5 13  1 1 0.007030 10.0
 98 5 14  1 1 0.024770 10.0
 98 5 15  1 1 0.058830 10.0
 98 5 16  1 1 0.050290 10.0
 98 46 8  1 1 0.036350 10.0
 98 46 9  1 1 0.041730 10.0
 98 46 10  1 1 0.028010 10.0
 98 47 7  1 1 0.051010 10.0
 98 47 8  1 1 0.071540 10.0
 98 47 9  1 1 0.080780 10.0
 98 47 10  1 1 0.085250 10.0
 98 47 11  1 1 0.076150 10.0
 98 47 12  1 1 0.036080 10.0
 98 48 7  1 1 0.028320 10.0
 98 48 8  1 1 0.046410 10.0
 98 48 9  1 1 0.061450 10.0
 98 48 10  1 1 0.074850 10.0
 98 48 11  1 1 0.078920 10.0
 98 48 12  1 1 0.075010 10.0
 98 49 4  1 1 0.020930 10.0
 98 49 5  1 1 0.038610 10.0
 98 49 6  1 1 0.047050 10.0
 98 49 7  1 1 0.052830 10.0
 98 49 8  1 1 0.056880 10.0
 98 49 9  1 1 0.059580 10.0
 98 49 10  1 1 0.058990 10.0
 98 49 11  1 1 0.053010 10.0
 98 49 12  1 1 0.045230 10.0
 98 49 13  1 1 0.009540 10.0
 98 50 3  1 1 0.017710 10.0
 98 50 4  1 1 0.033180 10.0
 98 50 5  1 1 0.044610 10.0
 98 50 6  1 1 0.047750 10.0
 98 50 7  1 1 0.047290 10.0
 98 50 8  1 1 0.047910 10.0
 98 50 9  1 1 0.050490 10.0
 98 50 10  1 1 0.048050 10.0
 98 50 11  1 1 0.035050 10.0
 98 50 12  1 1 0.009830 10.0
 98 51 5  1 1 0.017070 10.0
 98 51 6  1 1 0.023570 10.0
 98 51 7  1 1 0.027940 10.0
 98 51 8  1 1 0.036080 10.0
 98 51 9  1 1 0.044920 10.0
 98 51 10  1 1 0.044010 10.0
 98 51 11  1 1 0.021090 10.0
 98 52 4  1 1 0.020920 10.0
 98 52 5  1 1 0.040260 10.0
 98 52 6  1 1 0.050280 10.0
 98 52 7  1 1 0.056170 10.0
 98 52 8  1 1 0.062180 10.0
 98 52 9  1 1 0.071480 10.0
 98 52 10  1 1 0.068120 10.0
 98 52 11  1 1 0.036510 10.0
 98 52 12  1 1 0.006130 10.0
 98 53 3  1 1 0.009010 10.0
 98 53 4  1 1 0.032640 10.0
 98 53 5  1 1 0.044880 10.0
 98 53 6  1 1 0.057910 10.0
 98 53 7  1 1 0.071580 10.0
 98 53 8  1 1 0.081200 10.0
 98 53 9  1 1 0.090260 10.0
 98 53 10  1 1 0.082800 10.0
 98 54 3  1 1 0.001230 10.0
 98 54 6  1 1 0.005590 10.0
 98 54 7  1 1 0.040130 10.0
 98 54 8  1 1 0.070210 10.0
 98 54 9  1 1 0.085410 10.0
 98 54 10  1 1 0.071170 10.0
 98 55 8  1 1 0.019970 10.0
 98 55 9  1 1 0.024560 10.0
 98 59 21  1 1 0.001030 10.0
 98 59 22  1 1 0.023810 10.0
 98 60 4  1 1 0.000120 10.0
 98 61 4  1 1 0.006750 10.0
 98 87 17  1 1 0.029630 10.0
 98 87 18  1 1 0.063910 10.0
 98 87 19  1 1 0.085410 10.0
 98 87 20  1 1 0.098560 10.0
 98 87 21  1 1 0.107810 10.0
 98 87 22  1 1 0.115520 10.0
 98 87 23  1 1 0.120370 10.0
 98 87 24  1 1 0.121220 10.0
 98 87 25  1 1 0.122420 10.0
 98 87 26  1 1 0.119050 10.0
 98 87 27  1 1 0.096320 10.0
 98 87 28  1 1 0.058540 10.0
 98 88 16  1 1 0.030960 10.0
 98 88 17  1 1 0.050630 10.0
 98 88 18  1 1 0.067320 10.0
 98 88 19  1 1 0.082850 10.0
 98 88 20  1 1 0.097290 10.0
 98 88 21  1 1 0.110650 10.0
 98 88 22  1 1 0.122240 10.0
 98 88 23  1 1 0.132660 10.0
 98 88 24  1 1 0.142230 10.0
 98 88 25  1 1 0.150730 10.0
 98 88 26  1 1 0.157670 10.0
 98 88 27  1 1 0.162850 10.0
 98 88 28  1 1 0.163820 10.0
 98 88 29  1 1 0.147150 10.0
 98 88 30  1 1 0.024310 10.0
 98 89 17  1 1 0.037250 10.0
 98 89 18  1 1 0.061650 10.0
 98 89 19  1 1 0.081050 10.0
 98 89 20  1 1 0.096720 10.0
 98 89 21  1 1 0.109200 10.0
 98 89 22  1 1 0.119040 10.0
 98 89 23  1 1 0.128190 10.0
 98 89 24  1 1 0.137680 10.0
 98 89 25  1 1 0.146850 10.0
 98 89 26  1 1 0.155550 10.0
 98 89 27  1 1 0.162650 10.0
 98 89 28  1 1 0.162240 10.0
 98 89 29  1 1 0.145980 10.0
 98 89 30  1 1 0.104480 10.0
 98 90 17  1 1 0.031280 10.0
 98 90 18  1 1 0.059800 10.0
 98 90 19  1 1 0.078780 10.0
 98 90 20  1 1 0.092280 10.0
 98 90 21  1 1 0.102770 10.0
 98 90 22  1 1 0.110650 10.0
 98 90 23  1 1 0.118850 10.0
 98 90 24  1 1 0.128050 10.0
 98 90 25  1 1 0.138180 10.0
 98 90 26  1 1 0.147340 10.0
 98 90 27  1 1 0.150150 10.0
 98 90 28  1 1 0.141630 10.0
 98 90 29  1 1 0.102640 10.0
 98 91 17  1 1 0.049150 10.0
 98 91 18  1 1 0.068910 10.0
 98 91 19  1 1 0.077790 10.0
 98 91 20  1 1 0.081750 10.0
 98 91 21  1 1 0.086880 10.0
 98 91 22  1 1 0.093090 10.0
 98 91 23  1 1 0.100020 10.0
 98 91 24  1 1 0.108040 10.0
 98 91 25  1 1 0.121480 10.0
 98 91 26  1 1 0.132010 10.0
 98 91 27  1 1 0.120620 10.0
 98 91 28  1 1 0.080310 10.0
 98 91 29  1 1 0.044610 10.0
 98 92 16  1 1 0.020670 10.0
 98 92 17  1 1 0.053420 10.0
 98 92 18  1 1 0.061940 10.0
 98 92 19  1 1 0.062520 10.0
 98 92 20  1 1 0.064790 10.0
 98 92 21  1 1 0.068450 10.0
 98 92 22  1 1 0.065610 10.0
 98 92 23  1 1 0.058950 10.0
 98 92 24  1 1 0.055450 10.0
 98 92 25  1 1 0.057510 10.0
 98 92 26  1 1 0.062260 10.0
 98 92 27  1 1 0.064660 10.0
 98 92 28  1 1 0.069320 10.0
 98 92 29  1 1 0.069700 10.0
 98 92 30  1 1 0.030070 10.0
 98 93 19  1 1 0.003040 10.0
 98 93 20  1 1 0.022480 10.0
 98 93 21  1 1 0.023810 10.0
 98 93 22  1 1 0.012880 10.0
 98 93 23  1 1 0.004570 10.0
 98 93 24  1 1 0.009260 10.0
 98 93 25  1 1 0.017070 10.0
 98 93 26  1 1 0.028920 10.0
 98 93 27  1 1 0.041580 10.0
 98 93 28  1 1 0.021710 10.0
 98 97 11  1 1 0.022840 10.0
 98 97 12  1 1 0.036510 10.0
 98 97 13  1 1 0.042940 10.0
 98 97 14  1 1 0.053580 10.0
 98 97 15  1 1 0.055610 10.0
 98 97 16  1 1 0.036000 10.0
 98 98 10  1 1 0.042910 10.0
 98 98 11  1 1 0.061550 10.0
 98 98 12  1 1 0.074000 10.0
 98 98 13  1 1 0.084200 10.0
 98 98 14  1 1 0.092880 10.0
 98 98 15  1 1 0.098500 10.0
 98 98 16  1 1 0.097110 10.0
 98 98 17  1 1 0.076450 10.0
 98 99 9  1 1 0.020070 10.0
 98 99 10  1 1 0.032780 10.0
 98 99 11  1 1 0.042340 10.0
 98 99 12  1 1 0.053190 10.0
 98 99 13  1 1 0.065670 10.0
 98 99 14  1 1 0.078830 10.0
 98 99 15  1 1 0.092310 10.0
 98 99 16  1 1 0.097680 10.0
 98 99 17  1 1 0.085720 10.0
 98 99 18  1 1 0.014730 10.0
 98 100 11  1 1 0.018620 10.0
 98 100 12  1 1 0.035180 10.0
 98 100 13  1 1 0.050310 10.0
 98 100 14  1 1 0.066420 10.0
 98 100 15  1 1 0.083800 10.0
 98 100 16  1 1 0.093710 10.0
 98 100 17  1 1 0.091070 10.0
 98 100 18  1 1 0.046320 10.0
 99 1 10  1 1 0.043060 10.0
 99 1 11  1 1 0.061170 10.0
 99 1 12  1 1 0.073080 10.0
 99 1 13  1 1 0.082130 10.0
 99 1 14  1 1 0.088690 10.0
 99 1 15  1 1 0.087540 10.0
 99 1 16  1 1 0.067680 10.0
 99 2 9  1 1 0.034070 10.0
 99 2 10  1 1 0.046500 10.0
 99 2 11  1 1 0.050870 10.0
 99 2 12  1 1 0.054170 10.0
 99 2 13  1 1 0.062280 10.0
 99 2 14  1 1 0.073820 10.0
 99 2 15  1 1 0.087070 10.0
 99 2 16  1 1 0.094230 10.0
 99 2 17  1 1 0.088800 10.0
 99 2 18  1 1 0.068760 10.0
 99 3 7  1 1 0.003370 10.0
 99 3 8  1 1 0.008720 10.0
 99 3 12  1 1 0.012880 10.0
 99 3 13  1 1 0.038130 10.0
 99 3 14  1 1 0.057350 10.0
 99 3 15  1 1 0.076020 10.0
 99 3 16  1 1 0.090470 10.0
 99 3 17  1 1 0.092360 10.0
 99 3 18  1 1 0.066460 10.0
 99 4 13  1 1 0.032230 10.0
 99 4 14  1 1 0.050760 10.0
 99 4 15  1 1 0.073170 10.0
 99 4 16  1 1 0.090830 10.0
 99 4 17  1 1 0.092530 10.0
 99 4 18  1 1 0.064180 10.0
 99 5 15  1 1 0.008970 10.0
 99 5 16  1 1 0.070060 10.0
 99 5 17  1 1 0.046100 10.0
 99 38 23  1 1 0.011310 10.0
 99 39 23  1 1 0.041590 10.0
 99 39 24  1 1 0.046070 10.0
 99 46 8  1 1 0.026860 10.0
 99 46 9  1 1 0.017300 10.0
 99 47 6  1 1 0.017260 10.0
 99 47 7  1 1 0.052240 10.0
 99 47 8  1 1 0.068550 10.0
 99 47 9  1 1 0.076280 10.0
 99 47 10  1 1 0.073960 10.0
 99 47 11  1 1 0.058060 10.0
 99 48 6  1 1 0.018970 10.0
 99 48 7  1 1 0.040000 10.0
 99 48 8  1 1 0.052390 10.0
 99 48 9  1 1 0.063370 10.0
 99 48 10  1 1 0.075650 10.0
 99 48 11  1 1 0.077950 10.0
 99 48 12  1 1 0.053010 10.0
 99 49 4  1 1 0.011270 10.0
 99 49 5  1 1 0.031280 10.0
 99 49 6  1 1 0.039920 10.0
 99 49 7  1 1 0.045780 10.0
 99 49 8  1 1 0.049650 10.0
 99 49 9  1 1 0.051730 10.0
 99 49 10  1 1 0.054870 10.0
 99 49 11  1 1 0.056190 10.0
 99 50 3  1 1 0.020380 10.0
 99 50 4  1 1 0.029440 10.0
 99 50 5  1 1 0.031510 10.0
 99 50 6  1 1 0.031130 10.0
 99 50 7  1 1 0.028830 10.0
 99 50 8  1 1 0.026940 10.0
 99 50 9  1 1 0.026660 10.0
 99 50 10  1 1 0.025710 10.0
 99 50 11  1 1 0.018460 10.0
 99 53 5  1 1 0.015760 10.0
 99 53 6  1 1 0.023410 10.0
 99 61 3  1 1 0.009010 10.0
 99 86 24  1 1 0.023530 10.0
 99 86 25  1 1 0.039000 10.0
 99 86 26  1 1 0.024850 10.0
 99 87 18  1 1 0.024270 10.0
 99 87 19  1 1 0.056790 10.0
 99 87 20  1 1 0.075600 10.0
 99 87 21  1 1 0.087960 10.0
 99 87 22  1 1 0.098540 10.0
 99 87 23  1 1 0.110820 10.0
 99 87 24  1 1 0.123740 10.0
 99 87 25  1 1 0.136150 10.0
 99 87 26  1 1 0.144520 10.0
 99 87 27  1 1 0.143050 10.0
 99 87 28  1 1 0.125670 10.0
 99 87 29  1 1 0.088610 10.0
 99 88 15  1 1 0.016870 10.0
 99 88 16  1 1 0.034660 10.0
 99 88 17  1 1 0.050900 10.0
 99 88 18  1 1 0.068110 10.0
 99 88 19  1 1 0.087240 10.0
 99 88 20  1 1 0.104270 10.0
 99 88 21  1 1 0.116930 10.0
 99 88 22  1 1 0.125370 10.0
 99 88 23  1 1 0.130870 10.0
 99 88 24  1 1 0.134770 10.0
 99 88 25  1 1 0.139480 10.0
 99 88 26  1 1 0.145880 10.0
 99 88 27  1 1 0.154430 10.0
 99 88 28  1 1 0.162580 10.0
 99 88 29  1 1 0.164580 10.0
 99 88 30  1 1 0.151140 10.0
 99 88 31  1 1 0.093380 10.0
 99 89 15  1 1 0.019340 10.0
 99 89 16  1 1 0.047590 10.0
 99 89 17  1 1 0.065850 10.0
 99 89 18  1 1 0.079780 10.0
 99 89 19  1 1 0.092560 10.0
 99 89 20  1 1 0.104830 10.0
 99 89 21  1 1 0.116100 10.0
 99 89 22  1 1 0.125830 10.0
 99 89 23  1 1 0.134810 10.0
 99 89 24  1 1 0.143590 10.0
 99 89 25  1 1 0.152340 10.0
 99 89 26  1 1 0.160250 10.0
 99 89 27  1 1 0.167030 10.0
 99 89 28  1 1 0.171300 10.0
 99 89 29  1 1 0.169890 10.0
 99 89 30  1 1 0.161380 10.0
 99 89 31  1 1 0.141760 10.0
 99 89 32  1 1 0.093960 10.0
 99 90 15  1 1 0.014690 10.0
 99 90 16  1 1 0.059160 10.0
 99 90 17  1 1 0.081000 10.0
 99 90 18  1 1 0.093480 10.0
 99 90 19  1 1 0.102610 10.0
 99 90 20  1 1 0.109280 10.0
 99 90 21  1 1 0.114170 10.0
 99 90 22  1 1 0.119610 10.0
 99 90 23  1 1 0.126460 10.0
 99 90 24  1 1 0.135180 10.0
 99 90 25  1 1 0.144570 10.0
 99 90 26  1 1 0.154260 10.0
 99 90 27  1 1 0.162300 10.0
 99 90 28  1 1 0.165160 10.0
 99 90 29  1 1 0.158950 10.0
 99 90 30  1 1 0.150040 10.0
 99 90 31  1 1 0.139990 10.0
 99 90 32  1 1 0.104600 10.0
 99 91 15  1 1 0.022110 10.0
 99 91 16  1 1 0.072660 10.0
 99 91 17  1 1 0.091810 10.0
 99 91 18  1 1 0.099570 10.0
 99 91 19  1 1 0.102190 10.0
 99 91 20  1 1 0.101070 10.0
 99 91 21  1 1 0.100620 10.0
 99 91 22  1 1 0.105630 10.0
 99 91 23  1 1 0.114440 10.0
 99 91 24  1 1 0.124300 10.0
 99 91 25  1 1 0.135790 10.0
 99 91 26  1 1 0.148740 10.0
 99 91 27  1 1 0.156080 10.0
 99 91 28  1 1 0.153990 10.0
 99 91 29  1 1 0.153530 10.0
 99 91 30  1 1 0.158180 10.0
 99 91 31  1 1 0.156970 10.0
 99 91 32  1 1 0.130030 10.0
 99 92 15  1 1 0.013990 10.0
 99 92 16  1 1 0.081120 10.0
 99 92 17  1 1 0.098640 10.0
 99 92 18  1 1 0.100960 10.0
 99 92 19  1 1 0.092130 10.0
 99 92 20  1 1 0.080360 10.0
 99 92 21  1 1 0.079300 10.0
 99 92 22  1 1 0.091200 10.0
 99 92 23  1 1 0.106870 10.0
 99 92 24  1 1 0.117760 10.0
 99 92 25  1 1 0.128110 10.0
 99 92 26  1 1 0.136230 10.0
 99 92 27  1 1 0.143910 10.0
 99 92 28  1 1 0.155870 10.0
 99 92 29  1 1 0.167090 10.0
 99 92 30  1 1 0.169890 10.0
 99 92 31  1 1 0.141510 10.0
 99 93 16  1 1 0.056940 10.0
 99 93 17  1 1 0.074130 10.0
 99 93 18  1 1 0.066860 10.0
 99 93 19  1 1 0.049630 10.0
 99 93 20  1 1 0.045060 10.0
 99 93 21  1 1 0.051300 10.0
 99 93 22  1 1 0.070520 10.0
 99 93 23  1 1 0.093970 10.0
 99 93 24  1 1 0.109690 10.0
 99 93 25  1 1 0.128930 10.0
 99 93 26  1 1 0.152740 10.0
 99 93 27  1 1 0.173010 10.0
 99 93 28  1 1 0.181820 10.0
 99 93 29  1 1 0.167500 10.0
 99 93 30  1 1 0.086470 10.0
 99 94 23  1 1 0.039270 10.0
 99 94 24  1 1 0.058950 10.0
 99 94 25  1 1 0.074340 10.0
 99 94 26  1 1 0.082630 10.0
 99 94 27  1 1 0.083250 10.0
 99 94 28  1 1 0.057050 10.0
 99 96 12  1 1 0.011400 10.0
 99 96 13  1 1 0.028530 10.0
 99 96 14  1 1 0.026390 10.0
 99 97 10  1 1 0.043060 10.0
 99 97 11  1 1 0.061170 10.0
 99 97 12  1 1 0.073080 10.0
 99 97 13  1 1 0.082130 10.0
 99 97 14  1 1 0.088690 10.0
 99 97 15  1 1 0.087540 10.0
 99 97 16  1 1 0.067680 10.0
 99 98 9  1 1 0.034070 10.0
 99 98 10  1 1 0.046500 10.0
 99 98 11  1 1 0.050870 10.0
 99 98 12  1 1 0.054170 10.0
 99 98 13  1 1 0.062280 10.0
 99 98 14  1 1 0.073820 10.0
 99 98 15  1 1 0.087070 10.0
 99 98 16  1 1 0.094230 10.0
 99 98 17  1 1 0.088800 10.0
 99 98 18  1 1 0.068760 10.0
 99 99 7  1 1 0.003370 10.0
 99 99 8  1 1 0.008720 10.0
 99 99 12  1 1 0.012880 10.0
 99 99 13  1 1 0.038130 10.0
 99 99 14  1 1 0.057350 10.0
 99 99 15  1 1 0.076020 10.0
 99 99 16  1 1 0.090470 10.0
 99 99 17  1 1 0.092360 10.0
 99 99 18  1 1 0.066460 10.0
 99 100 13  1 1 0.032230 10.0
 99 100 14  1 1 0.050760 10.0
 99 100 15  1 1 0.073170 10.0
 99 100 16  1 1 0.090830 10.0
 99 100 17  1 1 0.092530 10.0
 99 100 18  1 1 0.064180 10.0
 100 1 9  1 1 0.032420 10.0
 100 1 10  1 1 0.047640 10.0
 100 1 11  1 1 0.056790 10.0
 100 1 12  1 1 0.062640 10.0
 100 1 13  1 1 0.066620 10.0
 100 1 14  1 1 0.071030 10.0
 100 1 15  1 1 0.077070 10.0
 100 1 16  1 1 0.080180 10.0
 100 1 17  1 1 0.062500 10.0
 100 1 18  1 1 0.034760 10.0
 100 1 19  1 1 0.026900 10.0
 100 1 20  1 1 0.038920 10.0
 100 1 21  1 1 0.032430 10.0
 100 2 7  1 1 0.020270 10.0
 100 2 8  1 1 0.033580 10.0
 100 2 9  1 1 0.036720 10.0
 100 2 10  1 1 0.030150 10.0
 100 2 11  1 1 0.017180 10.0
 100 2 12  1 1 0.012220 10.0
 100 2 13  1 1 0.025540 10.0
 100 2 14  1 1 0.043720 10.0
 100 2 15  1 1 0.064620 10.0
 100 2 16  1 1 0.083660 10.0
 100 2 17  1 1 0.094280 10.0
 100 2 18  1 1 0.097160 10.0
 100 2 19  1 1 0.082310 10.0
 100 2 20  1 1 0.050380 10.0
 100 2 21  1 1 0.027170 10.0
 100 3 13  1 1 0.026000 10.0
 100 3 14  1 1 0.054270 10.0
 100 3 15  1 1 0.072020 10.0
 100 3 16  1 1 0.085580 10.0
 100 3 17  1 1 0.094950 10.0
 100 3 18  1 1 0.093590 10.0
 100 3 19  1 1 0.065350 10.0
 100 4 14  1 1 0.024820 10.0
 100 4 15  1 1 0.047800 10.0
 100 4 16  1 1 0.074340 10.0
 100 4 17  1 1 0.091240 10.0
 100 4 18  1 1 0.087950 10.0
 100 6 26  1 1 0.052080 10.0
 100 6 27  1 1 0.081720 10.0
 100 6 28  1 1 0.049890 10.0
 100 7 25  1 1 0.108450 10.0
 100 7 26  1 1 0.138600 10.0
 100 7 27  1 1 0.122160 10.0
 100 8 26  1 1 0.019630 10.0
 100 37 22  1 1 0.075580 10.0
 100 37 23  1 1 0.108670 10.0
 100 37 24  1 1 0.118980 10.0
 100 37 25  1 1 0.113410 10.0
 100 37 26  1 1 0.080670 10.0
 100 38 20  1 1 0.023840 10.0
 100 38 21  1 1 0.077430 10.0
 100 38 22  1 1 0.096490 10.0
 100 38 23  1 1 0.110840 10.0
 100 38 24  1 1 0.124360 10.0
 100 38 25  1 1 0.130540 10.0
 100 38 26  1 1 0.115560 10.0
 100 38 27  1 1 0.035360 10.0
 100 39 19  1 1 0.027660 10.0
 100 39 20  1 1 0.084100 10.0
 100 39 21  1 1 0.099380 10.0
 100 39 22  1 1 0.099070 10.0
 100 39 23  1 1 0.097400 10.0
 100 39 24  1 1 0.103210 10.0
 100 39 25  1 1 0.116930 10.0
 100 39 26  1 1 0.125200 10.0
 100 39 27  1 1 0.049500 10.0
 100 40 17  1 1 0.030310 10.0
 100 40 18  1 1 0.067800 10.0
 100 40 19  1 1 0.093050 10.0
 100 40 20  1 1 0.100240 10.0
 100 40 21  1 1 0.091300 10.0
 100 40 22  1 1 0.065370 10.0
 100 40 23  1 1 0.052340 10.0
 100 40 24  1 1 0.052510 10.0
 100 40 25  1 1 0.029530 10.0
 100 41 16  1 1 0.043640 10.0
 100 41 17  1 1 0.059050 10.0
 100 41 18  1 1 0.059360 10.0
 100 41 19  1 1 0.052520 10.0
 100 41 20  1 1 0.041450 10.0
 100 41 21  1 1 0.016090 10.0
 100 46 7  1 1 0.026800 10.0
 100 46 8  1 1 0.038420 10.0
 100 47 6  1 1 0.018220 10.0
 100 47 7  1 1 0.062340 10.0
 100 47 8  1 1 0.070820 10.0
 100 47 9  1 1 0.072650 10.0
 100 47 10  1 1 0.058810 10.0
 100 47 11  1 1 0.027630 10.0
 100 48 6  1 1 0.029040 10.0
 100 48 7  1 1 0.047640 10.0
 100 48 8  1 1 0.061330 10.0
 100 48 9  1 1 0.072870 10.0
 100 48 10  1 1 0.081220 10.0
 100 48 11  1 1 0.076520 10.0
 100 49 5  1 1 0.026040 10.0
 100 49 6  1 1 0.038670 10.0
 100 49 7  1 1 0.048230 10.0
 100 49 8  1 1 0.054970 10.0
 100 49 9  1 1 0.059940 10.0
 100 49 10  1 1 0.061410 10.0
 100 49 11  1 1 0.044130 10.0
 100 50 3  1 1 0.022850 10.0
 100 50 4  1 1 0.036920 10.0
 100 50 5  1 1 0.037280 10.0
 100 50 6  1 1 0.037850 10.0
 100 50 7  1 1 0.038120 10.0
 100 50 8  1 1 0.038860 10.0
 100 50 9  1 1 0.044280 10.0
 100 50 10  1 1 0.048990 10.0
 100 50 11  1 1 0.041590 10.0
 100 50 12  1 1 0.035130 10.0
 100 50 13  1 1 0.030810 10.0
 100 50 14  1 1 0.015670 10.0
 100 51 3  1 1 0.012590 10.0
 100 51 4  1 1 0.002390 10.0
 100 51 11  1 1 0.004480 10.0
 100 51 12  1 1 0.022890 10.0
 100 51 13  1 1 0.042350 10.0
 100 51 14  1 1 0.043100 10.0
 100 51 15  1 1 0.015840 10.0
 100 60 19  1 1 0.003130 10.0
 100 60 20  1 1 0.014480 10.0
 100 87 19  1 1 0.021180 10.0
 100 87 20  1 1 0.034660 10.0
 100 87 21  1 1 0.030190 10.0
 100 87 22  1 1 0.018560 10.0
 100 87 23  1 1 0.024930 10.0
 100 87 24  1 1 0.047090 10.0
 100 87 25  1 1 0.077410 10.0
 100 87 26  1 1 0.106720 10.0
 100 87 27  1 1 0.122270 10.0
 100 87 28  1 1 0.121650 10.0
 100 87 29  1 1 0.103660 10.0
 100 87 30  1 1 0.068930 10.0
 100 88 16  1 1 0.011810 10.0
 100 88 17  1 1 0.043860 10.0
 100 88 18  1 1 0.070750 10.0
 100 88 19  1 1 0.096030 10.0
 100 88 20  1 1 0.112460 10.0
 100 88 21  1 1 0.120620 10.0
 100 88 22  1 1 0.120570 10.0
 100 88 23  1 1 0.113090 10.0
 100 88 24  1 1 0.103210 10.0
 100 88 25  1 1 0.099440 10.0
 100 88 26  1 1 0.105860 10.0
 100 88 27  1 1 0.123120 10.0
 100 88 28  1 1 0.141400 10.0
 100 88 29  1 1 0.156200 10.0
 100 88 30  1 1 0.164640 10.0
 100 88 31  1 1 0.159840 10.0
 100 88 32  1 1 0.142930 10.0
 100 88 33  1 1 0.047310 10.0
 100 89 3  1 1 0.018530 10.0
 100 89 14  1 1 0.002060 10.0
 100 89 15  1 1 0.035550 10.0
 100 89 16  1 1 0.052620 10.0
 100 89 17  1 1 0.067700 10.0
 100 89 18  1 1 0.082490 10.0
 100 89 19  1 1 0.095520 10.0
 100 89 20  1 1 0.104630 10.0
 100 89 21  1 1 0.110680 10.0
 100 89 22  1 1 0.116860 10.0
 100 89 23  1 1 0.125850 10.0
 100 89 24  1 1 0.135210 10.0
 100 89 25  1 1 0.141180 10.0
 100 89 26  1 1 0.142700 10.0
 100 89 27  1 1 0.146340 10.0
 100 89 28  1 1 0.155120 10.0
 100 89 29  1 1 0.164320 10.0
 100 89 30  1 1 0.170470 10.0
 100 89 31  1 1 0.170600 10.0
 100 89 32  1 1 0.163280 10.0
 100 89 33  1 1 0.151130 10.0
 100 89 34  1 1 0.090080 10.0
 100 90 3  1 1 0.016510 10.0
 100 90 15  1 1 0.043220 10.0
 100 90 16  1 1 0.060080 10.0
 100 90 17  1 1 0.072310 10.0
 100 90 18  1 1 0.083010 10.0
 100 90 19  1 1 0.091750 10.0
 100 90 20  1 1 0.097690 10.0
 100 90 21  1 1 0.102460 10.0
 100 90 22  1 1 0.107230 10.0
 100 90 23  1 1 0.115420 10.0
 100 90 24  1 1 0.125880 10.0
 100 90 25  1 1 0.134430 10.0
 100 90 26  1 1 0.141790 10.0
 100 90 27  1 1 0.150360 10.0
 100 90 28  1 1 0.162100 10.0
 100 90 29  1 1 0.171420 10.0
 100 90 30  1 1 0.176740 10.0
 100 90 31  1 1 0.176860 10.0
 100 90 32  1 1 0.172060 10.0
 100 90 33  1 1 0.159940 10.0
 100 90 34  1 1 0.101350 10.0
 100 91 15  1 1 0.046100 10.0
 100 91 16  1 1 0.060340 10.0
 100 91 17  1 1 0.068990 10.0
 100 91 18  1 1 0.077940 10.0
 100 91 19  1 1 0.088040 10.0
 100 91 20  1 1 0.098140 10.0
 100 91 21  1 1 0.102310 10.0
 100 91 22  1 1 0.103120 10.0
 100 91 23  1 1 0.115730 10.0
 100 91 24  1 1 0.134130 10.0
 100 91 25  1 1 0.144970 10.0
 100 91 26  1 1 0.150820 10.0
 100 91 27  1 1 0.155650 10.0
 100 91 28  1 1 0.159760 10.0
 100 91 29  1 1 0.166290 10.0
 100 91 30  1 1 0.172400 10.0
 100 91 31  1 1 0.169540 10.0
 100 91 32  1 1 0.157610 10.0
 100 91 33  1 1 0.158150 10.0
 100 92 14  1 1 0.004200 10.0
 100 92 15  1 1 0.063660 10.0
 100 92 16  1 1 0.082820 10.0
 100 92 17  1 1 0.092480 10.0
 100 92 18  1 1 0.101190 10.0
 100 92 19  1 1 0.107220 10.0
 100 92 20  1 1 0.106370 10.0
 100 92 21  1 1 0.090330 10.0
 100 92 22  1 1 0.075840 10.0
 100 92 23  1 1 0.101610 10.0
 100 92 24  1 1 0.133930 10.0
 100 92 25  1 1 0.148560 10.0
 100 92 26  1 1 0.153400 10.0
 100 92 27  1 1 0.155340 10.0
 100 92 28  1 1 0.158310 10.0
 100 92 29  1 1 0.160030 10.0
 100 92 30  1 1 0.157240 10.0
 100 92 31  1 1 0.143450 10.0
 100 92 32  1 1 0.106240 10.0
 100 93 14  1 1 0.020110 10.0
 100 93 15  1 1 0.067980 10.0
 100 93 16  1 1 0.091940 10.0
 100 93 17  1 1 0.105290 10.0
 100 93 18  1 1 0.111880 10.0
 100 93 19  1 1 0.108800 10.0
 100 93 20  1 1 0.091030 10.0
 100 93 21  1 1 0.041500 10.0
 100 93 23  1 1 0.083650 10.0
 100 93 24  1 1 0.119860 10.0
 100 93 25  1 1 0.134390 10.0
 100 93 26  1 1 0.139530 10.0
 100 93 27  1 1 0.142770 10.0
 100 93 28  1 1 0.148020 10.0
 100 93 29  1 1 0.155430 10.0
 100 93 30  1 1 0.157680 10.0
 100 94 13  1 1 0.001360 10.0
 100 94 14  1 1 0.053860 10.0
 100 94 15  1 1 0.076570 10.0
 100 94 16  1 1 0.088700 10.0
 100 94 17  1 1 0.095440 10.0
 100 94 18  1 1 0.093390 10.0
 100 94 19  1 1 0.074170 10.0
 100 94 20  1 1 0.011970 10.0
 100 94 24  1 1 0.068540 10.0
 100 94 25  1 1 0.091190 10.0
 100 94 26  1 1 0.113890 10.0
 100 94 27  1 1 0.121190 10.0
 100 94 28  1 1 0.103520 10.0
 100 94 29  1 1 0.052950 10.0
 100 95 12  1 1 0.013450 10.0
 100 95 13  1 1 0.045020 10.0
 100 95 14  1 1 0.063190 10.0
 100 95 15  1 1 0.070870 10.0
 100 95 16  1 1 0.069400 10.0
 100 95 17  1 1 0.068580 10.0
 100 95 18  1 1 0.055470 10.0
 100 96 10  1 1 0.015300 10.0
 100 96 11  1 1 0.042660 10.0
 100 96 12  1 1 0.060020 10.0
 100 96 13  1 1 0.072420 10.0
 100 96 14  1 1 0.080110 10.0
 100 96 15  1 1 0.078950 10.0
 100 96 16  1 1 0.065770 10.0
 100 96 17  1 1 0.051220 10.0
 100 96 18  1 1 0.050470 10.0
 100 96 19  1 1 0.045780 10.0
 100 96 20  1 1 0.034110 10.0
 100 97 9  1 1 0.032420 10.0
 100 97 10  1 1 0.047640 10.0
 100 97 11  1 1 0.056790 10.0
 100 97 12  1 1 0.062640 10.0
 100 97 13  1 1 0.066620 10.0
 100 97 14  1 1 0.071030 10.0
 100 97 15  1 1 0.077070 10.0
 100 97 16  1 1 0.080180 10.0
 100 97 17  1 1 0.062500 10.0
 100 97 18  1 1 0.034760 10.0
 100 97 19  1 1 0.026900 10.0
 100 97 20  1 1 0.038920 10.0
 100 97 21  1 1 0.032430 10.0
 100 98 7  1 1 0.020270 10.0
 100 98 8  1 1 0.033580 10.0
 100 98 9  1 1 0.036720 10.0
 100 98 10  1 1 0.030150 10.0
 100 98 11  1 1 0.017180 10.0
 100 98 12  1 1 0.012220 10.0
 100 98 13  1 1 0.025540 10.0
 100 98 14  1 1 0.043720 10.0
 100 98 15  1 1 0.064620 10.0
 100 98 16  1 1 0.083660 10.0
 100 98 17  1 1 0.094280 10.0
 100 98 18  1 1 0.097160 10.0
 100 98 19  1 1 0.082310 10.0
 100 98 20  1 1 0.050380 10.0
 100 98 21  1 1 0.027170 10.0
 100 99 13  1 1 0.026000 10.0
 100 99 14  1 1 0.054270 10.0
 100 99 15  1 1 0.072020 10.0
 100 99 16  1 1 0.085580 10.0
 100 99 17  1 1 0.094950 10.0
 100 99 18  1 1 0.093590 10.0
 100 99 19  1 1 0.065350 10.0
 100 100 14  1 1 0.024820 10.0
 100 100 15  1 1 0.047800 10.0
 100 100 16  1 1 0.074340 10.0
 100 100 17  1 1 0.091240 10.0
 100 100 18  1 1 0.087950 10.0
